order_id,account_id,city,street,building,unit,postcode,family_token,order_date
ORD-0000001,ACC-000001,NORTH CITY,Cedar St. 1,Bldg-1,Apt ۱,PC 1 0001,FAM-00001,2025-02-25
ORD-0000002,ACC-000001,NORTH CITY,Cedar St. 1,Bldg-1,Apt ۱,PC 1 0001,FAM-00001,2025-12-16
ORD-0000003,ACC-000001,NORTH CITY,Cedar St. 1,Bldg-1,Apt ۱,PC 1 0001,FAM-00001,2025-06-02
ORD-0000004,ACC-000001,NORTH CITY,Cedar St. 1,Bldg-1,Apt ۱,PC 1 0001,FAM-00001,2025-06-26
ORD-0000005,ACC-000001,NORTH CITY,Cedar St. 1,Bldg-1,Apt ۱,PC 1 0001,FAM-00001,2025-06-20
ORD-0000006,ACC-000002,North City,Cedar Street 1,Building 1,Unit 1,PC-1-0001,FAM-00001,2025-09-02
ORD-0000007,ACC-000002,North City,Cedar Street 1,Building 1,Unit 1,PC-1-0001,FAM-00001,2025-06-29
ORD-0000008,ACC-000002,North City,Cedar Street 1,Building 1,Unit 1,PC-1-0001,FAM-00001,2025-06-11
ORD-0000009,ACC-000002,North City,Cedar Street 1,Building 1,Unit 1,PC-1-0001,FAM-00001,2025-12-09
ORD-0000010,ACC-000002,North City,Cedar Street 1,Building 1,Unit 1,PC-1-0001,FAM-00001,2025-02-28
ORD-0000011,ACC-000003,NORTH CITY,Cedar St. 1,Bldg-1,Apt ۲,PC 1 0001,FAM-00002,2025-11-07
ORD-0000012,ACC-000003,NORTH CITY,Cedar St. 1,Bldg-1,Apt ۲,PC 1 0001,FAM-00002,2025-06-10
ORD-0000013,ACC-000003,NORTH CITY,Cedar St. 1,Bldg-1,Apt ۲,PC 1 0001,FAM-00002,2025-04-14
ORD-0000014,ACC-000003,NORTH CITY,Cedar St. 1,Bldg-1,Apt ۲,PC 1 0001,FAM-00002,2025-01-08
ORD-0000015,ACC-000004,North City,Cedr St 1,B ۱,۲,,FAM-00002,2025-09-01
ORD-0000016,ACC-000004,North City,Cedr St 1,B ۱,۲,,FAM-00002,2025-09-03
ORD-0000017,ACC-000005,NORTH CITY,Cedar St. 1,Bldg-1,Apt ۳,PC 1 0001,FAM-X-000005,2025-09-23
ORD-0000018,ACC-000005,NORTH CITY,Cedar St. 1,Bldg-1,Apt ۳,PC 1 0001,FAM-X-000005,2025-12-09
ORD-0000019,ACC-000005,NORTH CITY,Cedar St. 1,Bldg-1,Apt ۳,PC 1 0001,FAM-X-000005,2025-10-08
ORD-0000020,ACC-000005,NORTH CITY,Cedar St. 1,Bldg-1,Apt ۳,PC 1 0001,FAM-X-000005,2025-04-28
ORD-0000021,ACC-000006,North City,Cedar Street 1,Building 1,Unit 4,PC-1-0001,FAM-00004,2025-07-19
ORD-0000022,ACC-000006,North City,Cedar Street 1,Building 1,Unit 4,PC-1-0001,FAM-00004,2025-05-16
ORD-0000023,ACC-000007,North City,Cedar S 1,B ۱,۴,PC10001,FAM-00004,2025-08-15
ORD-0000024,ACC-000007,North City,Cedar S 1,B ۱,۴,PC10001,FAM-00004,2025-07-07
ORD-0000025,ACC-000007,North City,Cedar S 1,B ۱,۴,PC10001,FAM-00004,2025-11-27
ORD-0000026,ACC-000008,North City,Cdar St 1,B ۱,,,FAM-00004,2025-12-29
ORD-0000027,ACC-000008,North City,Cdar St 1,B ۱,,,FAM-00004,2025-02-25
ORD-0000028,ACC-000008,North City,Cdar St 1,B ۱,,,FAM-00004,2025-11-22
ORD-0000029,ACC-000008,North City,Cdar St 1,B ۱,,,FAM-00004,2025-02-03
ORD-0000030,ACC-000008,North City,Cdar St 1,B ۱,,,FAM-00004,2025-10-01
ORD-0000031,ACC-000009,North City,edar St 1,B ۱,۴,,FAM-00004,2025-05-03
ORD-0000032,ACC-000009,North City,edar St 1,B ۱,۴,,FAM-00004,2025-08-30
ORD-0000033,ACC-000009,North City,edar St 1,B ۱,۴,,FAM-00004,2025-05-30
ORD-0000034,ACC-000009,North City,edar St 1,B ۱,۴,,FAM-00004,2025-05-17
ORD-0000035,ACC-000010,CENTRAL CITY,Maple St. 1,Bldg-2,Apt ۱,PC 2 0002,FAM-X-000010,2025-04-06
ORD-0000036,ACC-000010,CENTRAL CITY,Maple St. 1,Bldg-2,Apt ۱,PC 2 0002,FAM-X-000010,2025-01-02
ORD-0000037,ACC-000010,CENTRAL CITY,Maple St. 1,Bldg-2,Apt ۱,PC 2 0002,FAM-X-000010,2025-12-08
ORD-0000038,ACC-000011,Central City,Maple Street 1,Building 2,Unit 2,PC-2-0002,FAM-X-000011,2025-10-31
ORD-0000039,ACC-000011,Central City,Maple Street 1,Building 2,Unit 2,PC-2-0002,FAM-X-000011,2025-11-22
ORD-0000040,ACC-000012,CENTRAL CITY,Maple St. 1,Bldg-2,Apt ۳,PC 2 0002,FAM-X-000012,2025-09-20
ORD-0000041,ACC-000012,CENTRAL CITY,Maple St. 1,Bldg-2,Apt ۳,PC 2 0002,FAM-X-000012,2025-11-16
ORD-0000042,ACC-000013,CENTRAL CITY,Maple St. 1,Bldg-2,Apt ۴,PC 2 0002,FAM-X-000013,2025-10-11
ORD-0000043,ACC-000013,CENTRAL CITY,Maple St. 1,Bldg-2,Apt ۴,PC 2 0002,FAM-X-000013,2025-04-27
ORD-0000044,ACC-000013,CENTRAL CITY,Maple St. 1,Bldg-2,Apt ۴,PC 2 0002,FAM-X-000013,2025-12-21
ORD-0000045,ACC-000013,CENTRAL CITY,Maple St. 1,Bldg-2,Apt ۴,PC 2 0002,FAM-X-000013,2025-07-02
ORD-0000046,ACC-000013,CENTRAL CITY,Maple St. 1,Bldg-2,Apt ۴,PC 2 0002,FAM-X-000013,2025-07-02
ORD-0000047,ACC-000014,South City,Willow Street 1,Building 3,Unit 1,PC-3-0003,FAM-X-000014,2025-03-25
ORD-0000048,ACC-000014,South City,Willow Street 1,Building 3,Unit 1,PC-3-0003,FAM-X-000014,2025-04-12
ORD-0000049,ACC-000015,SOUTH CITY,Willow St. 1,Bldg-3,Apt ۲,PC 3 0003,FAM-00010,2025-10-07
ORD-0000050,ACC-000015,SOUTH CITY,Willow St. 1,Bldg-3,Apt ۲,PC 3 0003,FAM-00010,2025-08-01
ORD-0000051,ACC-000016,South City,Willow Street 1,Building 3,Unit 2,PC-3-0003,FAM-00010,2025-09-19
ORD-0000052,ACC-000016,South City,Willow Street 1,Building 3,Unit 2,PC-3-0003,FAM-00010,2025-01-31
ORD-0000053,ACC-000017,South City,Willow Street 1,Building 3,Unit 3,PC-3-0003,FAM-X-000017,2025-07-27
ORD-0000054,ACC-000017,South City,Willow Street 1,Building 3,Unit 3,PC-3-0003,FAM-X-000017,2025-12-05
ORD-0000055,ACC-000017,South City,Willow Street 1,Building 3,Unit 3,PC-3-0003,FAM-X-000017,2025-01-30
ORD-0000056,ACC-000017,South City,Willow Street 1,Building 3,Unit 3,PC-3-0003,FAM-X-000017,2025-05-26
ORD-0000057,ACC-000018,SOUTH CITY,Willow St. 1,Bldg-3,Apt ۴,PC 3 0003,FAM-X-000018,2025-08-30
ORD-0000058,ACC-000018,SOUTH CITY,Willow St. 1,Bldg-3,Apt ۴,PC 3 0003,FAM-X-000018,2025-04-25
ORD-0000059,ACC-000018,SOUTH CITY,Willow St. 1,Bldg-3,Apt ۴,PC 3 0003,FAM-X-000018,2025-12-15
ORD-0000060,ACC-000018,SOUTH CITY,Willow St. 1,Bldg-3,Apt ۴,PC 3 0003,FAM-X-000018,2025-07-10
ORD-0000061,ACC-000019,NORTH CITY,Oak St. 1,Bldg-4,Apt ۱,PC 1 0004,FAM-00013,2025-11-03
ORD-0000062,ACC-000019,NORTH CITY,Oak St. 1,Bldg-4,Apt ۱,PC 1 0004,FAM-00013,2025-02-08
ORD-0000063,ACC-000019,NORTH CITY,Oak St. 1,Bldg-4,Apt ۱,PC 1 0004,FAM-00013,2025-09-22
ORD-0000064,ACC-000020,NORTH CITY,Oak St. 1,Bldg-4,Apt ۱,PC 1 0004,FAM-X-000020,2025-03-02
ORD-0000065,ACC-000020,NORTH CITY,Oak St. 1,Bldg-4,Apt ۱,PC 1 0004,FAM-X-000020,2025-08-06
ORD-0000066,ACC-000021,North City,Oa St 1,B ۴,۱,PC10004,FAM-00013,2025-08-31
ORD-0000067,ACC-000021,North City,Oa St 1,B ۴,۱,PC10004,FAM-00013,2025-02-09
ORD-0000068,ACC-000021,North City,Oa St 1,B ۴,۱,PC10004,FAM-00013,2025-04-16
ORD-0000069,ACC-000022,North City,Oak S 1,B ۴,۲,,FAM-00013,2025-11-13
ORD-0000070,ACC-000022,North City,Oak S 1,B ۴,۲,,FAM-00013,2025-10-02
ORD-0000071,ACC-000022,North City,Oak S 1,B ۴,۲,,FAM-00013,2025-08-09
ORD-0000072,ACC-000022,North City,Oak S 1,B ۴,۲,,FAM-00013,2025-04-16
ORD-0000073,ACC-000022,North City,Oak S 1,B ۴,۲,,FAM-00013,2025-05-31
ORD-0000074,ACC-000023,NORTH CITY,Oak St. 1,Bldg-4,Apt ۲,PC 1 0004,FAM-X-000023,2025-08-26
ORD-0000075,ACC-000023,NORTH CITY,Oak St. 1,Bldg-4,Apt ۲,PC 1 0004,FAM-X-000023,2025-12-18
ORD-0000076,ACC-000024,North City,Oak Street 1,Building 4,Unit 3,PC-1-0004,FAM-00015,2025-11-03
ORD-0000077,ACC-000024,North City,Oak Street 1,Building 4,Unit 3,PC-1-0004,FAM-00015,2025-10-26
ORD-0000078,ACC-000024,North City,Oak Street 1,Building 4,Unit 3,PC-1-0004,FAM-00015,2025-12-17
ORD-0000079,ACC-000024,North City,Oak Street 1,Building 4,Unit 3,PC-1-0004,FAM-00015,2025-02-08
ORD-0000080,ACC-000024,North City,Oak Street 1,Building 4,Unit 3,PC-1-0004,FAM-00015,2025-11-18
ORD-0000081,ACC-000025,NORTH CITY,Oak St. 1,Bldg-4,Apt ۳,PC 1 0004,FAM-00015,2025-03-12
ORD-0000082,ACC-000025,NORTH CITY,Oak St. 1,Bldg-4,Apt ۳,PC 1 0004,FAM-00015,2025-10-29
ORD-0000083,ACC-000026,North City,Oak Street 1,Building 4,Unit 4,PC-1-0004,FAM-X-000026,2025-12-03
ORD-0000084,ACC-000026,North City,Oak Street 1,Building 4,Unit 4,PC-1-0004,FAM-X-000026,2025-08-07
ORD-0000085,ACC-000026,North City,Oak Street 1,Building 4,Unit 4,PC-1-0004,FAM-X-000026,2025-03-02
ORD-0000086,ACC-000026,North City,Oak Street 1,Building 4,Unit 4,PC-1-0004,FAM-X-000026,2025-02-26
ORD-0000087,ACC-000026,North City,Oak Street 1,Building 4,Unit 4,PC-1-0004,FAM-X-000026,2025-04-14
ORD-0000088,ACC-000027,Central City,Pine Street 1,Building 5,Unit 1,PC-2-0005,FAM-X-000027,2025-01-08
ORD-0000089,ACC-000027,Central City,Pine Street 1,Building 5,Unit 1,PC-2-0005,FAM-X-000027,2025-09-16
ORD-0000090,ACC-000027,Central City,Pine Street 1,Building 5,Unit 1,PC-2-0005,FAM-X-000027,2025-01-21
ORD-0000091,ACC-000027,Central City,Pine Street 1,Building 5,Unit 1,PC-2-0005,FAM-X-000027,2025-03-13
ORD-0000092,ACC-000028,CENTRAL CITY,Pine St. 1,Bldg-5,Apt ۲,PC 2 0005,FAM-X-000028,2025-07-08
ORD-0000093,ACC-000028,CENTRAL CITY,Pine St. 1,Bldg-5,Apt ۲,PC 2 0005,FAM-X-000028,2025-09-06
ORD-0000094,ACC-000029,CENTRAL CITY,Pine St. 1,Bldg-5,Apt ۳,PC 2 0005,FAM-X-000029,2025-07-04
ORD-0000095,ACC-000029,CENTRAL CITY,Pine St. 1,Bldg-5,Apt ۳,PC 2 0005,FAM-X-000029,2025-09-26
ORD-0000096,ACC-000029,CENTRAL CITY,Pine St. 1,Bldg-5,Apt ۳,PC 2 0005,FAM-X-000029,2025-11-16
ORD-0000097,ACC-000029,CENTRAL CITY,Pine St. 1,Bldg-5,Apt ۳,PC 2 0005,FAM-X-000029,2025-10-17
ORD-0000098,ACC-000029,CENTRAL CITY,Pine St. 1,Bldg-5,Apt ۳,PC 2 0005,FAM-X-000029,2025-11-07
ORD-0000099,ACC-000030,Central City,Pine Street 1,Building 5,Unit 4,PC-2-0005,FAM-X-000030,2025-03-28
ORD-0000100,ACC-000030,Central City,Pine Street 1,Building 5,Unit 4,PC-2-0005,FAM-X-000030,2025-03-25
ORD-0000101,ACC-000030,Central City,Pine Street 1,Building 5,Unit 4,PC-2-0005,FAM-X-000030,2025-04-02
ORD-0000102,ACC-000030,Central City,Pine Street 1,Building 5,Unit 4,PC-2-0005,FAM-X-000030,2025-08-23
ORD-0000103,ACC-000030,Central City,Pine Street 1,Building 5,Unit 4,PC-2-0005,FAM-X-000030,2025-07-28
ORD-0000104,ACC-000031,South City,Elm Street 1,Building 6,Unit 1,PC-3-0006,FAM-X-000031,2025-05-17
ORD-0000105,ACC-000031,South City,Elm Street 1,Building 6,Unit 1,PC-3-0006,FAM-X-000031,2025-12-04
ORD-0000106,ACC-000032,South City,El St 1,B ۶,,PC30006,FAM-X-000032,2025-02-06
ORD-0000107,ACC-000032,South City,El St 1,B ۶,,PC30006,FAM-X-000032,2025-11-02
ORD-0000108,ACC-000032,South City,El St 1,B ۶,,PC30006,FAM-X-000032,2025-11-04
ORD-0000109,ACC-000032,South City,El St 1,B ۶,,PC30006,FAM-X-000032,2025-10-20
ORD-0000110,ACC-000033,South City,Elm S 1,B ۶,۳,,FAM-X-000033,2025-10-12
ORD-0000111,ACC-000033,South City,Elm S 1,B ۶,۳,,FAM-X-000033,2025-09-27
ORD-0000112,ACC-000033,South City,Elm S 1,B ۶,۳,,FAM-X-000033,2025-02-19
ORD-0000113,ACC-000033,South City,Elm S 1,B ۶,۳,,FAM-X-000033,2025-10-29
ORD-0000114,ACC-000034,SOUTH CITY,Elm St. 1,Bldg-6,Apt ۳,PC 3 0006,FAM-X-000034,2025-12-19
ORD-0000115,ACC-000034,SOUTH CITY,Elm St. 1,Bldg-6,Apt ۳,PC 3 0006,FAM-X-000034,2025-11-10
ORD-0000116,ACC-000034,SOUTH CITY,Elm St. 1,Bldg-6,Apt ۳,PC 3 0006,FAM-X-000034,2025-11-01
ORD-0000117,ACC-000034,SOUTH CITY,Elm St. 1,Bldg-6,Apt ۳,PC 3 0006,FAM-X-000034,2025-06-18
ORD-0000118,ACC-000035,SOUTH CITY,Elm St. 1,Bldg-6,Apt ۳,PC 3 0006,FAM-X-000035,2025-08-22
ORD-0000119,ACC-000035,SOUTH CITY,Elm St. 1,Bldg-6,Apt ۳,PC 3 0006,FAM-X-000035,2025-04-02
ORD-0000120,ACC-000035,SOUTH CITY,Elm St. 1,Bldg-6,Apt ۳,PC 3 0006,FAM-X-000035,2025-04-08
ORD-0000121,ACC-000035,SOUTH CITY,Elm St. 1,Bldg-6,Apt ۳,PC 3 0006,FAM-X-000035,2025-01-23
ORD-0000122,ACC-000036,SOUTH CITY,Elm St. 1,Bldg-6,Apt ۳,PC 3 0006,FAM-X-000036,2025-03-02
ORD-0000123,ACC-000036,SOUTH CITY,Elm St. 1,Bldg-6,Apt ۳,PC 3 0006,FAM-X-000036,2025-06-02
ORD-0000124,ACC-000037,South City,Elm Street 1,Building 6,Unit 3,PC-3-0006,FAM-X-000037,2025-05-15
ORD-0000125,ACC-000037,South City,Elm Street 1,Building 6,Unit 3,PC-3-0006,FAM-X-000037,2025-07-04
ORD-0000126,ACC-000037,South City,Elm Street 1,Building 6,Unit 3,PC-3-0006,FAM-X-000037,2025-05-14
ORD-0000127,ACC-000038,SOUTH CITY,Elm St. 1,Bldg-6,Apt ۳,PC 3 0006,FAM-X-000038,2025-05-19
ORD-0000128,ACC-000038,SOUTH CITY,Elm St. 1,Bldg-6,Apt ۳,PC 3 0006,FAM-X-000038,2025-03-08
ORD-0000129,ACC-000038,SOUTH CITY,Elm St. 1,Bldg-6,Apt ۳,PC 3 0006,FAM-X-000038,2025-09-08
ORD-0000130,ACC-000039,South City,Elm S 1,B ۶,۴,,FAM-X-000039,2025-06-18
ORD-0000131,ACC-000039,South City,Elm S 1,B ۶,۴,,FAM-X-000039,2025-07-15
ORD-0000132,ACC-000039,South City,Elm S 1,B ۶,۴,,FAM-X-000039,2025-12-17
ORD-0000133,ACC-000040,NORTH CITY,Cedar St. 2,Bldg-7,Apt ۱,PC 1 0007,FAM-X-000040,2025-10-07
ORD-0000134,ACC-000040,NORTH CITY,Cedar St. 2,Bldg-7,Apt ۱,PC 1 0007,FAM-X-000040,2025-08-20
ORD-0000135,ACC-000040,NORTH CITY,Cedar St. 2,Bldg-7,Apt ۱,PC 1 0007,FAM-X-000040,2025-01-27
ORD-0000136,ACC-000040,NORTH CITY,Cedar St. 2,Bldg-7,Apt ۱,PC 1 0007,FAM-X-000040,2025-04-16
ORD-0000137,ACC-000040,NORTH CITY,Cedar St. 2,Bldg-7,Apt ۱,PC 1 0007,FAM-X-000040,2025-03-06
ORD-0000138,ACC-000041,North City,Cedar Street 2,Building 7,Unit 1,PC-1-0007,FAM-X-000041,2025-08-07
ORD-0000139,ACC-000041,North City,Cedar Street 2,Building 7,Unit 1,PC-1-0007,FAM-X-000041,2025-09-11
ORD-0000140,ACC-000041,North City,Cedar Street 2,Building 7,Unit 1,PC-1-0007,FAM-X-000041,2025-07-03
ORD-0000141,ACC-000041,North City,Cedar Street 2,Building 7,Unit 1,PC-1-0007,FAM-X-000041,2025-11-11
ORD-0000142,ACC-000042,NORTH CITY,Cedar St. 2,Bldg-7,Apt ۲,PC 1 0007,FAM-X-000042,2025-02-04
ORD-0000143,ACC-000042,NORTH CITY,Cedar St. 2,Bldg-7,Apt ۲,PC 1 0007,FAM-X-000042,2025-08-15
ORD-0000144,ACC-000042,NORTH CITY,Cedar St. 2,Bldg-7,Apt ۲,PC 1 0007,FAM-X-000042,2025-09-22
ORD-0000145,ACC-000042,NORTH CITY,Cedar St. 2,Bldg-7,Apt ۲,PC 1 0007,FAM-X-000042,2025-07-31
ORD-0000146,ACC-000043,North City,edar St 2,B ۷,۳,,FAM-00027,2025-10-18
ORD-0000147,ACC-000043,North City,edar St 2,B ۷,۳,,FAM-00027,2025-12-06
ORD-0000148,ACC-000043,North City,edar St 2,B ۷,۳,,FAM-00027,2025-12-12
ORD-0000149,ACC-000043,North City,edar St 2,B ۷,۳,,FAM-00027,2025-02-02
ORD-0000150,ACC-000043,North City,edar St 2,B ۷,۳,,FAM-00027,2025-04-03
ORD-0000151,ACC-000044,NORTH CITY,Cedar St. 2,Bldg-7,Apt ۳,PC 1 0007,FAM-00027,2025-08-13
ORD-0000152,ACC-000044,NORTH CITY,Cedar St. 2,Bldg-7,Apt ۳,PC 1 0007,FAM-00027,2025-03-03
ORD-0000153,ACC-000044,NORTH CITY,Cedar St. 2,Bldg-7,Apt ۳,PC 1 0007,FAM-00027,2025-03-04
ORD-0000154,ACC-000044,NORTH CITY,Cedar St. 2,Bldg-7,Apt ۳,PC 1 0007,FAM-00027,2025-02-17
ORD-0000155,ACC-000045,NORTH CITY,Cedar St. 2,Bldg-7,Apt ۳,PC 1 0007,FAM-00027,2025-09-05
ORD-0000156,ACC-000045,NORTH CITY,Cedar St. 2,Bldg-7,Apt ۳,PC 1 0007,FAM-00027,2025-07-10
ORD-0000157,ACC-000045,NORTH CITY,Cedar St. 2,Bldg-7,Apt ۳,PC 1 0007,FAM-00027,2025-09-23
ORD-0000158,ACC-000045,NORTH CITY,Cedar St. 2,Bldg-7,Apt ۳,PC 1 0007,FAM-00027,2025-10-06
ORD-0000159,ACC-000046,North City,Cdar St 2,B ۷,۳,PC10007,FAM-00027,2025-10-14
ORD-0000160,ACC-000046,North City,Cdar St 2,B ۷,۳,PC10007,FAM-00027,2025-02-12
ORD-0000161,ACC-000046,North City,Cdar St 2,B ۷,۳,PC10007,FAM-00027,2025-09-21
ORD-0000162,ACC-000046,North City,Cdar St 2,B ۷,۳,PC10007,FAM-00027,2025-02-02
ORD-0000163,ACC-000047,NORTH CITY,Cedar St. 2,Bldg-7,Apt ۴,PC 1 0007,FAM-00028,2025-05-02
ORD-0000164,ACC-000047,NORTH CITY,Cedar St. 2,Bldg-7,Apt ۴,PC 1 0007,FAM-00028,2025-09-27
ORD-0000165,ACC-000047,NORTH CITY,Cedar St. 2,Bldg-7,Apt ۴,PC 1 0007,FAM-00028,2025-11-24
ORD-0000166,ACC-000047,NORTH CITY,Cedar St. 2,Bldg-7,Apt ۴,PC 1 0007,FAM-00028,2025-10-26
ORD-0000167,ACC-000048,North City,Cedar Street 2,Building 7,Unit 4,PC-1-0007,FAM-00028,2025-07-14
ORD-0000168,ACC-000048,North City,Cedar Street 2,Building 7,Unit 4,PC-1-0007,FAM-00028,2025-04-25
ORD-0000169,ACC-000048,North City,Cedar Street 2,Building 7,Unit 4,PC-1-0007,FAM-00028,2025-04-25
ORD-0000170,ACC-000048,North City,Cedar Street 2,Building 7,Unit 4,PC-1-0007,FAM-00028,2025-02-27
ORD-0000171,ACC-000048,North City,Cedar Street 2,Building 7,Unit 4,PC-1-0007,FAM-00028,2025-12-17
ORD-0000172,ACC-000049,CENTRAL CITY,Maple St. 2,Bldg-8,Apt ۱,PC 2 0008,FAM-00029,2025-03-06
ORD-0000173,ACC-000049,CENTRAL CITY,Maple St. 2,Bldg-8,Apt ۱,PC 2 0008,FAM-00029,2025-07-21
ORD-0000174,ACC-000050,Central City,Mapl St 2,B ۸,۱,,FAM-X-000050,2025-01-02
ORD-0000175,ACC-000050,Central City,Mapl St 2,B ۸,۱,,FAM-X-000050,2025-09-19
ORD-0000176,ACC-000050,Central City,Mapl St 2,B ۸,۱,,FAM-X-000050,2025-11-05
ORD-0000177,ACC-000051,Central City,Maple Street 2,Building 8,Unit 1,PC-2-0008,FAM-X-000051,2025-11-17
ORD-0000178,ACC-000051,Central City,Maple Street 2,Building 8,Unit 1,PC-2-0008,FAM-X-000051,2025-08-21
ORD-0000179,ACC-000051,Central City,Maple Street 2,Building 8,Unit 1,PC-2-0008,FAM-X-000051,2025-02-14
ORD-0000180,ACC-000051,Central City,Maple Street 2,Building 8,Unit 1,PC-2-0008,FAM-X-000051,2025-02-14
ORD-0000181,ACC-000051,Central City,Maple Street 2,Building 8,Unit 1,PC-2-0008,FAM-X-000051,2025-06-24
ORD-0000182,ACC-000052,CENTRAL CITY,Maple St. 2,Bldg-8,Apt ۱,PC 2 0008,FAM-00029,2025-02-04
ORD-0000183,ACC-000052,CENTRAL CITY,Maple St. 2,Bldg-8,Apt ۱,PC 2 0008,FAM-00029,2025-06-15
ORD-0000184,ACC-000052,CENTRAL CITY,Maple St. 2,Bldg-8,Apt ۱,PC 2 0008,FAM-00029,2025-09-21
ORD-0000185,ACC-000052,CENTRAL CITY,Maple St. 2,Bldg-8,Apt ۱,PC 2 0008,FAM-00029,2025-10-29
ORD-0000186,ACC-000053,CENTRAL CITY,Maple St. 2,Bldg-8,Apt ۲,PC 2 0008,FAM-X-000053,2025-06-11
ORD-0000187,ACC-000053,CENTRAL CITY,Maple St. 2,Bldg-8,Apt ۲,PC 2 0008,FAM-X-000053,2025-01-05
ORD-0000188,ACC-000053,CENTRAL CITY,Maple St. 2,Bldg-8,Apt ۲,PC 2 0008,FAM-X-000053,2025-04-21
ORD-0000189,ACC-000054,Central City,Maple Street 2,Building 8,Unit 3,PC-2-0008,FAM-X-000054,2025-12-30
ORD-0000190,ACC-000054,Central City,Maple Street 2,Building 8,Unit 3,PC-2-0008,FAM-X-000054,2025-01-17
ORD-0000191,ACC-000054,Central City,Maple Street 2,Building 8,Unit 3,PC-2-0008,FAM-X-000054,2025-11-17
ORD-0000192,ACC-000055,Central City,Maple Street 2,Building 8,Unit 3,PC-2-0008,FAM-X-000055,2025-11-02
ORD-0000193,ACC-000055,Central City,Maple Street 2,Building 8,Unit 3,PC-2-0008,FAM-X-000055,2025-01-16
ORD-0000194,ACC-000055,Central City,Maple Street 2,Building 8,Unit 3,PC-2-0008,FAM-X-000055,2025-02-08
ORD-0000195,ACC-000055,Central City,Maple Street 2,Building 8,Unit 3,PC-2-0008,FAM-X-000055,2025-08-31
ORD-0000196,ACC-000055,Central City,Maple Street 2,Building 8,Unit 3,PC-2-0008,FAM-X-000055,2025-12-31
ORD-0000197,ACC-000056,CENTRAL CITY,Maple St. 2,Bldg-8,Apt ۳,PC 2 0008,FAM-X-000056,2025-08-26
ORD-0000198,ACC-000056,CENTRAL CITY,Maple St. 2,Bldg-8,Apt ۳,PC 2 0008,FAM-X-000056,2025-08-16
ORD-0000199,ACC-000057,Central City,aple St 2,B ۸,,,FAM-X-000057,2025-02-22
ORD-0000200,ACC-000057,Central City,aple St 2,B ۸,,,FAM-X-000057,2025-11-08
ORD-0000201,ACC-000057,Central City,aple St 2,B ۸,,,FAM-X-000057,2025-10-11
ORD-0000202,ACC-000058,Central City,Maple S 2,B ۸,۴,,FAM-X-000058,2025-02-27
ORD-0000203,ACC-000058,Central City,Maple S 2,B ۸,۴,,FAM-X-000058,2025-01-19
ORD-0000204,ACC-000059,South City,Willow Street 2,Building 9,Unit 1,PC-3-0009,FAM-X-000059,2025-11-07
ORD-0000205,ACC-000059,South City,Willow Street 2,Building 9,Unit 1,PC-3-0009,FAM-X-000059,2025-03-31
ORD-0000206,ACC-000059,South City,Willow Street 2,Building 9,Unit 1,PC-3-0009,FAM-X-000059,2025-01-21
ORD-0000207,ACC-000060,South City,illow St 2,B ۹,۱,PC30009,FAM-X-000060,2025-10-27
ORD-0000208,ACC-000060,South City,illow St 2,B ۹,۱,PC30009,FAM-X-000060,2025-11-02
ORD-0000209,ACC-000060,South City,illow St 2,B ۹,۱,PC30009,FAM-X-000060,2025-06-12
ORD-0000210,ACC-000060,South City,illow St 2,B ۹,۱,PC30009,FAM-X-000060,2025-01-15
ORD-0000211,ACC-000060,South City,illow St 2,B ۹,۱,PC30009,FAM-X-000060,2025-06-16
ORD-0000212,ACC-000061,SOUTH CITY,Willow St. 2,Bldg-9,Apt ۲,PC 3 0009,FAM-X-000061,2025-07-17
ORD-0000213,ACC-000061,SOUTH CITY,Willow St. 2,Bldg-9,Apt ۲,PC 3 0009,FAM-X-000061,2025-09-29
ORD-0000214,ACC-000062,South City,Willow Street 2,Building 9,Unit 3,PC-3-0009,FAM-X-000062,2025-09-26
ORD-0000215,ACC-000062,South City,Willow Street 2,Building 9,Unit 3,PC-3-0009,FAM-X-000062,2025-01-20
ORD-0000216,ACC-000062,South City,Willow Street 2,Building 9,Unit 3,PC-3-0009,FAM-X-000062,2025-03-12
ORD-0000217,ACC-000062,South City,Willow Street 2,Building 9,Unit 3,PC-3-0009,FAM-X-000062,2025-01-06
ORD-0000218,ACC-000062,South City,Willow Street 2,Building 9,Unit 3,PC-3-0009,FAM-X-000062,2025-04-09
ORD-0000219,ACC-000063,SOUTH CITY,Willow St. 2,Bldg-9,Apt ۳,PC 3 0009,FAM-X-000063,2025-12-24
ORD-0000220,ACC-000063,SOUTH CITY,Willow St. 2,Bldg-9,Apt ۳,PC 3 0009,FAM-X-000063,2025-10-01
ORD-0000221,ACC-000063,SOUTH CITY,Willow St. 2,Bldg-9,Apt ۳,PC 3 0009,FAM-X-000063,2025-08-12
ORD-0000222,ACC-000063,SOUTH CITY,Willow St. 2,Bldg-9,Apt ۳,PC 3 0009,FAM-X-000063,2025-07-05
ORD-0000223,ACC-000064,South City,illow St 2,B ۹,۴,,FAM-00036,2025-03-08
ORD-0000224,ACC-000064,South City,illow St 2,B ۹,۴,,FAM-00036,2025-05-18
ORD-0000225,ACC-000064,South City,illow St 2,B ۹,۴,,FAM-00036,2025-12-24
ORD-0000226,ACC-000064,South City,illow St 2,B ۹,۴,,FAM-00036,2025-08-05
ORD-0000227,ACC-000064,South City,illow St 2,B ۹,۴,,FAM-00036,2025-06-17
ORD-0000228,ACC-000065,South City,Willow t 2,B ۹,۴,,FAM-X-000065,2025-07-17
ORD-0000229,ACC-000065,South City,Willow t 2,B ۹,۴,,FAM-X-000065,2025-04-20
ORD-0000230,ACC-000065,South City,Willow t 2,B ۹,۴,,FAM-X-000065,2025-06-02
ORD-0000231,ACC-000065,South City,Willow t 2,B ۹,۴,,FAM-X-000065,2025-07-30
ORD-0000232,ACC-000066,North City,Oa St 2,B ۱۰,,,FAM-00037,2025-02-17
ORD-0000233,ACC-000066,North City,Oa St 2,B ۱۰,,,FAM-00037,2025-02-13
ORD-0000234,ACC-000066,North City,Oa St 2,B ۱۰,,,FAM-00037,2025-12-22
ORD-0000235,ACC-000066,North City,Oa St 2,B ۱۰,,,FAM-00037,2025-02-18
ORD-0000236,ACC-000067,North City,Oak Street 2,Building 10,Unit 1,PC-1-0010,FAM-00037,2025-06-06
ORD-0000237,ACC-000067,North City,Oak Street 2,Building 10,Unit 1,PC-1-0010,FAM-00037,2025-10-14
ORD-0000238,ACC-000067,North City,Oak Street 2,Building 10,Unit 1,PC-1-0010,FAM-00037,2025-08-12
ORD-0000239,ACC-000067,North City,Oak Street 2,Building 10,Unit 1,PC-1-0010,FAM-00037,2025-05-27
ORD-0000240,ACC-000068,NORTH CITY,Oak St. 2,Bldg-10,Apt ۲,PC 1 0010,FAM-X-000068,2025-11-03
ORD-0000241,ACC-000068,NORTH CITY,Oak St. 2,Bldg-10,Apt ۲,PC 1 0010,FAM-X-000068,2025-03-21
ORD-0000242,ACC-000068,NORTH CITY,Oak St. 2,Bldg-10,Apt ۲,PC 1 0010,FAM-X-000068,2025-12-13
ORD-0000243,ACC-000068,NORTH CITY,Oak St. 2,Bldg-10,Apt ۲,PC 1 0010,FAM-X-000068,2025-08-03
ORD-0000244,ACC-000069,North City,Oak Street 2,Building 10,Unit 3,PC-1-0010,FAM-X-000069,2025-06-02
ORD-0000245,ACC-000069,North City,Oak Street 2,Building 10,Unit 3,PC-1-0010,FAM-X-000069,2025-06-24
ORD-0000246,ACC-000069,North City,Oak Street 2,Building 10,Unit 3,PC-1-0010,FAM-X-000069,2025-06-23
ORD-0000247,ACC-000070,NORTH CITY,Oak St. 2,Bldg-10,Apt ۴,PC 1 0010,FAM-X-000070,2025-07-26
ORD-0000248,ACC-000070,NORTH CITY,Oak St. 2,Bldg-10,Apt ۴,PC 1 0010,FAM-X-000070,2025-08-04
ORD-0000249,ACC-000070,NORTH CITY,Oak St. 2,Bldg-10,Apt ۴,PC 1 0010,FAM-X-000070,2025-09-14
ORD-0000250,ACC-000071,CENTRAL CITY,Pine St. 2,Bldg-11,Apt ۱,PC 2 0011,FAM-X-000071,2025-10-15
ORD-0000251,ACC-000071,CENTRAL CITY,Pine St. 2,Bldg-11,Apt ۱,PC 2 0011,FAM-X-000071,2025-05-06
ORD-0000252,ACC-000072,CENTRAL CITY,Pine St. 2,Bldg-11,Apt ۱,PC 2 0011,FAM-X-000072,2025-07-13
ORD-0000253,ACC-000072,CENTRAL CITY,Pine St. 2,Bldg-11,Apt ۱,PC 2 0011,FAM-X-000072,2025-08-17
ORD-0000254,ACC-000072,CENTRAL CITY,Pine St. 2,Bldg-11,Apt ۱,PC 2 0011,FAM-X-000072,2025-07-12
ORD-0000255,ACC-000072,CENTRAL CITY,Pine St. 2,Bldg-11,Apt ۱,PC 2 0011,FAM-X-000072,2025-05-12
ORD-0000256,ACC-000073,Central City,Pine S 2,B ۱۱,۲,,FAM-X-000073,2025-04-09
ORD-0000257,ACC-000073,Central City,Pine S 2,B ۱۱,۲,,FAM-X-000073,2025-10-19
ORD-0000258,ACC-000073,Central City,Pine S 2,B ۱۱,۲,,FAM-X-000073,2025-03-31
ORD-0000259,ACC-000073,Central City,Pine S 2,B ۱۱,۲,,FAM-X-000073,2025-04-25
ORD-0000260,ACC-000074,Central City,ine St 2,B ۱۱,۲,,FAM-X-000074,2025-11-14
ORD-0000261,ACC-000074,Central City,ine St 2,B ۱۱,۲,,FAM-X-000074,2025-11-04
ORD-0000262,ACC-000075,Central City,Pine Street 2,Building 11,Unit 3,PC-2-0011,FAM-X-000075,2025-05-02
ORD-0000263,ACC-000075,Central City,Pine Street 2,Building 11,Unit 3,PC-2-0011,FAM-X-000075,2025-06-27
ORD-0000264,ACC-000075,Central City,Pine Street 2,Building 11,Unit 3,PC-2-0011,FAM-X-000075,2025-03-05
ORD-0000265,ACC-000075,Central City,Pine Street 2,Building 11,Unit 3,PC-2-0011,FAM-X-000075,2025-09-24
ORD-0000266,ACC-000076,Central City,Pne St 2,B ۱۱,۴,,FAM-00044,2025-08-08
ORD-0000267,ACC-000076,Central City,Pne St 2,B ۱۱,۴,,FAM-00044,2025-09-01
ORD-0000268,ACC-000077,CENTRAL CITY,Pine St. 2,Bldg-11,Apt ۴,PC 2 0011,FAM-X-000077,2025-01-28
ORD-0000269,ACC-000077,CENTRAL CITY,Pine St. 2,Bldg-11,Apt ۴,PC 2 0011,FAM-X-000077,2025-12-30
ORD-0000270,ACC-000078,CENTRAL CITY,Pine St. 2,Bldg-11,Apt ۴,PC 2 0011,FAM-00044,2025-09-08
ORD-0000271,ACC-000078,CENTRAL CITY,Pine St. 2,Bldg-11,Apt ۴,PC 2 0011,FAM-00044,2025-02-22
ORD-0000272,ACC-000078,CENTRAL CITY,Pine St. 2,Bldg-11,Apt ۴,PC 2 0011,FAM-00044,2025-09-15
ORD-0000273,ACC-000078,CENTRAL CITY,Pine St. 2,Bldg-11,Apt ۴,PC 2 0011,FAM-00044,2025-10-02
ORD-0000274,ACC-000078,CENTRAL CITY,Pine St. 2,Bldg-11,Apt ۴,PC 2 0011,FAM-00044,2025-05-22
ORD-0000275,ACC-000079,South City,Elm Street 2,Building 12,Unit 1,PC-3-0012,FAM-00045,2025-03-01
ORD-0000276,ACC-000079,South City,Elm Street 2,Building 12,Unit 1,PC-3-0012,FAM-00045,2025-09-17
ORD-0000277,ACC-000079,South City,Elm Street 2,Building 12,Unit 1,PC-3-0012,FAM-00045,2025-03-02
ORD-0000278,ACC-000080,South City,Elm S 2,B ۱۲,۱,PC30012,FAM-X-000080,2025-08-26
ORD-0000279,ACC-000080,South City,Elm S 2,B ۱۲,۱,PC30012,FAM-X-000080,2025-02-21
ORD-0000280,ACC-000080,South City,Elm S 2,B ۱۲,۱,PC30012,FAM-X-000080,2025-07-03
ORD-0000281,ACC-000080,South City,Elm S 2,B ۱۲,۱,PC30012,FAM-X-000080,2025-06-13
ORD-0000282,ACC-000081,South City,Elm Street 2,Building 12,Unit 2,PC-3-0012,FAM-X-000081,2025-10-03
ORD-0000283,ACC-000081,South City,Elm Street 2,Building 12,Unit 2,PC-3-0012,FAM-X-000081,2025-01-16
ORD-0000284,ACC-000081,South City,Elm Street 2,Building 12,Unit 2,PC-3-0012,FAM-X-000081,2025-06-08
ORD-0000285,ACC-000081,South City,Elm Street 2,Building 12,Unit 2,PC-3-0012,FAM-X-000081,2025-06-25
ORD-0000286,ACC-000081,South City,Elm Street 2,Building 12,Unit 2,PC-3-0012,FAM-X-000081,2025-06-21
ORD-0000287,ACC-000082,South City,Elm Street 2,Building 12,Unit 3,PC-3-0012,FAM-X-000082,2025-11-28
ORD-0000288,ACC-000082,South City,Elm Street 2,Building 12,Unit 3,PC-3-0012,FAM-X-000082,2025-12-10
ORD-0000289,ACC-000083,South City,Elm Street 2,Building 12,Unit 4,PC-3-0012,FAM-X-000083,2025-03-12
ORD-0000290,ACC-000083,South City,Elm Street 2,Building 12,Unit 4,PC-3-0012,FAM-X-000083,2025-06-28
ORD-0000291,ACC-000084,North City,Cedar Street 3,Building 13,Unit 1,PC-1-0013,FAM-00049,2025-11-04
ORD-0000292,ACC-000084,North City,Cedar Street 3,Building 13,Unit 1,PC-1-0013,FAM-00049,2025-11-08
ORD-0000293,ACC-000084,North City,Cedar Street 3,Building 13,Unit 1,PC-1-0013,FAM-00049,2025-08-21
ORD-0000294,ACC-000084,North City,Cedar Street 3,Building 13,Unit 1,PC-1-0013,FAM-00049,2025-07-23
ORD-0000295,ACC-000084,North City,Cedar Street 3,Building 13,Unit 1,PC-1-0013,FAM-00049,2025-08-25
ORD-0000296,ACC-000085,NORTH CITY,Cedar St. 3,Bldg-13,Apt ۱,PC 1 0013,FAM-00049,2025-01-22
ORD-0000297,ACC-000085,NORTH CITY,Cedar St. 3,Bldg-13,Apt ۱,PC 1 0013,FAM-00049,2025-09-22
ORD-0000298,ACC-000085,NORTH CITY,Cedar St. 3,Bldg-13,Apt ۱,PC 1 0013,FAM-00049,2025-05-14
ORD-0000299,ACC-000085,NORTH CITY,Cedar St. 3,Bldg-13,Apt ۱,PC 1 0013,FAM-00049,2025-09-29
ORD-0000300,ACC-000086,North City,Cedr St 3,B ۱۳,۲,PC10013,FAM-X-000086,2025-11-07
ORD-0000301,ACC-000086,North City,Cedr St 3,B ۱۳,۲,PC10013,FAM-X-000086,2025-05-16
ORD-0000302,ACC-000086,North City,Cedr St 3,B ۱۳,۲,PC10013,FAM-X-000086,2025-07-04
ORD-0000303,ACC-000086,North City,Cedr St 3,B ۱۳,۲,PC10013,FAM-X-000086,2025-06-07
ORD-0000304,ACC-000087,NORTH CITY,Cedar St. 3,Bldg-13,Apt ۳,PC 1 0013,FAM-X-000087,2025-08-01
ORD-0000305,ACC-000087,NORTH CITY,Cedar St. 3,Bldg-13,Apt ۳,PC 1 0013,FAM-X-000087,2025-07-02
ORD-0000306,ACC-000087,NORTH CITY,Cedar St. 3,Bldg-13,Apt ۳,PC 1 0013,FAM-X-000087,2025-11-06
ORD-0000307,ACC-000087,NORTH CITY,Cedar St. 3,Bldg-13,Apt ۳,PC 1 0013,FAM-X-000087,2025-07-13
ORD-0000308,ACC-000087,NORTH CITY,Cedar St. 3,Bldg-13,Apt ۳,PC 1 0013,FAM-X-000087,2025-07-08
ORD-0000309,ACC-000088,NORTH CITY,Cedar St. 3,Bldg-13,Apt ۳,PC 1 0013,FAM-X-000088,2025-12-31
ORD-0000310,ACC-000088,NORTH CITY,Cedar St. 3,Bldg-13,Apt ۳,PC 1 0013,FAM-X-000088,2025-12-01
ORD-0000311,ACC-000089,NORTH CITY,Cedar St. 3,Bldg-13,Apt ۴,PC 1 0013,FAM-00052,2025-01-10
ORD-0000312,ACC-000089,NORTH CITY,Cedar St. 3,Bldg-13,Apt ۴,PC 1 0013,FAM-00052,2025-08-10
ORD-0000313,ACC-000089,NORTH CITY,Cedar St. 3,Bldg-13,Apt ۴,PC 1 0013,FAM-00052,2025-12-05
ORD-0000314,ACC-000090,NORTH CITY,Cedar St. 3,Bldg-13,Apt ۴,PC 1 0013,FAM-00052,2025-08-07
ORD-0000315,ACC-000090,NORTH CITY,Cedar St. 3,Bldg-13,Apt ۴,PC 1 0013,FAM-00052,2025-07-26
ORD-0000316,ACC-000091,CENTRAL CITY,Maple St. 3,Bldg-14,Apt ۱,PC 2 0014,FAM-X-000091,2025-07-11
ORD-0000317,ACC-000091,CENTRAL CITY,Maple St. 3,Bldg-14,Apt ۱,PC 2 0014,FAM-X-000091,2025-08-20
ORD-0000318,ACC-000092,CENTRAL CITY,Maple St. 3,Bldg-14,Apt ۲,PC 2 0014,FAM-X-000092,2025-06-24
ORD-0000319,ACC-000092,CENTRAL CITY,Maple St. 3,Bldg-14,Apt ۲,PC 2 0014,FAM-X-000092,2025-12-26
ORD-0000320,ACC-000092,CENTRAL CITY,Maple St. 3,Bldg-14,Apt ۲,PC 2 0014,FAM-X-000092,2025-10-05
ORD-0000321,ACC-000092,CENTRAL CITY,Maple St. 3,Bldg-14,Apt ۲,PC 2 0014,FAM-X-000092,2025-08-26
ORD-0000322,ACC-000092,CENTRAL CITY,Maple St. 3,Bldg-14,Apt ۲,PC 2 0014,FAM-X-000092,2025-11-26
ORD-0000323,ACC-000093,CENTRAL CITY,Maple St. 3,Bldg-14,Apt ۲,PC 2 0014,FAM-X-000093,2025-12-18
ORD-0000324,ACC-000093,CENTRAL CITY,Maple St. 3,Bldg-14,Apt ۲,PC 2 0014,FAM-X-000093,2025-08-16
ORD-0000325,ACC-000093,CENTRAL CITY,Maple St. 3,Bldg-14,Apt ۲,PC 2 0014,FAM-X-000093,2025-10-13
ORD-0000326,ACC-000094,Central City,Mape St 3,B ۱۴,,,FAM-X-000094,2025-08-26
ORD-0000327,ACC-000094,Central City,Mape St 3,B ۱۴,,,FAM-X-000094,2025-07-21
ORD-0000328,ACC-000094,Central City,Mape St 3,B ۱۴,,,FAM-X-000094,2025-12-17
ORD-0000329,ACC-000094,Central City,Mape St 3,B ۱۴,,,FAM-X-000094,2025-08-27
ORD-0000330,ACC-000095,Central City,Mple St 3,B ۱۴,۲,PC20014,FAM-X-000095,2025-12-21
ORD-0000331,ACC-000095,Central City,Mple St 3,B ۱۴,۲,PC20014,FAM-X-000095,2025-10-01
ORD-0000332,ACC-000095,Central City,Mple St 3,B ۱۴,۲,PC20014,FAM-X-000095,2025-08-21
ORD-0000333,ACC-000096,Central City,Maple Street 3,Building 14,Unit 2,PC-2-0014,FAM-X-000096,2025-04-19
ORD-0000334,ACC-000096,Central City,Maple Street 3,Building 14,Unit 2,PC-2-0014,FAM-X-000096,2025-01-15
ORD-0000335,ACC-000096,Central City,Maple Street 3,Building 14,Unit 2,PC-2-0014,FAM-X-000096,2025-07-05
ORD-0000336,ACC-000097,CENTRAL CITY,Maple St. 3,Bldg-14,Apt ۲,PC 2 0014,FAM-X-000097,2025-11-16
ORD-0000337,ACC-000097,CENTRAL CITY,Maple St. 3,Bldg-14,Apt ۲,PC 2 0014,FAM-X-000097,2025-12-26
ORD-0000338,ACC-000097,CENTRAL CITY,Maple St. 3,Bldg-14,Apt ۲,PC 2 0014,FAM-X-000097,2025-11-10
ORD-0000339,ACC-000097,CENTRAL CITY,Maple St. 3,Bldg-14,Apt ۲,PC 2 0014,FAM-X-000097,2025-06-19
ORD-0000340,ACC-000097,CENTRAL CITY,Maple St. 3,Bldg-14,Apt ۲,PC 2 0014,FAM-X-000097,2025-04-29
ORD-0000341,ACC-000098,Central City,Maple S 3,B ۱۴,,,FAM-X-000098,2025-10-20
ORD-0000342,ACC-000098,Central City,Maple S 3,B ۱۴,,,FAM-X-000098,2025-04-08
ORD-0000343,ACC-000098,Central City,Maple S 3,B ۱۴,,,FAM-X-000098,2025-12-04
ORD-0000344,ACC-000098,Central City,Maple S 3,B ۱۴,,,FAM-X-000098,2025-06-12
ORD-0000345,ACC-000099,CENTRAL CITY,Maple St. 3,Bldg-14,Apt ۴,PC 2 0014,FAM-X-000099,2025-12-14
ORD-0000346,ACC-000099,CENTRAL CITY,Maple St. 3,Bldg-14,Apt ۴,PC 2 0014,FAM-X-000099,2025-01-18
ORD-0000347,ACC-000099,CENTRAL CITY,Maple St. 3,Bldg-14,Apt ۴,PC 2 0014,FAM-X-000099,2025-05-15
ORD-0000348,ACC-000099,CENTRAL CITY,Maple St. 3,Bldg-14,Apt ۴,PC 2 0014,FAM-X-000099,2025-02-09
ORD-0000349,ACC-000099,CENTRAL CITY,Maple St. 3,Bldg-14,Apt ۴,PC 2 0014,FAM-X-000099,2025-12-07
ORD-0000350,ACC-000100,South City,Willo St 3,B ۱۵,۱,PC30015,FAM-X-000100,2025-01-18
ORD-0000351,ACC-000100,South City,Willo St 3,B ۱۵,۱,PC30015,FAM-X-000100,2025-11-28
ORD-0000352,ACC-000100,South City,Willo St 3,B ۱۵,۱,PC30015,FAM-X-000100,2025-03-27
ORD-0000353,ACC-000101,SOUTH CITY,Willow St. 3,Bldg-15,Apt ۱,PC 3 0015,FAM-X-000101,2025-11-10
ORD-0000354,ACC-000101,SOUTH CITY,Willow St. 3,Bldg-15,Apt ۱,PC 3 0015,FAM-X-000101,2025-06-11
ORD-0000355,ACC-000102,SOUTH CITY,Willow St. 3,Bldg-15,Apt ۱,PC 3 0015,FAM-X-000102,2025-04-06
ORD-0000356,ACC-000102,SOUTH CITY,Willow St. 3,Bldg-15,Apt ۱,PC 3 0015,FAM-X-000102,2025-09-05
ORD-0000357,ACC-000103,SOUTH CITY,Willow St. 3,Bldg-15,Apt ۲,PC 3 0015,FAM-X-000103,2025-11-23
ORD-0000358,ACC-000103,SOUTH CITY,Willow St. 3,Bldg-15,Apt ۲,PC 3 0015,FAM-X-000103,2025-08-11
ORD-0000359,ACC-000103,SOUTH CITY,Willow St. 3,Bldg-15,Apt ۲,PC 3 0015,FAM-X-000103,2025-09-03
ORD-0000360,ACC-000103,SOUTH CITY,Willow St. 3,Bldg-15,Apt ۲,PC 3 0015,FAM-X-000103,2025-04-03
ORD-0000361,ACC-000104,South City,Wllow St 3,B ۱۵,۴,,FAM-00059,2025-04-11
ORD-0000362,ACC-000104,South City,Wllow St 3,B ۱۵,۴,,FAM-00059,2025-07-20
ORD-0000363,ACC-000105,South City,Willow Street 3,Building 15,Unit 3,PC-3-0015,FAM-00059,2025-09-04
ORD-0000364,ACC-000105,South City,Willow Street 3,Building 15,Unit 3,PC-3-0015,FAM-00059,2025-05-05
ORD-0000365,ACC-000105,South City,Willow Street 3,Building 15,Unit 3,PC-3-0015,FAM-00059,2025-06-14
ORD-0000366,ACC-000105,South City,Willow Street 3,Building 15,Unit 3,PC-3-0015,FAM-00059,2025-09-19
ORD-0000367,ACC-000105,South City,Willow Street 3,Building 15,Unit 3,PC-3-0015,FAM-00059,2025-06-05
ORD-0000368,ACC-000106,South City,Willow t 3,B ۱۵,۴,,FAM-00059,2025-07-29
ORD-0000369,ACC-000106,South City,Willow t 3,B ۱۵,۴,,FAM-00059,2025-03-10
ORD-0000370,ACC-000107,SOUTH CITY,Willow St. 3,Bldg-15,Apt ۴,PC 3 0015,FAM-X-000107,2025-03-22
ORD-0000371,ACC-000107,SOUTH CITY,Willow St. 3,Bldg-15,Apt ۴,PC 3 0015,FAM-X-000107,2025-07-01
ORD-0000372,ACC-000107,SOUTH CITY,Willow St. 3,Bldg-15,Apt ۴,PC 3 0015,FAM-X-000107,2025-05-06
ORD-0000373,ACC-000107,SOUTH CITY,Willow St. 3,Bldg-15,Apt ۴,PC 3 0015,FAM-X-000107,2025-02-19
ORD-0000374,ACC-000107,SOUTH CITY,Willow St. 3,Bldg-15,Apt ۴,PC 3 0015,FAM-X-000107,2025-02-07
ORD-0000375,ACC-000108,South City,Willow Street 3,Building 15,Unit 4,PC-3-0015,FAM-00060,2025-07-22
ORD-0000376,ACC-000108,South City,Willow Street 3,Building 15,Unit 4,PC-3-0015,FAM-00060,2025-01-07
ORD-0000377,ACC-000108,South City,Willow Street 3,Building 15,Unit 4,PC-3-0015,FAM-00060,2025-04-21
ORD-0000378,ACC-000109,SOUTH CITY,Willow St. 3,Bldg-15,Apt ۴,PC 3 0015,FAM-00060,2025-06-14
ORD-0000379,ACC-000109,SOUTH CITY,Willow St. 3,Bldg-15,Apt ۴,PC 3 0015,FAM-00060,2025-06-03
ORD-0000380,ACC-000109,SOUTH CITY,Willow St. 3,Bldg-15,Apt ۴,PC 3 0015,FAM-00060,2025-11-20
ORD-0000381,ACC-000110,North City,Oak Street 3,Building 16,Unit 1,PC-1-0016,FAM-X-000110,2025-05-22
ORD-0000382,ACC-000110,North City,Oak Street 3,Building 16,Unit 1,PC-1-0016,FAM-X-000110,2025-03-27
ORD-0000383,ACC-000110,North City,Oak Street 3,Building 16,Unit 1,PC-1-0016,FAM-X-000110,2025-07-24
ORD-0000384,ACC-000110,North City,Oak Street 3,Building 16,Unit 1,PC-1-0016,FAM-X-000110,2025-04-29
ORD-0000385,ACC-000110,North City,Oak Street 3,Building 16,Unit 1,PC-1-0016,FAM-X-000110,2025-11-22
ORD-0000386,ACC-000111,NORTH CITY,Oak St. 3,Bldg-16,Apt ۱,PC 1 0016,FAM-00061,2025-03-20
ORD-0000387,ACC-000111,NORTH CITY,Oak St. 3,Bldg-16,Apt ۱,PC 1 0016,FAM-00061,2025-08-04
ORD-0000388,ACC-000111,NORTH CITY,Oak St. 3,Bldg-16,Apt ۱,PC 1 0016,FAM-00061,2025-08-15
ORD-0000389,ACC-000111,NORTH CITY,Oak St. 3,Bldg-16,Apt ۱,PC 1 0016,FAM-00061,2025-08-27
ORD-0000390,ACC-000111,NORTH CITY,Oak St. 3,Bldg-16,Apt ۱,PC 1 0016,FAM-00061,2025-01-10
ORD-0000391,ACC-000112,North City,Oak Street 3,Building 16,Unit 1,PC-1-0016,FAM-00061,2025-03-06
ORD-0000392,ACC-000112,North City,Oak Street 3,Building 16,Unit 1,PC-1-0016,FAM-00061,2025-02-26
ORD-0000393,ACC-000112,North City,Oak Street 3,Building 16,Unit 1,PC-1-0016,FAM-00061,2025-05-07
ORD-0000394,ACC-000113,NORTH CITY,Oak St. 3,Bldg-16,Apt ۲,PC 1 0016,FAM-X-000113,2025-04-02
ORD-0000395,ACC-000113,NORTH CITY,Oak St. 3,Bldg-16,Apt ۲,PC 1 0016,FAM-X-000113,2025-10-17
ORD-0000396,ACC-000113,NORTH CITY,Oak St. 3,Bldg-16,Apt ۲,PC 1 0016,FAM-X-000113,2025-08-02
ORD-0000397,ACC-000113,NORTH CITY,Oak St. 3,Bldg-16,Apt ۲,PC 1 0016,FAM-X-000113,2025-10-14
ORD-0000398,ACC-000113,NORTH CITY,Oak St. 3,Bldg-16,Apt ۲,PC 1 0016,FAM-X-000113,2025-08-20
ORD-0000399,ACC-000114,NORTH CITY,Oak St. 3,Bldg-16,Apt ۳,PC 1 0016,FAM-X-000114,2025-04-04
ORD-0000400,ACC-000114,NORTH CITY,Oak St. 3,Bldg-16,Apt ۳,PC 1 0016,FAM-X-000114,2025-10-25
ORD-0000401,ACC-000114,NORTH CITY,Oak St. 3,Bldg-16,Apt ۳,PC 1 0016,FAM-X-000114,2025-09-03
ORD-0000402,ACC-000115,North City,Oak S 3,B ۱۶,۴,,FAM-X-000115,2025-02-07
ORD-0000403,ACC-000115,North City,Oak S 3,B ۱۶,۴,,FAM-X-000115,2025-06-05
ORD-0000404,ACC-000115,North City,Oak S 3,B ۱۶,۴,,FAM-X-000115,2025-08-27
ORD-0000405,ACC-000116,NORTH CITY,Oak St. 3,Bldg-16,Apt ۴,PC 1 0016,FAM-00064,2025-12-17
ORD-0000406,ACC-000116,NORTH CITY,Oak St. 3,Bldg-16,Apt ۴,PC 1 0016,FAM-00064,2025-09-27
ORD-0000407,ACC-000116,NORTH CITY,Oak St. 3,Bldg-16,Apt ۴,PC 1 0016,FAM-00064,2025-02-07
ORD-0000408,ACC-000116,NORTH CITY,Oak St. 3,Bldg-16,Apt ۴,PC 1 0016,FAM-00064,2025-04-18
ORD-0000409,ACC-000116,NORTH CITY,Oak St. 3,Bldg-16,Apt ۴,PC 1 0016,FAM-00064,2025-01-15
ORD-0000410,ACC-000117,North City,Oak Street 3,Building 16,Unit 4,PC-1-0016,FAM-00064,2025-06-16
ORD-0000411,ACC-000117,North City,Oak Street 3,Building 16,Unit 4,PC-1-0016,FAM-00064,2025-04-07
ORD-0000412,ACC-000117,North City,Oak Street 3,Building 16,Unit 4,PC-1-0016,FAM-00064,2025-07-08
ORD-0000413,ACC-000117,North City,Oak Street 3,Building 16,Unit 4,PC-1-0016,FAM-00064,2025-10-16
ORD-0000414,ACC-000117,North City,Oak Street 3,Building 16,Unit 4,PC-1-0016,FAM-00064,2025-04-25
ORD-0000415,ACC-000118,North City,Oak Street 3,Building 16,Unit 4,PC-1-0016,FAM-00064,2025-05-21
ORD-0000416,ACC-000118,North City,Oak Street 3,Building 16,Unit 4,PC-1-0016,FAM-00064,2025-10-11
ORD-0000417,ACC-000118,North City,Oak Street 3,Building 16,Unit 4,PC-1-0016,FAM-00064,2025-01-23
ORD-0000418,ACC-000118,North City,Oak Street 3,Building 16,Unit 4,PC-1-0016,FAM-00064,2025-11-24
ORD-0000419,ACC-000119,North City,Oak Street 3,Building 16,Unit 4,PC-1-0016,FAM-00064,2025-06-29
ORD-0000420,ACC-000119,North City,Oak Street 3,Building 16,Unit 4,PC-1-0016,FAM-00064,2025-05-24
ORD-0000421,ACC-000119,North City,Oak Street 3,Building 16,Unit 4,PC-1-0016,FAM-00064,2025-03-26
ORD-0000422,ACC-000119,North City,Oak Street 3,Building 16,Unit 4,PC-1-0016,FAM-00064,2025-06-02
ORD-0000423,ACC-000120,Central City,Pine Street 3,Building 17,Unit 1,PC-2-0017,FAM-X-000120,2025-11-11
ORD-0000424,ACC-000120,Central City,Pine Street 3,Building 17,Unit 1,PC-2-0017,FAM-X-000120,2025-03-01
ORD-0000425,ACC-000120,Central City,Pine Street 3,Building 17,Unit 1,PC-2-0017,FAM-X-000120,2025-01-01
ORD-0000426,ACC-000121,CENTRAL CITY,Pine St. 3,Bldg-17,Apt ۲,PC 2 0017,FAM-00066,2025-10-12
ORD-0000427,ACC-000121,CENTRAL CITY,Pine St. 3,Bldg-17,Apt ۲,PC 2 0017,FAM-00066,2025-06-20
ORD-0000428,ACC-000121,CENTRAL CITY,Pine St. 3,Bldg-17,Apt ۲,PC 2 0017,FAM-00066,2025-11-04
ORD-0000429,ACC-000121,CENTRAL CITY,Pine St. 3,Bldg-17,Apt ۲,PC 2 0017,FAM-00066,2025-07-13
ORD-0000430,ACC-000122,CENTRAL CITY,Pine St. 3,Bldg-17,Apt ۲,PC 2 0017,FAM-00066,2025-11-30
ORD-0000431,ACC-000122,CENTRAL CITY,Pine St. 3,Bldg-17,Apt ۲,PC 2 0017,FAM-00066,2025-06-25
ORD-0000432,ACC-000122,CENTRAL CITY,Pine St. 3,Bldg-17,Apt ۲,PC 2 0017,FAM-00066,2025-11-12
ORD-0000433,ACC-000123,CENTRAL CITY,Pine St. 3,Bldg-17,Apt ۳,PC 2 0017,FAM-X-000123,2025-04-01
ORD-0000434,ACC-000123,CENTRAL CITY,Pine St. 3,Bldg-17,Apt ۳,PC 2 0017,FAM-X-000123,2025-12-06
ORD-0000435,ACC-000123,CENTRAL CITY,Pine St. 3,Bldg-17,Apt ۳,PC 2 0017,FAM-X-000123,2025-06-26
ORD-0000436,ACC-000123,CENTRAL CITY,Pine St. 3,Bldg-17,Apt ۳,PC 2 0017,FAM-X-000123,2025-01-18
ORD-0000437,ACC-000124,Central City,Pine Street 3,Building 17,Unit 4,PC-2-0017,FAM-X-000124,2025-01-18
ORD-0000438,ACC-000124,Central City,Pine Street 3,Building 17,Unit 4,PC-2-0017,FAM-X-000124,2025-04-27
ORD-0000439,ACC-000124,Central City,Pine Street 3,Building 17,Unit 4,PC-2-0017,FAM-X-000124,2025-02-20
ORD-0000440,ACC-000124,Central City,Pine Street 3,Building 17,Unit 4,PC-2-0017,FAM-X-000124,2025-01-08
ORD-0000441,ACC-000125,Central City,Pine Street 3,Building 17,Unit 4,PC-2-0017,FAM-X-000125,2025-12-07
ORD-0000442,ACC-000125,Central City,Pine Street 3,Building 17,Unit 4,PC-2-0017,FAM-X-000125,2025-03-10
ORD-0000443,ACC-000125,Central City,Pine Street 3,Building 17,Unit 4,PC-2-0017,FAM-X-000125,2025-10-26
ORD-0000444,ACC-000125,Central City,Pine Street 3,Building 17,Unit 4,PC-2-0017,FAM-X-000125,2025-01-12
ORD-0000445,ACC-000125,Central City,Pine Street 3,Building 17,Unit 4,PC-2-0017,FAM-X-000125,2025-02-26
ORD-0000446,ACC-000126,SOUTH CITY,Elm St. 3,Bldg-18,Apt ۱,PC 3 0018,FAM-00069,2025-09-08
ORD-0000447,ACC-000126,SOUTH CITY,Elm St. 3,Bldg-18,Apt ۱,PC 3 0018,FAM-00069,2025-11-07
ORD-0000448,ACC-000127,South City,Elm Street 3,Building 18,Unit 1,PC-3-0018,FAM-X-000127,2025-08-14
ORD-0000449,ACC-000127,South City,Elm Street 3,Building 18,Unit 1,PC-3-0018,FAM-X-000127,2025-06-17
ORD-0000450,ACC-000127,South City,Elm Street 3,Building 18,Unit 1,PC-3-0018,FAM-X-000127,2025-03-01
ORD-0000451,ACC-000127,South City,Elm Street 3,Building 18,Unit 1,PC-3-0018,FAM-X-000127,2025-11-24
ORD-0000452,ACC-000128,South City,Elm t 3,B ۱۸,۲,,FAM-X-000128,2025-05-12
ORD-0000453,ACC-000128,South City,Elm t 3,B ۱۸,۲,,FAM-X-000128,2025-09-25
ORD-0000454,ACC-000129,SOUTH CITY,Elm St. 3,Bldg-18,Apt ۲,PC 3 0018,FAM-00070,2025-02-11
ORD-0000455,ACC-000129,SOUTH CITY,Elm St. 3,Bldg-18,Apt ۲,PC 3 0018,FAM-00070,2025-08-08
ORD-0000456,ACC-000129,SOUTH CITY,Elm St. 3,Bldg-18,Apt ۲,PC 3 0018,FAM-00070,2025-04-19
ORD-0000457,ACC-000129,SOUTH CITY,Elm St. 3,Bldg-18,Apt ۲,PC 3 0018,FAM-00070,2025-03-20
ORD-0000458,ACC-000129,SOUTH CITY,Elm St. 3,Bldg-18,Apt ۲,PC 3 0018,FAM-00070,2025-07-08
ORD-0000459,ACC-000130,SOUTH CITY,Elm St. 3,Bldg-18,Apt ۲,PC 3 0018,FAM-00070,2025-11-11
ORD-0000460,ACC-000130,SOUTH CITY,Elm St. 3,Bldg-18,Apt ۲,PC 3 0018,FAM-00070,2025-01-11
ORD-0000461,ACC-000130,SOUTH CITY,Elm St. 3,Bldg-18,Apt ۲,PC 3 0018,FAM-00070,2025-09-26
ORD-0000462,ACC-000131,South City,Elm Street 3,Building 18,Unit 3,PC-3-0018,FAM-X-000131,2025-08-29
ORD-0000463,ACC-000131,South City,Elm Street 3,Building 18,Unit 3,PC-3-0018,FAM-X-000131,2025-09-22
ORD-0000464,ACC-000131,South City,Elm Street 3,Building 18,Unit 3,PC-3-0018,FAM-X-000131,2025-11-05
ORD-0000465,ACC-000132,South City,Elm t 3,B ۱۸,۴,,FAM-00072,2025-09-10
ORD-0000466,ACC-000132,South City,Elm t 3,B ۱۸,۴,,FAM-00072,2025-01-22
ORD-0000467,ACC-000132,South City,Elm t 3,B ۱۸,۴,,FAM-00072,2025-03-05
ORD-0000468,ACC-000132,South City,Elm t 3,B ۱۸,۴,,FAM-00072,2025-10-17
ORD-0000469,ACC-000133,South City,El St 3,B ۱۸,,,FAM-X-000133,2025-08-02
ORD-0000470,ACC-000133,South City,El St 3,B ۱۸,,,FAM-X-000133,2025-05-22
ORD-0000471,ACC-000133,South City,El St 3,B ۱۸,,,FAM-X-000133,2025-02-16
ORD-0000472,ACC-000133,South City,El St 3,B ۱۸,,,FAM-X-000133,2025-07-29
ORD-0000473,ACC-000134,South City,Elm S 3,B ۱۸,۴,,FAM-00072,2025-01-19
ORD-0000474,ACC-000134,South City,Elm S 3,B ۱۸,۴,,FAM-00072,2025-06-13
ORD-0000475,ACC-000134,South City,Elm S 3,B ۱۸,۴,,FAM-00072,2025-08-06
ORD-0000476,ACC-000134,South City,Elm S 3,B ۱۸,۴,,FAM-00072,2025-02-18
ORD-0000477,ACC-000135,North City,Cedar Street 4,Building 19,Unit 1,PC-1-0019,FAM-X-000135,2025-01-19
ORD-0000478,ACC-000135,North City,Cedar Street 4,Building 19,Unit 1,PC-1-0019,FAM-X-000135,2025-08-06
ORD-0000479,ACC-000135,North City,Cedar Street 4,Building 19,Unit 1,PC-1-0019,FAM-X-000135,2025-02-27
ORD-0000480,ACC-000136,North City,Cdar St 4,B ۱۹,۲,,FAM-X-000136,2025-07-22
ORD-0000481,ACC-000136,North City,Cdar St 4,B ۱۹,۲,,FAM-X-000136,2025-07-11
ORD-0000482,ACC-000137,NORTH CITY,Cedar St. 4,Bldg-19,Apt ۲,PC 1 0019,FAM-X-000137,2025-04-08
ORD-0000483,ACC-000137,NORTH CITY,Cedar St. 4,Bldg-19,Apt ۲,PC 1 0019,FAM-X-000137,2025-10-04
ORD-0000484,ACC-000137,NORTH CITY,Cedar St. 4,Bldg-19,Apt ۲,PC 1 0019,FAM-X-000137,2025-09-19
ORD-0000485,ACC-000138,NORTH CITY,Cedar St. 4,Bldg-19,Apt ۲,PC 1 0019,FAM-X-000138,2025-12-04
ORD-0000486,ACC-000138,NORTH CITY,Cedar St. 4,Bldg-19,Apt ۲,PC 1 0019,FAM-X-000138,2025-07-07
ORD-0000487,ACC-000138,NORTH CITY,Cedar St. 4,Bldg-19,Apt ۲,PC 1 0019,FAM-X-000138,2025-12-11
ORD-0000488,ACC-000138,NORTH CITY,Cedar St. 4,Bldg-19,Apt ۲,PC 1 0019,FAM-X-000138,2025-01-05
ORD-0000489,ACC-000138,NORTH CITY,Cedar St. 4,Bldg-19,Apt ۲,PC 1 0019,FAM-X-000138,2025-01-13
ORD-0000490,ACC-000139,North City,Cedar Street 4,Building 19,Unit 3,PC-1-0019,FAM-X-000139,2025-08-28
ORD-0000491,ACC-000139,North City,Cedar Street 4,Building 19,Unit 3,PC-1-0019,FAM-X-000139,2025-05-25
ORD-0000492,ACC-000139,North City,Cedar Street 4,Building 19,Unit 3,PC-1-0019,FAM-X-000139,2025-02-28
ORD-0000493,ACC-000139,North City,Cedar Street 4,Building 19,Unit 3,PC-1-0019,FAM-X-000139,2025-09-07
ORD-0000494,ACC-000139,North City,Cedar Street 4,Building 19,Unit 3,PC-1-0019,FAM-X-000139,2025-06-21
ORD-0000495,ACC-000140,North City,Cdar St 4,B ۱۹,,,FAM-X-000140,2025-11-30
ORD-0000496,ACC-000140,North City,Cdar St 4,B ۱۹,,,FAM-X-000140,2025-03-30
ORD-0000497,ACC-000140,North City,Cdar St 4,B ۱۹,,,FAM-X-000140,2025-03-19
ORD-0000498,ACC-000140,North City,Cdar St 4,B ۱۹,,,FAM-X-000140,2025-05-06
ORD-0000499,ACC-000140,North City,Cdar St 4,B ۱۹,,,FAM-X-000140,2025-06-21
ORD-0000500,ACC-000141,NORTH CITY,Cedar St. 4,Bldg-19,Apt ۴,PC 1 0019,FAM-X-000141,2025-07-08
ORD-0000501,ACC-000141,NORTH CITY,Cedar St. 4,Bldg-19,Apt ۴,PC 1 0019,FAM-X-000141,2025-02-02
ORD-0000502,ACC-000141,NORTH CITY,Cedar St. 4,Bldg-19,Apt ۴,PC 1 0019,FAM-X-000141,2025-09-28
ORD-0000503,ACC-000142,NORTH CITY,Cedar St. 4,Bldg-19,Apt ۴,PC 1 0019,FAM-X-000142,2025-10-13
ORD-0000504,ACC-000142,NORTH CITY,Cedar St. 4,Bldg-19,Apt ۴,PC 1 0019,FAM-X-000142,2025-12-13
ORD-0000505,ACC-000142,NORTH CITY,Cedar St. 4,Bldg-19,Apt ۴,PC 1 0019,FAM-X-000142,2025-07-28
ORD-0000506,ACC-000142,NORTH CITY,Cedar St. 4,Bldg-19,Apt ۴,PC 1 0019,FAM-X-000142,2025-06-12
ORD-0000507,ACC-000143,North City,edar St 4,B ۱۹,۴,PC10019,FAM-X-000143,2025-02-06
ORD-0000508,ACC-000143,North City,edar St 4,B ۱۹,۴,PC10019,FAM-X-000143,2025-01-02
ORD-0000509,ACC-000143,North City,edar St 4,B ۱۹,۴,PC10019,FAM-X-000143,2025-03-16
ORD-0000510,ACC-000143,North City,edar St 4,B ۱۹,۴,PC10019,FAM-X-000143,2025-06-07
ORD-0000511,ACC-000144,Central City,Maple t 4,B ۲۰,۱,PC20020,FAM-X-000144,2025-11-20
ORD-0000512,ACC-000144,Central City,Maple t 4,B ۲۰,۱,PC20020,FAM-X-000144,2025-08-18
ORD-0000513,ACC-000144,Central City,Maple t 4,B ۲۰,۱,PC20020,FAM-X-000144,2025-05-25
ORD-0000514,ACC-000144,Central City,Maple t 4,B ۲۰,۱,PC20020,FAM-X-000144,2025-08-17
ORD-0000515,ACC-000144,Central City,Maple t 4,B ۲۰,۱,PC20020,FAM-X-000144,2025-04-27
ORD-0000516,ACC-000145,CENTRAL CITY,Maple St. 4,Bldg-20,Apt ۲,PC 2 0020,FAM-00078,2025-12-08
ORD-0000517,ACC-000145,CENTRAL CITY,Maple St. 4,Bldg-20,Apt ۲,PC 2 0020,FAM-00078,2025-07-04
ORD-0000518,ACC-000145,CENTRAL CITY,Maple St. 4,Bldg-20,Apt ۲,PC 2 0020,FAM-00078,2025-06-20
ORD-0000519,ACC-000145,CENTRAL CITY,Maple St. 4,Bldg-20,Apt ۲,PC 2 0020,FAM-00078,2025-01-25
ORD-0000520,ACC-000146,CENTRAL CITY,Maple St. 4,Bldg-20,Apt ۲,PC 2 0020,FAM-00078,2025-10-08
ORD-0000521,ACC-000146,CENTRAL CITY,Maple St. 4,Bldg-20,Apt ۲,PC 2 0020,FAM-00078,2025-02-17
ORD-0000522,ACC-000147,CENTRAL CITY,Maple St. 4,Bldg-20,Apt ۳,PC 2 0020,FAM-X-000147,2025-05-04
ORD-0000523,ACC-000147,CENTRAL CITY,Maple St. 4,Bldg-20,Apt ۳,PC 2 0020,FAM-X-000147,2025-01-09
ORD-0000524,ACC-000148,Central City,Maple Street 4,Building 20,Unit 4,PC-2-0020,FAM-X-000148,2025-06-22
ORD-0000525,ACC-000148,Central City,Maple Street 4,Building 20,Unit 4,PC-2-0020,FAM-X-000148,2025-10-03
ORD-0000526,ACC-000148,Central City,Maple Street 4,Building 20,Unit 4,PC-2-0020,FAM-X-000148,2025-08-02
ORD-0000527,ACC-000148,Central City,Maple Street 4,Building 20,Unit 4,PC-2-0020,FAM-X-000148,2025-11-18
ORD-0000528,ACC-000148,Central City,Maple Street 4,Building 20,Unit 4,PC-2-0020,FAM-X-000148,2025-05-06
ORD-0000529,ACC-000149,South City,Willow Street 4,Building 21,Unit 1,PC-3-0021,FAM-X-000149,2025-06-24
ORD-0000530,ACC-000149,South City,Willow Street 4,Building 21,Unit 1,PC-3-0021,FAM-X-000149,2025-07-10
ORD-0000531,ACC-000149,South City,Willow Street 4,Building 21,Unit 1,PC-3-0021,FAM-X-000149,2025-01-21
ORD-0000532,ACC-000150,South City,Willow Street 4,Building 21,Unit 2,PC-3-0021,FAM-X-000150,2025-01-04
ORD-0000533,ACC-000150,South City,Willow Street 4,Building 21,Unit 2,PC-3-0021,FAM-X-000150,2025-06-25
ORD-0000534,ACC-000150,South City,Willow Street 4,Building 21,Unit 2,PC-3-0021,FAM-X-000150,2025-02-02
ORD-0000535,ACC-000151,South City,Willow Street 4,Building 21,Unit 3,PC-3-0021,FAM-00083,2025-02-19
ORD-0000536,ACC-000151,South City,Willow Street 4,Building 21,Unit 3,PC-3-0021,FAM-00083,2025-04-18
ORD-0000537,ACC-000151,South City,Willow Street 4,Building 21,Unit 3,PC-3-0021,FAM-00083,2025-04-25
ORD-0000538,ACC-000151,South City,Willow Street 4,Building 21,Unit 3,PC-3-0021,FAM-00083,2025-10-07
ORD-0000539,ACC-000151,South City,Willow Street 4,Building 21,Unit 3,PC-3-0021,FAM-00083,2025-04-21
ORD-0000540,ACC-000152,South City,Willow S 4,B ۲۱,۳,PC30021,FAM-X-000152,2025-01-27
ORD-0000541,ACC-000152,South City,Willow S 4,B ۲۱,۳,PC30021,FAM-X-000152,2025-05-30
ORD-0000542,ACC-000152,South City,Willow S 4,B ۲۱,۳,PC30021,FAM-X-000152,2025-02-20
ORD-0000543,ACC-000152,South City,Willow S 4,B ۲۱,۳,PC30021,FAM-X-000152,2025-12-10
ORD-0000544,ACC-000153,South City,Wilow St 4,B ۲۱,۴,,FAM-00084,2025-04-03
ORD-0000545,ACC-000153,South City,Wilow St 4,B ۲۱,۴,,FAM-00084,2025-06-15
ORD-0000546,ACC-000154,South City,Wllow St 4,B ۲۱,۴,PC30021,FAM-00084,2025-05-16
ORD-0000547,ACC-000154,South City,Wllow St 4,B ۲۱,۴,PC30021,FAM-00084,2025-11-01
ORD-0000548,ACC-000154,South City,Wllow St 4,B ۲۱,۴,PC30021,FAM-00084,2025-05-28
ORD-0000549,ACC-000154,South City,Wllow St 4,B ۲۱,۴,PC30021,FAM-00084,2025-02-10
ORD-0000550,ACC-000154,South City,Wllow St 4,B ۲۱,۴,PC30021,FAM-00084,2025-10-05
ORD-0000551,ACC-000155,North City,Ok St 4,B ۲۲,,,FAM-00085,2025-03-06
ORD-0000552,ACC-000155,North City,Ok St 4,B ۲۲,,,FAM-00085,2025-11-05
ORD-0000553,ACC-000155,North City,Ok St 4,B ۲۲,,,FAM-00085,2025-08-14
ORD-0000554,ACC-000155,North City,Ok St 4,B ۲۲,,,FAM-00085,2025-03-07
ORD-0000555,ACC-000155,North City,Ok St 4,B ۲۲,,,FAM-00085,2025-08-26
ORD-0000556,ACC-000156,NORTH CITY,Oak St. 4,Bldg-22,Apt ۱,PC 1 0022,FAM-00085,2025-11-17
ORD-0000557,ACC-000156,NORTH CITY,Oak St. 4,Bldg-22,Apt ۱,PC 1 0022,FAM-00085,2025-09-17
ORD-0000558,ACC-000156,NORTH CITY,Oak St. 4,Bldg-22,Apt ۱,PC 1 0022,FAM-00085,2025-02-18
ORD-0000559,ACC-000157,North City,Oak S 4,B ۲۲,۲,,FAM-00085,2025-03-31
ORD-0000560,ACC-000157,North City,Oak S 4,B ۲۲,۲,,FAM-00085,2025-04-19
ORD-0000561,ACC-000157,North City,Oak S 4,B ۲۲,۲,,FAM-00085,2025-02-28
ORD-0000562,ACC-000158,NORTH CITY,Oak St. 4,Bldg-22,Apt ۲,PC 1 0022,FAM-X-000158,2025-07-08
ORD-0000563,ACC-000158,NORTH CITY,Oak St. 4,Bldg-22,Apt ۲,PC 1 0022,FAM-X-000158,2025-04-14
ORD-0000564,ACC-000158,NORTH CITY,Oak St. 4,Bldg-22,Apt ۲,PC 1 0022,FAM-X-000158,2025-06-29
ORD-0000565,ACC-000159,NORTH CITY,Oak St. 4,Bldg-22,Apt ۲,PC 1 0022,FAM-X-000159,2025-07-15
ORD-0000566,ACC-000159,NORTH CITY,Oak St. 4,Bldg-22,Apt ۲,PC 1 0022,FAM-X-000159,2025-10-29
ORD-0000567,ACC-000159,NORTH CITY,Oak St. 4,Bldg-22,Apt ۲,PC 1 0022,FAM-X-000159,2025-06-08
ORD-0000568,ACC-000160,North City,Oak Street 4,Building 22,Unit 2,PC-1-0022,FAM-X-000160,2025-02-15
ORD-0000569,ACC-000160,North City,Oak Street 4,Building 22,Unit 2,PC-1-0022,FAM-X-000160,2025-03-08
ORD-0000570,ACC-000160,North City,Oak Street 4,Building 22,Unit 2,PC-1-0022,FAM-X-000160,2025-12-14
ORD-0000571,ACC-000161,NORTH CITY,Oak St. 4,Bldg-22,Apt ۲,PC 1 0022,FAM-X-000161,2025-12-14
ORD-0000572,ACC-000161,NORTH CITY,Oak St. 4,Bldg-22,Apt ۲,PC 1 0022,FAM-X-000161,2025-02-23
ORD-0000573,ACC-000161,NORTH CITY,Oak St. 4,Bldg-22,Apt ۲,PC 1 0022,FAM-X-000161,2025-03-01
ORD-0000574,ACC-000161,NORTH CITY,Oak St. 4,Bldg-22,Apt ۲,PC 1 0022,FAM-X-000161,2025-05-16
ORD-0000575,ACC-000161,NORTH CITY,Oak St. 4,Bldg-22,Apt ۲,PC 1 0022,FAM-X-000161,2025-07-22
ORD-0000576,ACC-000162,North City,Oak Street 4,Building 22,Unit 3,PC-1-0022,FAM-X-000162,2025-01-11
ORD-0000577,ACC-000162,North City,Oak Street 4,Building 22,Unit 3,PC-1-0022,FAM-X-000162,2025-05-19
ORD-0000578,ACC-000162,North City,Oak Street 4,Building 22,Unit 3,PC-1-0022,FAM-X-000162,2025-02-13
ORD-0000579,ACC-000162,North City,Oak Street 4,Building 22,Unit 3,PC-1-0022,FAM-X-000162,2025-02-27
ORD-0000580,ACC-000162,North City,Oak Street 4,Building 22,Unit 3,PC-1-0022,FAM-X-000162,2025-12-01
ORD-0000581,ACC-000163,NORTH CITY,Oak St. 4,Bldg-22,Apt ۴,PC 1 0022,FAM-X-000163,2025-06-19
ORD-0000582,ACC-000163,NORTH CITY,Oak St. 4,Bldg-22,Apt ۴,PC 1 0022,FAM-X-000163,2025-12-21
ORD-0000583,ACC-000164,Central City,Pie St 4,B ۲۳,۱,PC20023,FAM-00089,2025-02-25
ORD-0000584,ACC-000164,Central City,Pie St 4,B ۲۳,۱,PC20023,FAM-00089,2025-10-30
ORD-0000585,ACC-000164,Central City,Pie St 4,B ۲۳,۱,PC20023,FAM-00089,2025-12-03
ORD-0000586,ACC-000164,Central City,Pie St 4,B ۲۳,۱,PC20023,FAM-00089,2025-09-06
ORD-0000587,ACC-000164,Central City,Pie St 4,B ۲۳,۱,PC20023,FAM-00089,2025-05-05
ORD-0000588,ACC-000165,Central City,Pine Street 4,Building 23,Unit 1,PC-2-0023,FAM-00089,2025-10-17
ORD-0000589,ACC-000165,Central City,Pine Street 4,Building 23,Unit 1,PC-2-0023,FAM-00089,2025-08-29
ORD-0000590,ACC-000166,Central City,Pine Street 4,Building 23,Unit 2,PC-2-0023,FAM-X-000166,2025-03-18
ORD-0000591,ACC-000166,Central City,Pine Street 4,Building 23,Unit 2,PC-2-0023,FAM-X-000166,2025-12-04
ORD-0000592,ACC-000166,Central City,Pine Street 4,Building 23,Unit 2,PC-2-0023,FAM-X-000166,2025-07-13
ORD-0000593,ACC-000166,Central City,Pine Street 4,Building 23,Unit 2,PC-2-0023,FAM-X-000166,2025-06-09
ORD-0000594,ACC-000167,CENTRAL CITY,Pine St. 4,Bldg-23,Apt ۲,PC 2 0023,FAM-X-000167,2025-01-01
ORD-0000595,ACC-000167,CENTRAL CITY,Pine St. 4,Bldg-23,Apt ۲,PC 2 0023,FAM-X-000167,2025-07-21
ORD-0000596,ACC-000167,CENTRAL CITY,Pine St. 4,Bldg-23,Apt ۲,PC 2 0023,FAM-X-000167,2025-12-29
ORD-0000597,ACC-000167,CENTRAL CITY,Pine St. 4,Bldg-23,Apt ۲,PC 2 0023,FAM-X-000167,2025-04-13
ORD-0000598,ACC-000167,CENTRAL CITY,Pine St. 4,Bldg-23,Apt ۲,PC 2 0023,FAM-X-000167,2025-04-13
ORD-0000599,ACC-000168,Central City,Pine Street 4,Building 23,Unit 2,PC-2-0023,FAM-X-000168,2025-06-17
ORD-0000600,ACC-000168,Central City,Pine Street 4,Building 23,Unit 2,PC-2-0023,FAM-X-000168,2025-10-19
ORD-0000601,ACC-000168,Central City,Pine Street 4,Building 23,Unit 2,PC-2-0023,FAM-X-000168,2025-02-17
ORD-0000602,ACC-000169,CENTRAL CITY,Pine St. 4,Bldg-23,Apt ۳,PC 2 0023,FAM-X-000169,2025-05-24
ORD-0000603,ACC-000169,CENTRAL CITY,Pine St. 4,Bldg-23,Apt ۳,PC 2 0023,FAM-X-000169,2025-02-25
ORD-0000604,ACC-000169,CENTRAL CITY,Pine St. 4,Bldg-23,Apt ۳,PC 2 0023,FAM-X-000169,2025-12-03
ORD-0000605,ACC-000170,CENTRAL CITY,Pine St. 4,Bldg-23,Apt ۴,PC 2 0023,FAM-X-000170,2025-06-18
ORD-0000606,ACC-000170,CENTRAL CITY,Pine St. 4,Bldg-23,Apt ۴,PC 2 0023,FAM-X-000170,2025-04-21
ORD-0000607,ACC-000170,CENTRAL CITY,Pine St. 4,Bldg-23,Apt ۴,PC 2 0023,FAM-X-000170,2025-08-29
ORD-0000608,ACC-000170,CENTRAL CITY,Pine St. 4,Bldg-23,Apt ۴,PC 2 0023,FAM-X-000170,2025-08-29
ORD-0000609,ACC-000171,SOUTH CITY,Elm St. 4,Bldg-24,Apt ۱,PC 3 0024,FAM-X-000171,2025-07-22
ORD-0000610,ACC-000171,SOUTH CITY,Elm St. 4,Bldg-24,Apt ۱,PC 3 0024,FAM-X-000171,2025-03-06
ORD-0000611,ACC-000171,SOUTH CITY,Elm St. 4,Bldg-24,Apt ۱,PC 3 0024,FAM-X-000171,2025-02-03
ORD-0000612,ACC-000171,SOUTH CITY,Elm St. 4,Bldg-24,Apt ۱,PC 3 0024,FAM-X-000171,2025-09-05
ORD-0000613,ACC-000172,South City,Elm S 4,B ۲۴,,PC30024,FAM-X-000172,2025-09-30
ORD-0000614,ACC-000172,South City,Elm S 4,B ۲۴,,PC30024,FAM-X-000172,2025-10-01
ORD-0000615,ACC-000172,South City,Elm S 4,B ۲۴,,PC30024,FAM-X-000172,2025-04-12
ORD-0000616,ACC-000173,SOUTH CITY,Elm St. 4,Bldg-24,Apt ۲,PC 3 0024,FAM-X-000173,2025-05-12
ORD-0000617,ACC-000173,SOUTH CITY,Elm St. 4,Bldg-24,Apt ۲,PC 3 0024,FAM-X-000173,2025-12-12
ORD-0000618,ACC-000173,SOUTH CITY,Elm St. 4,Bldg-24,Apt ۲,PC 3 0024,FAM-X-000173,2025-09-18
ORD-0000619,ACC-000173,SOUTH CITY,Elm St. 4,Bldg-24,Apt ۲,PC 3 0024,FAM-X-000173,2025-05-14
ORD-0000620,ACC-000173,SOUTH CITY,Elm St. 4,Bldg-24,Apt ۲,PC 3 0024,FAM-X-000173,2025-09-26
ORD-0000621,ACC-000174,SOUTH CITY,Elm St. 4,Bldg-24,Apt ۲,PC 3 0024,FAM-X-000174,2025-11-23
ORD-0000622,ACC-000174,SOUTH CITY,Elm St. 4,Bldg-24,Apt ۲,PC 3 0024,FAM-X-000174,2025-07-25
ORD-0000623,ACC-000174,SOUTH CITY,Elm St. 4,Bldg-24,Apt ۲,PC 3 0024,FAM-X-000174,2025-02-24
ORD-0000624,ACC-000174,SOUTH CITY,Elm St. 4,Bldg-24,Apt ۲,PC 3 0024,FAM-X-000174,2025-09-20
ORD-0000625,ACC-000175,SOUTH CITY,Elm St. 4,Bldg-24,Apt ۳,PC 3 0024,FAM-X-000175,2025-08-25
ORD-0000626,ACC-000175,SOUTH CITY,Elm St. 4,Bldg-24,Apt ۳,PC 3 0024,FAM-X-000175,2025-05-27
ORD-0000627,ACC-000176,SOUTH CITY,Elm St. 4,Bldg-24,Apt ۳,PC 3 0024,FAM-X-000176,2025-06-19
ORD-0000628,ACC-000176,SOUTH CITY,Elm St. 4,Bldg-24,Apt ۳,PC 3 0024,FAM-X-000176,2025-06-10
ORD-0000629,ACC-000176,SOUTH CITY,Elm St. 4,Bldg-24,Apt ۳,PC 3 0024,FAM-X-000176,2025-04-05
ORD-0000630,ACC-000177,SOUTH CITY,Elm St. 4,Bldg-24,Apt ۴,PC 3 0024,FAM-X-000177,2025-02-17
ORD-0000631,ACC-000177,SOUTH CITY,Elm St. 4,Bldg-24,Apt ۴,PC 3 0024,FAM-X-000177,2025-08-28
ORD-0000632,ACC-000178,NORTH CITY,Cedar St. 5,Bldg-25,Apt ۱,PC 1 0025,FAM-00097,2025-10-12
ORD-0000633,ACC-000178,NORTH CITY,Cedar St. 5,Bldg-25,Apt ۱,PC 1 0025,FAM-00097,2025-12-10
ORD-0000634,ACC-000179,North City,Cedar Street 5,Building 25,Unit 1,PC-1-0025,FAM-00097,2025-03-04
ORD-0000635,ACC-000179,North City,Cedar Street 5,Building 25,Unit 1,PC-1-0025,FAM-00097,2025-02-17
ORD-0000636,ACC-000179,North City,Cedar Street 5,Building 25,Unit 1,PC-1-0025,FAM-00097,2025-11-14
ORD-0000637,ACC-000179,North City,Cedar Street 5,Building 25,Unit 1,PC-1-0025,FAM-00097,2025-04-11
ORD-0000638,ACC-000179,North City,Cedar Street 5,Building 25,Unit 1,PC-1-0025,FAM-00097,2025-10-07
ORD-0000639,ACC-000180,NORTH CITY,Cedar St. 5,Bldg-25,Apt ۲,PC 1 0025,FAM-X-000180,2025-11-30
ORD-0000640,ACC-000180,NORTH CITY,Cedar St. 5,Bldg-25,Apt ۲,PC 1 0025,FAM-X-000180,2025-11-29
ORD-0000641,ACC-000181,NORTH CITY,Cedar St. 5,Bldg-25,Apt ۳,PC 1 0025,FAM-X-000181,2025-09-14
ORD-0000642,ACC-000181,NORTH CITY,Cedar St. 5,Bldg-25,Apt ۳,PC 1 0025,FAM-X-000181,2025-10-08
ORD-0000643,ACC-000181,NORTH CITY,Cedar St. 5,Bldg-25,Apt ۳,PC 1 0025,FAM-X-000181,2025-12-14
ORD-0000644,ACC-000181,NORTH CITY,Cedar St. 5,Bldg-25,Apt ۳,PC 1 0025,FAM-X-000181,2025-08-01
ORD-0000645,ACC-000182,NORTH CITY,Cedar St. 5,Bldg-25,Apt ۴,PC 1 0025,FAM-X-000182,2025-01-24
ORD-0000646,ACC-000182,NORTH CITY,Cedar St. 5,Bldg-25,Apt ۴,PC 1 0025,FAM-X-000182,2025-04-27
ORD-0000647,ACC-000182,NORTH CITY,Cedar St. 5,Bldg-25,Apt ۴,PC 1 0025,FAM-X-000182,2025-09-20
ORD-0000648,ACC-000182,NORTH CITY,Cedar St. 5,Bldg-25,Apt ۴,PC 1 0025,FAM-X-000182,2025-12-23
ORD-0000649,ACC-000183,CENTRAL CITY,Maple St. 5,Bldg-26,Apt ۱,PC 2 0026,FAM-X-000183,2025-01-09
ORD-0000650,ACC-000183,CENTRAL CITY,Maple St. 5,Bldg-26,Apt ۱,PC 2 0026,FAM-X-000183,2025-07-16
ORD-0000651,ACC-000183,CENTRAL CITY,Maple St. 5,Bldg-26,Apt ۱,PC 2 0026,FAM-X-000183,2025-05-27
ORD-0000652,ACC-000183,CENTRAL CITY,Maple St. 5,Bldg-26,Apt ۱,PC 2 0026,FAM-X-000183,2025-09-13
ORD-0000653,ACC-000184,Central City,Maple S 5,B ۲۶,۲,,FAM-00102,2025-06-28
ORD-0000654,ACC-000184,Central City,Maple S 5,B ۲۶,۲,,FAM-00102,2025-06-11
ORD-0000655,ACC-000184,Central City,Maple S 5,B ۲۶,۲,,FAM-00102,2025-08-19
ORD-0000656,ACC-000184,Central City,Maple S 5,B ۲۶,۲,,FAM-00102,2025-10-24
ORD-0000657,ACC-000185,Central City,Maple Street 5,Building 26,Unit 2,PC-2-0026,FAM-X-000185,2025-12-15
ORD-0000658,ACC-000185,Central City,Maple Street 5,Building 26,Unit 2,PC-2-0026,FAM-X-000185,2025-12-04
ORD-0000659,ACC-000185,Central City,Maple Street 5,Building 26,Unit 2,PC-2-0026,FAM-X-000185,2025-04-26
ORD-0000660,ACC-000186,CENTRAL CITY,Maple St. 5,Bldg-26,Apt ۳,PC 2 0026,FAM-X-000186,2025-12-30
ORD-0000661,ACC-000186,CENTRAL CITY,Maple St. 5,Bldg-26,Apt ۳,PC 2 0026,FAM-X-000186,2025-10-07
ORD-0000662,ACC-000186,CENTRAL CITY,Maple St. 5,Bldg-26,Apt ۳,PC 2 0026,FAM-X-000186,2025-03-27
ORD-0000663,ACC-000186,CENTRAL CITY,Maple St. 5,Bldg-26,Apt ۳,PC 2 0026,FAM-X-000186,2025-10-06
ORD-0000664,ACC-000186,CENTRAL CITY,Maple St. 5,Bldg-26,Apt ۳,PC 2 0026,FAM-X-000186,2025-02-08
ORD-0000665,ACC-000187,CENTRAL CITY,Maple St. 5,Bldg-26,Apt ۳,PC 2 0026,FAM-X-000187,2025-09-13
ORD-0000666,ACC-000187,CENTRAL CITY,Maple St. 5,Bldg-26,Apt ۳,PC 2 0026,FAM-X-000187,2025-03-29
ORD-0000667,ACC-000187,CENTRAL CITY,Maple St. 5,Bldg-26,Apt ۳,PC 2 0026,FAM-X-000187,2025-08-10
ORD-0000668,ACC-000188,Central City,Maple Street 5,Building 26,Unit 3,PC-2-0026,FAM-X-000188,2025-04-22
ORD-0000669,ACC-000188,Central City,Maple Street 5,Building 26,Unit 3,PC-2-0026,FAM-X-000188,2025-04-05
ORD-0000670,ACC-000188,Central City,Maple Street 5,Building 26,Unit 3,PC-2-0026,FAM-X-000188,2025-06-18
ORD-0000671,ACC-000188,Central City,Maple Street 5,Building 26,Unit 3,PC-2-0026,FAM-X-000188,2025-08-02
ORD-0000672,ACC-000189,CENTRAL CITY,Maple St. 5,Bldg-26,Apt ۳,PC 2 0026,FAM-X-000189,2025-03-21
ORD-0000673,ACC-000189,CENTRAL CITY,Maple St. 5,Bldg-26,Apt ۳,PC 2 0026,FAM-X-000189,2025-08-28
ORD-0000674,ACC-000189,CENTRAL CITY,Maple St. 5,Bldg-26,Apt ۳,PC 2 0026,FAM-X-000189,2025-10-25
ORD-0000675,ACC-000190,Central City,Male St 5,B ۲۶,,,FAM-X-000190,2025-06-15
ORD-0000676,ACC-000190,Central City,Male St 5,B ۲۶,,,FAM-X-000190,2025-10-19
ORD-0000677,ACC-000191,Central City,Mapl St 5,B ۲۶,,,FAM-X-000191,2025-02-12
ORD-0000678,ACC-000191,Central City,Mapl St 5,B ۲۶,,,FAM-X-000191,2025-05-23
ORD-0000679,ACC-000191,Central City,Mapl St 5,B ۲۶,,,FAM-X-000191,2025-06-14
ORD-0000680,ACC-000191,Central City,Mapl St 5,B ۲۶,,,FAM-X-000191,2025-12-31
ORD-0000681,ACC-000191,Central City,Mapl St 5,B ۲۶,,,FAM-X-000191,2025-04-15
ORD-0000682,ACC-000192,CENTRAL CITY,Maple St. 5,Bldg-26,Apt ۴,PC 2 0026,FAM-X-000192,2025-05-27
ORD-0000683,ACC-000192,CENTRAL CITY,Maple St. 5,Bldg-26,Apt ۴,PC 2 0026,FAM-X-000192,2025-08-15
ORD-0000684,ACC-000193,South City,Willow Street 5,Building 27,Unit 1,PC-3-0027,FAM-X-000193,2025-02-20
ORD-0000685,ACC-000193,South City,Willow Street 5,Building 27,Unit 1,PC-3-0027,FAM-X-000193,2025-08-03
ORD-0000686,ACC-000193,South City,Willow Street 5,Building 27,Unit 1,PC-3-0027,FAM-X-000193,2025-10-16
ORD-0000687,ACC-000193,South City,Willow Street 5,Building 27,Unit 1,PC-3-0027,FAM-X-000193,2025-04-02
ORD-0000688,ACC-000193,South City,Willow Street 5,Building 27,Unit 1,PC-3-0027,FAM-X-000193,2025-04-09
ORD-0000689,ACC-000194,South City,Wilow St 5,B ۲۷,۱,PC30027,FAM-X-000194,2025-07-30
ORD-0000690,ACC-000194,South City,Wilow St 5,B ۲۷,۱,PC30027,FAM-X-000194,2025-03-06
ORD-0000691,ACC-000195,SOUTH CITY,Willow St. 5,Bldg-27,Apt ۱,PC 3 0027,FAM-X-000195,2025-07-21
ORD-0000692,ACC-000195,SOUTH CITY,Willow St. 5,Bldg-27,Apt ۱,PC 3 0027,FAM-X-000195,2025-03-30
ORD-0000693,ACC-000195,SOUTH CITY,Willow St. 5,Bldg-27,Apt ۱,PC 3 0027,FAM-X-000195,2025-07-02
ORD-0000694,ACC-000195,SOUTH CITY,Willow St. 5,Bldg-27,Apt ۱,PC 3 0027,FAM-X-000195,2025-04-18
ORD-0000695,ACC-000196,SOUTH CITY,Willow St. 5,Bldg-27,Apt ۱,PC 3 0027,FAM-X-000196,2025-01-01
ORD-0000696,ACC-000196,SOUTH CITY,Willow St. 5,Bldg-27,Apt ۱,PC 3 0027,FAM-X-000196,2025-12-29
ORD-0000697,ACC-000196,SOUTH CITY,Willow St. 5,Bldg-27,Apt ۱,PC 3 0027,FAM-X-000196,2025-01-09
ORD-0000698,ACC-000196,SOUTH CITY,Willow St. 5,Bldg-27,Apt ۱,PC 3 0027,FAM-X-000196,2025-12-31
ORD-0000699,ACC-000197,SOUTH CITY,Willow St. 5,Bldg-27,Apt ۲,PC 3 0027,FAM-X-000197,2025-04-27
ORD-0000700,ACC-000197,SOUTH CITY,Willow St. 5,Bldg-27,Apt ۲,PC 3 0027,FAM-X-000197,2025-04-19
ORD-0000701,ACC-000197,SOUTH CITY,Willow St. 5,Bldg-27,Apt ۲,PC 3 0027,FAM-X-000197,2025-06-18
ORD-0000702,ACC-000198,SOUTH CITY,Willow St. 5,Bldg-27,Apt ۲,PC 3 0027,FAM-00106,2025-09-03
ORD-0000703,ACC-000198,SOUTH CITY,Willow St. 5,Bldg-27,Apt ۲,PC 3 0027,FAM-00106,2025-10-06
ORD-0000704,ACC-000198,SOUTH CITY,Willow St. 5,Bldg-27,Apt ۲,PC 3 0027,FAM-00106,2025-05-09
ORD-0000705,ACC-000199,South City,Wilow St 5,B ۲۷,۳,PC30027,FAM-X-000199,2025-09-18
ORD-0000706,ACC-000199,South City,Wilow St 5,B ۲۷,۳,PC30027,FAM-X-000199,2025-10-20
ORD-0000707,ACC-000199,South City,Wilow St 5,B ۲۷,۳,PC30027,FAM-X-000199,2025-03-03
ORD-0000708,ACC-000200,South City,Wilow St 5,B ۲۷,,PC30027,FAM-X-000200,2025-02-05
ORD-0000709,ACC-000200,South City,Wilow St 5,B ۲۷,,PC30027,FAM-X-000200,2025-04-29
ORD-0000710,ACC-000200,South City,Wilow St 5,B ۲۷,,PC30027,FAM-X-000200,2025-02-26
ORD-0000711,ACC-000200,South City,Wilow St 5,B ۲۷,,PC30027,FAM-X-000200,2025-04-23
ORD-0000712,ACC-000200,South City,Wilow St 5,B ۲۷,,PC30027,FAM-X-000200,2025-07-14
ORD-0000713,ACC-000201,South City,Willow Street 5,Building 27,Unit 3,PC-3-0027,FAM-X-000201,2025-01-20
ORD-0000714,ACC-000201,South City,Willow Street 5,Building 27,Unit 3,PC-3-0027,FAM-X-000201,2025-03-24
ORD-0000715,ACC-000201,South City,Willow Street 5,Building 27,Unit 3,PC-3-0027,FAM-X-000201,2025-01-01
ORD-0000716,ACC-000201,South City,Willow Street 5,Building 27,Unit 3,PC-3-0027,FAM-X-000201,2025-02-01
ORD-0000717,ACC-000202,SOUTH CITY,Willow St. 5,Bldg-27,Apt ۴,PC 3 0027,FAM-X-000202,2025-05-05
ORD-0000718,ACC-000202,SOUTH CITY,Willow St. 5,Bldg-27,Apt ۴,PC 3 0027,FAM-X-000202,2025-03-03
ORD-0000719,ACC-000202,SOUTH CITY,Willow St. 5,Bldg-27,Apt ۴,PC 3 0027,FAM-X-000202,2025-01-10
ORD-0000720,ACC-000203,South City,Wllow St 5,B ۲۷,۴,,FAM-00108,2025-02-03
ORD-0000721,ACC-000203,South City,Wllow St 5,B ۲۷,۴,,FAM-00108,2025-06-04
ORD-0000722,ACC-000204,SOUTH CITY,Willow St. 5,Bldg-27,Apt ۴,PC 3 0027,FAM-00108,2025-04-30
ORD-0000723,ACC-000204,SOUTH CITY,Willow St. 5,Bldg-27,Apt ۴,PC 3 0027,FAM-00108,2025-10-02
ORD-0000724,ACC-000204,SOUTH CITY,Willow St. 5,Bldg-27,Apt ۴,PC 3 0027,FAM-00108,2025-03-15
ORD-0000725,ACC-000205,NORTH CITY,Oak St. 5,Bldg-28,Apt ۱,PC 1 0028,FAM-00109,2025-08-17
ORD-0000726,ACC-000205,NORTH CITY,Oak St. 5,Bldg-28,Apt ۱,PC 1 0028,FAM-00109,2025-03-18
ORD-0000727,ACC-000205,NORTH CITY,Oak St. 5,Bldg-28,Apt ۱,PC 1 0028,FAM-00109,2025-08-25
ORD-0000728,ACC-000205,NORTH CITY,Oak St. 5,Bldg-28,Apt ۱,PC 1 0028,FAM-00109,2025-10-02
ORD-0000729,ACC-000206,North City,Oak Street 5,Building 28,Unit 1,PC-1-0028,FAM-00109,2025-03-06
ORD-0000730,ACC-000206,North City,Oak Street 5,Building 28,Unit 1,PC-1-0028,FAM-00109,2025-03-01
ORD-0000731,ACC-000206,North City,Oak Street 5,Building 28,Unit 1,PC-1-0028,FAM-00109,2025-03-06
ORD-0000732,ACC-000207,North City,Oak t 5,B ۲۸,۱,,FAM-00109,2025-03-07
ORD-0000733,ACC-000207,North City,Oak t 5,B ۲۸,۱,,FAM-00109,2025-06-13
ORD-0000734,ACC-000207,North City,Oak t 5,B ۲۸,۱,,FAM-00109,2025-12-02
ORD-0000735,ACC-000207,North City,Oak t 5,B ۲۸,۱,,FAM-00109,2025-05-24
ORD-0000736,ACC-000207,North City,Oak t 5,B ۲۸,۱,,FAM-00109,2025-03-09
ORD-0000737,ACC-000208,North City,Oak S 5,B ۲۸,۳,,FAM-X-000208,2025-08-28
ORD-0000738,ACC-000208,North City,Oak S 5,B ۲۸,۳,,FAM-X-000208,2025-12-12
ORD-0000739,ACC-000208,North City,Oak S 5,B ۲۸,۳,,FAM-X-000208,2025-04-16
ORD-0000740,ACC-000209,NORTH CITY,Oak St. 5,Bldg-28,Apt ۲,PC 1 0028,FAM-X-000209,2025-07-26
ORD-0000741,ACC-000209,NORTH CITY,Oak St. 5,Bldg-28,Apt ۲,PC 1 0028,FAM-X-000209,2025-09-30
ORD-0000742,ACC-000210,North City,Oa St 5,B ۲۸,۲,,FAM-X-000210,2025-01-19
ORD-0000743,ACC-000210,North City,Oa St 5,B ۲۸,۲,,FAM-X-000210,2025-12-06
ORD-0000744,ACC-000210,North City,Oa St 5,B ۲۸,۲,,FAM-X-000210,2025-08-08
ORD-0000745,ACC-000210,North City,Oa St 5,B ۲۸,۲,,FAM-X-000210,2025-05-16
ORD-0000746,ACC-000211,North City,Oak Street 5,Building 28,Unit 2,PC-1-0028,FAM-X-000211,2025-04-16
ORD-0000747,ACC-000211,North City,Oak Street 5,Building 28,Unit 2,PC-1-0028,FAM-X-000211,2025-06-02
ORD-0000748,ACC-000211,North City,Oak Street 5,Building 28,Unit 2,PC-1-0028,FAM-X-000211,2025-04-05
ORD-0000749,ACC-000212,North City,Oak t 5,B ۲۸,۲,,FAM-X-000212,2025-04-09
ORD-0000750,ACC-000212,North City,Oak t 5,B ۲۸,۲,,FAM-X-000212,2025-02-18
ORD-0000751,ACC-000212,North City,Oak t 5,B ۲۸,۲,,FAM-X-000212,2025-07-10
ORD-0000752,ACC-000212,North City,Oak t 5,B ۲۸,۲,,FAM-X-000212,2025-03-01
ORD-0000753,ACC-000212,North City,Oak t 5,B ۲۸,۲,,FAM-X-000212,2025-04-25
ORD-0000754,ACC-000213,NORTH CITY,Oak St. 5,Bldg-28,Apt ۲,PC 1 0028,FAM-X-000213,2025-09-04
ORD-0000755,ACC-000213,NORTH CITY,Oak St. 5,Bldg-28,Apt ۲,PC 1 0028,FAM-X-000213,2025-11-05
ORD-0000756,ACC-000213,NORTH CITY,Oak St. 5,Bldg-28,Apt ۲,PC 1 0028,FAM-X-000213,2025-01-25
ORD-0000757,ACC-000213,NORTH CITY,Oak St. 5,Bldg-28,Apt ۲,PC 1 0028,FAM-X-000213,2025-05-13
ORD-0000758,ACC-000214,North City,ak St 5,B ۲۸,۳,,FAM-X-000214,2025-11-21
ORD-0000759,ACC-000214,North City,ak St 5,B ۲۸,۳,,FAM-X-000214,2025-02-04
ORD-0000760,ACC-000214,North City,ak St 5,B ۲۸,۳,,FAM-X-000214,2025-06-21
ORD-0000761,ACC-000214,North City,ak St 5,B ۲۸,۳,,FAM-X-000214,2025-10-30
ORD-0000762,ACC-000214,North City,ak St 5,B ۲۸,۳,,FAM-X-000214,2025-06-23
ORD-0000763,ACC-000215,North City,Oak Street 5,Building 28,Unit 4,PC-1-0028,FAM-00112,2025-03-13
ORD-0000764,ACC-000215,North City,Oak Street 5,Building 28,Unit 4,PC-1-0028,FAM-00112,2025-04-20
ORD-0000765,ACC-000215,North City,Oak Street 5,Building 28,Unit 4,PC-1-0028,FAM-00112,2025-09-06
ORD-0000766,ACC-000216,North City,Oak Street 5,Building 28,Unit 4,PC-1-0028,FAM-00112,2025-03-17
ORD-0000767,ACC-000216,North City,Oak Street 5,Building 28,Unit 4,PC-1-0028,FAM-00112,2025-02-08
ORD-0000768,ACC-000216,North City,Oak Street 5,Building 28,Unit 4,PC-1-0028,FAM-00112,2025-06-04
ORD-0000769,ACC-000217,North City,Oak Street 5,Building 28,Unit 4,PC-1-0028,FAM-00112,2025-11-11
ORD-0000770,ACC-000217,North City,Oak Street 5,Building 28,Unit 4,PC-1-0028,FAM-00112,2025-03-07
ORD-0000771,ACC-000217,North City,Oak Street 5,Building 28,Unit 4,PC-1-0028,FAM-00112,2025-04-27
ORD-0000772,ACC-000217,North City,Oak Street 5,Building 28,Unit 4,PC-1-0028,FAM-00112,2025-05-06
ORD-0000773,ACC-000218,North City,Oak Street 5,Building 28,Unit 4,PC-1-0028,FAM-00112,2025-05-05
ORD-0000774,ACC-000218,North City,Oak Street 5,Building 28,Unit 4,PC-1-0028,FAM-00112,2025-04-07
ORD-0000775,ACC-000218,North City,Oak Street 5,Building 28,Unit 4,PC-1-0028,FAM-00112,2025-12-06
ORD-0000776,ACC-000219,Central City,Pin St 5,B ۲۹,۱,,FAM-X-000219,2025-02-09
ORD-0000777,ACC-000219,Central City,Pin St 5,B ۲۹,۱,,FAM-X-000219,2025-01-19
ORD-0000778,ACC-000219,Central City,Pin St 5,B ۲۹,۱,,FAM-X-000219,2025-02-12
ORD-0000779,ACC-000219,Central City,Pin St 5,B ۲۹,۱,,FAM-X-000219,2025-06-17
ORD-0000780,ACC-000219,Central City,Pin St 5,B ۲۹,۱,,FAM-X-000219,2025-08-15
ORD-0000781,ACC-000220,Central City,ine St 5,B ۲۹,۲,,FAM-X-000220,2025-02-22
ORD-0000782,ACC-000220,Central City,ine St 5,B ۲۹,۲,,FAM-X-000220,2025-12-30
ORD-0000783,ACC-000220,Central City,ine St 5,B ۲۹,۲,,FAM-X-000220,2025-06-11
ORD-0000784,ACC-000220,Central City,ine St 5,B ۲۹,۲,,FAM-X-000220,2025-01-17
ORD-0000785,ACC-000220,Central City,ine St 5,B ۲۹,۲,,FAM-X-000220,2025-03-18
ORD-0000786,ACC-000221,Central City,Pie St 5,B ۲۹,۳,PC20029,FAM-X-000221,2025-03-04
ORD-0000787,ACC-000221,Central City,Pie St 5,B ۲۹,۳,PC20029,FAM-X-000221,2025-10-20
ORD-0000788,ACC-000221,Central City,Pie St 5,B ۲۹,۳,PC20029,FAM-X-000221,2025-12-24
ORD-0000789,ACC-000221,Central City,Pie St 5,B ۲۹,۳,PC20029,FAM-X-000221,2025-04-30
ORD-0000790,ACC-000221,Central City,Pie St 5,B ۲۹,۳,PC20029,FAM-X-000221,2025-07-02
ORD-0000791,ACC-000222,CENTRAL CITY,Pine St. 5,Bldg-29,Apt ۴,PC 2 0029,FAM-X-000222,2025-05-26
ORD-0000792,ACC-000222,CENTRAL CITY,Pine St. 5,Bldg-29,Apt ۴,PC 2 0029,FAM-X-000222,2025-10-18
ORD-0000793,ACC-000222,CENTRAL CITY,Pine St. 5,Bldg-29,Apt ۴,PC 2 0029,FAM-X-000222,2025-08-02
ORD-0000794,ACC-000222,CENTRAL CITY,Pine St. 5,Bldg-29,Apt ۴,PC 2 0029,FAM-X-000222,2025-06-21
ORD-0000795,ACC-000222,CENTRAL CITY,Pine St. 5,Bldg-29,Apt ۴,PC 2 0029,FAM-X-000222,2025-02-16
ORD-0000796,ACC-000223,CENTRAL CITY,Pine St. 5,Bldg-29,Apt ۴,PC 2 0029,FAM-X-000223,2025-03-12
ORD-0000797,ACC-000223,CENTRAL CITY,Pine St. 5,Bldg-29,Apt ۴,PC 2 0029,FAM-X-000223,2025-12-25
ORD-0000798,ACC-000224,SOUTH CITY,Elm St. 5,Bldg-30,Apt ۱,PC 3 0030,FAM-00117,2025-06-10
ORD-0000799,ACC-000224,SOUTH CITY,Elm St. 5,Bldg-30,Apt ۱,PC 3 0030,FAM-00117,2025-06-07
ORD-0000800,ACC-000225,SOUTH CITY,Elm St. 5,Bldg-30,Apt ۱,PC 3 0030,FAM-X-000225,2025-12-07
ORD-0000801,ACC-000225,SOUTH CITY,Elm St. 5,Bldg-30,Apt ۱,PC 3 0030,FAM-X-000225,2025-09-24
ORD-0000802,ACC-000225,SOUTH CITY,Elm St. 5,Bldg-30,Apt ۱,PC 3 0030,FAM-X-000225,2025-05-23
ORD-0000803,ACC-000225,SOUTH CITY,Elm St. 5,Bldg-30,Apt ۱,PC 3 0030,FAM-X-000225,2025-10-10
ORD-0000804,ACC-000225,SOUTH CITY,Elm St. 5,Bldg-30,Apt ۱,PC 3 0030,FAM-X-000225,2025-05-01
ORD-0000805,ACC-000226,SOUTH CITY,Elm St. 5,Bldg-30,Apt ۱,PC 3 0030,FAM-00117,2025-06-18
ORD-0000806,ACC-000226,SOUTH CITY,Elm St. 5,Bldg-30,Apt ۱,PC 3 0030,FAM-00117,2025-04-17
ORD-0000807,ACC-000226,SOUTH CITY,Elm St. 5,Bldg-30,Apt ۱,PC 3 0030,FAM-00117,2025-08-29
ORD-0000808,ACC-000227,SOUTH CITY,Elm St. 5,Bldg-30,Apt ۱,PC 3 0030,FAM-00117,2025-05-07
ORD-0000809,ACC-000227,SOUTH CITY,Elm St. 5,Bldg-30,Apt ۱,PC 3 0030,FAM-00117,2025-01-26
ORD-0000810,ACC-000227,SOUTH CITY,Elm St. 5,Bldg-30,Apt ۱,PC 3 0030,FAM-00117,2025-05-19
ORD-0000811,ACC-000227,SOUTH CITY,Elm St. 5,Bldg-30,Apt ۱,PC 3 0030,FAM-00117,2025-07-14
ORD-0000812,ACC-000227,SOUTH CITY,Elm St. 5,Bldg-30,Apt ۱,PC 3 0030,FAM-00117,2025-02-04
ORD-0000813,ACC-000228,SOUTH CITY,Elm St. 5,Bldg-30,Apt ۲,PC 3 0030,FAM-X-000228,2025-05-23
ORD-0000814,ACC-000228,SOUTH CITY,Elm St. 5,Bldg-30,Apt ۲,PC 3 0030,FAM-X-000228,2025-11-12
ORD-0000815,ACC-000228,SOUTH CITY,Elm St. 5,Bldg-30,Apt ۲,PC 3 0030,FAM-X-000228,2025-03-20
ORD-0000816,ACC-000228,SOUTH CITY,Elm St. 5,Bldg-30,Apt ۲,PC 3 0030,FAM-X-000228,2025-10-12
ORD-0000817,ACC-000228,SOUTH CITY,Elm St. 5,Bldg-30,Apt ۲,PC 3 0030,FAM-X-000228,2025-07-25
ORD-0000818,ACC-000229,South City,lm St 5,B ۳۰,۳,PC30030,FAM-00119,2025-08-28
ORD-0000819,ACC-000229,South City,lm St 5,B ۳۰,۳,PC30030,FAM-00119,2025-12-12
ORD-0000820,ACC-000229,South City,lm St 5,B ۳۰,۳,PC30030,FAM-00119,2025-11-06
ORD-0000821,ACC-000229,South City,lm St 5,B ۳۰,۳,PC30030,FAM-00119,2025-05-24
ORD-0000822,ACC-000230,South City,Elm S 5,B ۳۰,۳,,FAM-00119,2025-11-30
ORD-0000823,ACC-000230,South City,Elm S 5,B ۳۰,۳,,FAM-00119,2025-07-25
ORD-0000824,ACC-000231,South City,Elm Street 5,Building 30,Unit 3,PC-3-0030,FAM-00119,2025-11-08
ORD-0000825,ACC-000231,South City,Elm Street 5,Building 30,Unit 3,PC-3-0030,FAM-00119,2025-03-29
ORD-0000826,ACC-000232,South City,El St 5,B ۳۰,۵,PC30030,FAM-00120,2025-07-26
ORD-0000827,ACC-000232,South City,El St 5,B ۳۰,۵,PC30030,FAM-00120,2025-01-22
ORD-0000828,ACC-000232,South City,El St 5,B ۳۰,۵,PC30030,FAM-00120,2025-04-09
ORD-0000829,ACC-000232,South City,El St 5,B ۳۰,۵,PC30030,FAM-00120,2025-09-03
ORD-0000830,ACC-000232,South City,El St 5,B ۳۰,۵,PC30030,FAM-00120,2025-02-28
ORD-0000831,ACC-000233,SOUTH CITY,Elm St. 5,Bldg-30,Apt ۴,PC 3 0030,FAM-00120,2025-07-15
ORD-0000832,ACC-000233,SOUTH CITY,Elm St. 5,Bldg-30,Apt ۴,PC 3 0030,FAM-00120,2025-03-29
ORD-0000833,ACC-000234,North City,Cedar S 6,B ۳۱,۲,,FAM-X-000234,2025-11-17
ORD-0000834,ACC-000234,North City,Cedar S 6,B ۳۱,۲,,FAM-X-000234,2025-07-31
ORD-0000835,ACC-000234,North City,Cedar S 6,B ۳۱,۲,,FAM-X-000234,2025-05-17
ORD-0000836,ACC-000234,North City,Cedar S 6,B ۳۱,۲,,FAM-X-000234,2025-02-12
ORD-0000837,ACC-000234,North City,Cedar S 6,B ۳۱,۲,,FAM-X-000234,2025-02-06
ORD-0000838,ACC-000235,North City,Cdar St 6,B ۳۱,۱,PC10031,FAM-X-000235,2025-09-24
ORD-0000839,ACC-000235,North City,Cdar St 6,B ۳۱,۱,PC10031,FAM-X-000235,2025-08-10
ORD-0000840,ACC-000235,North City,Cdar St 6,B ۳۱,۱,PC10031,FAM-X-000235,2025-11-29
ORD-0000841,ACC-000235,North City,Cdar St 6,B ۳۱,۱,PC10031,FAM-X-000235,2025-06-05
ORD-0000842,ACC-000236,NORTH CITY,Cedar St. 6,Bldg-31,Apt ۱,PC 1 0031,FAM-X-000236,2025-06-02
ORD-0000843,ACC-000236,NORTH CITY,Cedar St. 6,Bldg-31,Apt ۱,PC 1 0031,FAM-X-000236,2025-02-16
ORD-0000844,ACC-000237,North City,edar St 6,B ۳۱,۱,,FAM-X-000237,2025-04-21
ORD-0000845,ACC-000237,North City,edar St 6,B ۳۱,۱,,FAM-X-000237,2025-09-24
ORD-0000846,ACC-000237,North City,edar St 6,B ۳۱,۱,,FAM-X-000237,2025-11-16
ORD-0000847,ACC-000237,North City,edar St 6,B ۳۱,۱,,FAM-X-000237,2025-01-25
ORD-0000848,ACC-000238,NORTH CITY,Cedar St. 6,Bldg-31,Apt ۱,PC 1 0031,FAM-X-000238,2025-07-04
ORD-0000849,ACC-000238,NORTH CITY,Cedar St. 6,Bldg-31,Apt ۱,PC 1 0031,FAM-X-000238,2025-06-19
ORD-0000850,ACC-000239,NORTH CITY,Cedar St. 6,Bldg-31,Apt ۱,PC 1 0031,FAM-X-000239,2025-03-01
ORD-0000851,ACC-000239,NORTH CITY,Cedar St. 6,Bldg-31,Apt ۱,PC 1 0031,FAM-X-000239,2025-08-17
ORD-0000852,ACC-000239,NORTH CITY,Cedar St. 6,Bldg-31,Apt ۱,PC 1 0031,FAM-X-000239,2025-09-01
ORD-0000853,ACC-000239,NORTH CITY,Cedar St. 6,Bldg-31,Apt ۱,PC 1 0031,FAM-X-000239,2025-02-11
ORD-0000854,ACC-000240,NORTH CITY,Cedar St. 6,Bldg-31,Apt ۲,PC 1 0031,FAM-00122,2025-12-06
ORD-0000855,ACC-000240,NORTH CITY,Cedar St. 6,Bldg-31,Apt ۲,PC 1 0031,FAM-00122,2025-03-20
ORD-0000856,ACC-000240,NORTH CITY,Cedar St. 6,Bldg-31,Apt ۲,PC 1 0031,FAM-00122,2025-06-13
ORD-0000857,ACC-000241,North City,Cedar Street 6,Building 31,Unit 2,PC-1-0031,FAM-00122,2025-03-09
ORD-0000858,ACC-000241,North City,Cedar Street 6,Building 31,Unit 2,PC-1-0031,FAM-00122,2025-02-05
ORD-0000859,ACC-000242,North City,Cdar St 6,B ۳۱,۳,PC10031,FAM-X-000242,2025-11-19
ORD-0000860,ACC-000242,North City,Cdar St 6,B ۳۱,۳,PC10031,FAM-X-000242,2025-08-20
ORD-0000861,ACC-000243,NORTH CITY,Cedar St. 6,Bldg-31,Apt ۳,PC 1 0031,FAM-00123,2025-01-14
ORD-0000862,ACC-000243,NORTH CITY,Cedar St. 6,Bldg-31,Apt ۳,PC 1 0031,FAM-00123,2025-03-16
ORD-0000863,ACC-000243,NORTH CITY,Cedar St. 6,Bldg-31,Apt ۳,PC 1 0031,FAM-00123,2025-07-15
ORD-0000864,ACC-000244,North City,Ceda St 6,B ۳۱,۳,PC10031,FAM-00123,2025-07-10
ORD-0000865,ACC-000244,North City,Ceda St 6,B ۳۱,۳,PC10031,FAM-00123,2025-11-26
ORD-0000866,ACC-000245,North City,Cedar Street 6,Building 31,Unit 3,PC-1-0031,FAM-X-000245,2025-11-02
ORD-0000867,ACC-000245,North City,Cedar Street 6,Building 31,Unit 3,PC-1-0031,FAM-X-000245,2025-11-29
ORD-0000868,ACC-000245,North City,Cedar Street 6,Building 31,Unit 3,PC-1-0031,FAM-X-000245,2025-02-12
ORD-0000869,ACC-000245,North City,Cedar Street 6,Building 31,Unit 3,PC-1-0031,FAM-X-000245,2025-04-14
ORD-0000870,ACC-000245,North City,Cedar Street 6,Building 31,Unit 3,PC-1-0031,FAM-X-000245,2025-01-22
ORD-0000871,ACC-000246,NORTH CITY,Cedar St. 6,Bldg-31,Apt ۴,PC 1 0031,FAM-X-000246,2025-07-27
ORD-0000872,ACC-000246,NORTH CITY,Cedar St. 6,Bldg-31,Apt ۴,PC 1 0031,FAM-X-000246,2025-09-16
ORD-0000873,ACC-000246,NORTH CITY,Cedar St. 6,Bldg-31,Apt ۴,PC 1 0031,FAM-X-000246,2025-05-25
ORD-0000874,ACC-000246,NORTH CITY,Cedar St. 6,Bldg-31,Apt ۴,PC 1 0031,FAM-X-000246,2025-10-17
ORD-0000875,ACC-000246,NORTH CITY,Cedar St. 6,Bldg-31,Apt ۴,PC 1 0031,FAM-X-000246,2025-06-12
ORD-0000876,ACC-000247,North City,Cedar Street 6,Building 31,Unit 4,PC-1-0031,FAM-X-000247,2025-04-24
ORD-0000877,ACC-000247,North City,Cedar Street 6,Building 31,Unit 4,PC-1-0031,FAM-X-000247,2025-10-16
ORD-0000878,ACC-000247,North City,Cedar Street 6,Building 31,Unit 4,PC-1-0031,FAM-X-000247,2025-03-11
ORD-0000879,ACC-000248,North City,Cedar Street 6,Building 31,Unit 4,PC-1-0031,FAM-X-000248,2025-02-04
ORD-0000880,ACC-000248,North City,Cedar Street 6,Building 31,Unit 4,PC-1-0031,FAM-X-000248,2025-09-03
ORD-0000881,ACC-000249,Central City,Maple S 6,B ۳۲,۱,PC20032,FAM-X-000249,2025-02-16
ORD-0000882,ACC-000249,Central City,Maple S 6,B ۳۲,۱,PC20032,FAM-X-000249,2025-12-03
ORD-0000883,ACC-000249,Central City,Maple S 6,B ۳۲,۱,PC20032,FAM-X-000249,2025-10-18
ORD-0000884,ACC-000249,Central City,Maple S 6,B ۳۲,۱,PC20032,FAM-X-000249,2025-04-20
ORD-0000885,ACC-000250,CENTRAL CITY,Maple St. 6,Bldg-32,Apt ۱,PC 2 0032,FAM-X-000250,2025-12-19
ORD-0000886,ACC-000250,CENTRAL CITY,Maple St. 6,Bldg-32,Apt ۱,PC 2 0032,FAM-X-000250,2025-11-25
ORD-0000887,ACC-000250,CENTRAL CITY,Maple St. 6,Bldg-32,Apt ۱,PC 2 0032,FAM-X-000250,2025-03-20
ORD-0000888,ACC-000250,CENTRAL CITY,Maple St. 6,Bldg-32,Apt ۱,PC 2 0032,FAM-X-000250,2025-12-21
ORD-0000889,ACC-000251,CENTRAL CITY,Maple St. 6,Bldg-32,Apt ۱,PC 2 0032,FAM-X-000251,2025-06-26
ORD-0000890,ACC-000251,CENTRAL CITY,Maple St. 6,Bldg-32,Apt ۱,PC 2 0032,FAM-X-000251,2025-06-16
ORD-0000891,ACC-000251,CENTRAL CITY,Maple St. 6,Bldg-32,Apt ۱,PC 2 0032,FAM-X-000251,2025-06-16
ORD-0000892,ACC-000251,CENTRAL CITY,Maple St. 6,Bldg-32,Apt ۱,PC 2 0032,FAM-X-000251,2025-11-11
ORD-0000893,ACC-000251,CENTRAL CITY,Maple St. 6,Bldg-32,Apt ۱,PC 2 0032,FAM-X-000251,2025-05-22
ORD-0000894,ACC-000252,CENTRAL CITY,Maple St. 6,Bldg-32,Apt ۲,PC 2 0032,FAM-X-000252,2025-02-02
ORD-0000895,ACC-000252,CENTRAL CITY,Maple St. 6,Bldg-32,Apt ۲,PC 2 0032,FAM-X-000252,2025-09-22
ORD-0000896,ACC-000253,Central City,aple St 6,B ۳۲,۳,,FAM-00127,2025-03-17
ORD-0000897,ACC-000253,Central City,aple St 6,B ۳۲,۳,,FAM-00127,2025-04-14
ORD-0000898,ACC-000253,Central City,aple St 6,B ۳۲,۳,,FAM-00127,2025-12-23
ORD-0000899,ACC-000253,Central City,aple St 6,B ۳۲,۳,,FAM-00127,2025-10-26
ORD-0000900,ACC-000253,Central City,aple St 6,B ۳۲,۳,,FAM-00127,2025-03-21
ORD-0000901,ACC-000254,CENTRAL CITY,Maple St. 6,Bldg-32,Apt ۳,PC 2 0032,FAM-X-000254,2025-12-23
ORD-0000902,ACC-000254,CENTRAL CITY,Maple St. 6,Bldg-32,Apt ۳,PC 2 0032,FAM-X-000254,2025-01-15
ORD-0000903,ACC-000254,CENTRAL CITY,Maple St. 6,Bldg-32,Apt ۳,PC 2 0032,FAM-X-000254,2025-03-28
ORD-0000904,ACC-000254,CENTRAL CITY,Maple St. 6,Bldg-32,Apt ۳,PC 2 0032,FAM-X-000254,2025-07-25
ORD-0000905,ACC-000254,CENTRAL CITY,Maple St. 6,Bldg-32,Apt ۳,PC 2 0032,FAM-X-000254,2025-01-18
ORD-0000906,ACC-000255,Central City,Maple Street 6,Building 32,Unit 3,PC-2-0032,FAM-00127,2025-03-13
ORD-0000907,ACC-000255,Central City,Maple Street 6,Building 32,Unit 3,PC-2-0032,FAM-00127,2025-02-24
ORD-0000908,ACC-000256,CENTRAL CITY,Maple St. 6,Bldg-32,Apt ۴,PC 2 0032,FAM-00128,2025-07-05
ORD-0000909,ACC-000256,CENTRAL CITY,Maple St. 6,Bldg-32,Apt ۴,PC 2 0032,FAM-00128,2025-10-20
ORD-0000910,ACC-000256,CENTRAL CITY,Maple St. 6,Bldg-32,Apt ۴,PC 2 0032,FAM-00128,2025-11-12
ORD-0000911,ACC-000256,CENTRAL CITY,Maple St. 6,Bldg-32,Apt ۴,PC 2 0032,FAM-00128,2025-08-14
ORD-0000912,ACC-000257,Central City,aple St 6,B ۳۲,۴,,FAM-00128,2025-05-29
ORD-0000913,ACC-000257,Central City,aple St 6,B ۳۲,۴,,FAM-00128,2025-06-09
ORD-0000914,ACC-000257,Central City,aple St 6,B ۳۲,۴,,FAM-00128,2025-08-15
ORD-0000915,ACC-000258,CENTRAL CITY,Maple St. 6,Bldg-32,Apt ۴,PC 2 0032,FAM-00128,2025-02-15
ORD-0000916,ACC-000258,CENTRAL CITY,Maple St. 6,Bldg-32,Apt ۴,PC 2 0032,FAM-00128,2025-07-17
ORD-0000917,ACC-000258,CENTRAL CITY,Maple St. 6,Bldg-32,Apt ۴,PC 2 0032,FAM-00128,2025-06-04
ORD-0000918,ACC-000258,CENTRAL CITY,Maple St. 6,Bldg-32,Apt ۴,PC 2 0032,FAM-00128,2025-03-08
ORD-0000919,ACC-000258,CENTRAL CITY,Maple St. 6,Bldg-32,Apt ۴,PC 2 0032,FAM-00128,2025-08-14
ORD-0000920,ACC-000259,CENTRAL CITY,Maple St. 6,Bldg-32,Apt ۴,PC 2 0032,FAM-00128,2025-03-01
ORD-0000921,ACC-000259,CENTRAL CITY,Maple St. 6,Bldg-32,Apt ۴,PC 2 0032,FAM-00128,2025-06-08
ORD-0000922,ACC-000259,CENTRAL CITY,Maple St. 6,Bldg-32,Apt ۴,PC 2 0032,FAM-00128,2025-10-22
ORD-0000923,ACC-000260,South City,Wllow St 6,B ۳۳,۲,,FAM-00129,2025-07-09
ORD-0000924,ACC-000260,South City,Wllow St 6,B ۳۳,۲,,FAM-00129,2025-01-12
ORD-0000925,ACC-000260,South City,Wllow St 6,B ۳۳,۲,,FAM-00129,2025-07-05
ORD-0000926,ACC-000260,South City,Wllow St 6,B ۳۳,۲,,FAM-00129,2025-12-08
ORD-0000927,ACC-000261,South City,Wilow St 6,B ۳۳,۱,,FAM-00129,2025-01-25
ORD-0000928,ACC-000261,South City,Wilow St 6,B ۳۳,۱,,FAM-00129,2025-09-25
ORD-0000929,ACC-000261,South City,Wilow St 6,B ۳۳,۱,,FAM-00129,2025-08-05
ORD-0000930,ACC-000261,South City,Wilow St 6,B ۳۳,۱,,FAM-00129,2025-03-29
ORD-0000931,ACC-000261,South City,Wilow St 6,B ۳۳,۱,,FAM-00129,2025-03-25
ORD-0000932,ACC-000262,SOUTH CITY,Willow St. 6,Bldg-33,Apt ۱,PC 3 0033,FAM-00129,2025-12-25
ORD-0000933,ACC-000262,SOUTH CITY,Willow St. 6,Bldg-33,Apt ۱,PC 3 0033,FAM-00129,2025-01-07
ORD-0000934,ACC-000262,SOUTH CITY,Willow St. 6,Bldg-33,Apt ۱,PC 3 0033,FAM-00129,2025-06-21
ORD-0000935,ACC-000262,SOUTH CITY,Willow St. 6,Bldg-33,Apt ۱,PC 3 0033,FAM-00129,2025-06-30
ORD-0000936,ACC-000263,South City,Willow S 6,B ۳۳,۲,PC30033,FAM-00130,2025-08-21
ORD-0000937,ACC-000263,South City,Willow S 6,B ۳۳,۲,PC30033,FAM-00130,2025-03-12
ORD-0000938,ACC-000263,South City,Willow S 6,B ۳۳,۲,PC30033,FAM-00130,2025-11-09
ORD-0000939,ACC-000264,SOUTH CITY,Willow St. 6,Bldg-33,Apt ۲,PC 3 0033,FAM-00130,2025-08-30
ORD-0000940,ACC-000264,SOUTH CITY,Willow St. 6,Bldg-33,Apt ۲,PC 3 0033,FAM-00130,2025-10-11
ORD-0000941,ACC-000264,SOUTH CITY,Willow St. 6,Bldg-33,Apt ۲,PC 3 0033,FAM-00130,2025-09-03
ORD-0000942,ACC-000265,SOUTH CITY,Willow St. 6,Bldg-33,Apt ۳,PC 3 0033,FAM-X-000265,2025-06-05
ORD-0000943,ACC-000265,SOUTH CITY,Willow St. 6,Bldg-33,Apt ۳,PC 3 0033,FAM-X-000265,2025-08-18
ORD-0000944,ACC-000265,SOUTH CITY,Willow St. 6,Bldg-33,Apt ۳,PC 3 0033,FAM-X-000265,2025-10-24
ORD-0000945,ACC-000265,SOUTH CITY,Willow St. 6,Bldg-33,Apt ۳,PC 3 0033,FAM-X-000265,2025-05-15
ORD-0000946,ACC-000266,SOUTH CITY,Willow St. 6,Bldg-33,Apt ۳,PC 3 0033,FAM-X-000266,2025-06-28
ORD-0000947,ACC-000266,SOUTH CITY,Willow St. 6,Bldg-33,Apt ۳,PC 3 0033,FAM-X-000266,2025-06-17
ORD-0000948,ACC-000266,SOUTH CITY,Willow St. 6,Bldg-33,Apt ۳,PC 3 0033,FAM-X-000266,2025-07-14
ORD-0000949,ACC-000266,SOUTH CITY,Willow St. 6,Bldg-33,Apt ۳,PC 3 0033,FAM-X-000266,2025-03-20
ORD-0000950,ACC-000267,SOUTH CITY,Willow St. 6,Bldg-33,Apt ۳,PC 3 0033,FAM-X-000267,2025-02-17
ORD-0000951,ACC-000267,SOUTH CITY,Willow St. 6,Bldg-33,Apt ۳,PC 3 0033,FAM-X-000267,2025-05-22
ORD-0000952,ACC-000267,SOUTH CITY,Willow St. 6,Bldg-33,Apt ۳,PC 3 0033,FAM-X-000267,2025-03-14
ORD-0000953,ACC-000268,SOUTH CITY,Willow St. 6,Bldg-33,Apt ۳,PC 3 0033,FAM-X-000268,2025-09-30
ORD-0000954,ACC-000268,SOUTH CITY,Willow St. 6,Bldg-33,Apt ۳,PC 3 0033,FAM-X-000268,2025-03-23
ORD-0000955,ACC-000269,South City,Willow Street 6,Building 33,Unit 3,PC-3-0033,FAM-X-000269,2025-07-25
ORD-0000956,ACC-000269,South City,Willow Street 6,Building 33,Unit 3,PC-3-0033,FAM-X-000269,2025-02-10
ORD-0000957,ACC-000269,South City,Willow Street 6,Building 33,Unit 3,PC-3-0033,FAM-X-000269,2025-02-06
ORD-0000958,ACC-000269,South City,Willow Street 6,Building 33,Unit 3,PC-3-0033,FAM-X-000269,2025-12-15
ORD-0000959,ACC-000269,South City,Willow Street 6,Building 33,Unit 3,PC-3-0033,FAM-X-000269,2025-10-20
ORD-0000960,ACC-000270,South City,Willow Street 6,Building 33,Unit 3,PC-3-0033,FAM-X-000270,2025-05-25
ORD-0000961,ACC-000270,South City,Willow Street 6,Building 33,Unit 3,PC-3-0033,FAM-X-000270,2025-04-17
ORD-0000962,ACC-000271,SOUTH CITY,Willow St. 6,Bldg-33,Apt ۴,PC 3 0033,FAM-X-000271,2025-09-16
ORD-0000963,ACC-000271,SOUTH CITY,Willow St. 6,Bldg-33,Apt ۴,PC 3 0033,FAM-X-000271,2025-11-02
ORD-0000964,ACC-000272,SOUTH CITY,Willow St. 6,Bldg-33,Apt ۴,PC 3 0033,FAM-X-000272,2025-10-15
ORD-0000965,ACC-000272,SOUTH CITY,Willow St. 6,Bldg-33,Apt ۴,PC 3 0033,FAM-X-000272,2025-06-24
ORD-0000966,ACC-000273,North City,Oak Street 6,Building 34,Unit 1,PC-1-0034,FAM-X-000273,2025-04-23
ORD-0000967,ACC-000273,North City,Oak Street 6,Building 34,Unit 1,PC-1-0034,FAM-X-000273,2025-05-20
ORD-0000968,ACC-000274,North City,Oak Street 6,Building 34,Unit 2,PC-1-0034,FAM-X-000274,2025-06-04
ORD-0000969,ACC-000274,North City,Oak Street 6,Building 34,Unit 2,PC-1-0034,FAM-X-000274,2025-06-25
ORD-0000970,ACC-000275,North City,ak St 6,B ۳۴,۲,,FAM-X-000275,2025-06-10
ORD-0000971,ACC-000275,North City,ak St 6,B ۳۴,۲,,FAM-X-000275,2025-10-27
ORD-0000972,ACC-000275,North City,ak St 6,B ۳۴,۲,,FAM-X-000275,2025-04-12
ORD-0000973,ACC-000275,North City,ak St 6,B ۳۴,۲,,FAM-X-000275,2025-03-29
ORD-0000974,ACC-000275,North City,ak St 6,B ۳۴,۲,,FAM-X-000275,2025-05-04
ORD-0000975,ACC-000276,NORTH CITY,Oak St. 6,Bldg-34,Apt ۳,PC 1 0034,FAM-X-000276,2025-05-06
ORD-0000976,ACC-000276,NORTH CITY,Oak St. 6,Bldg-34,Apt ۳,PC 1 0034,FAM-X-000276,2025-05-24
ORD-0000977,ACC-000276,NORTH CITY,Oak St. 6,Bldg-34,Apt ۳,PC 1 0034,FAM-X-000276,2025-09-20
ORD-0000978,ACC-000277,North City,Oak Street 6,Building 34,Unit 4,PC-1-0034,FAM-00136,2025-01-06
ORD-0000979,ACC-000277,North City,Oak Street 6,Building 34,Unit 4,PC-1-0034,FAM-00136,2025-06-10
ORD-0000980,ACC-000278,NORTH CITY,Oak St. 6,Bldg-34,Apt ۴,PC 1 0034,FAM-00136,2025-03-28
ORD-0000981,ACC-000278,NORTH CITY,Oak St. 6,Bldg-34,Apt ۴,PC 1 0034,FAM-00136,2025-07-16
ORD-0000982,ACC-000278,NORTH CITY,Oak St. 6,Bldg-34,Apt ۴,PC 1 0034,FAM-00136,2025-10-06
ORD-0000983,ACC-000278,NORTH CITY,Oak St. 6,Bldg-34,Apt ۴,PC 1 0034,FAM-00136,2025-01-22
ORD-0000984,ACC-000278,NORTH CITY,Oak St. 6,Bldg-34,Apt ۴,PC 1 0034,FAM-00136,2025-12-06
ORD-0000985,ACC-000279,NORTH CITY,Oak St. 6,Bldg-34,Apt ۴,PC 1 0034,FAM-00136,2025-11-13
ORD-0000986,ACC-000279,NORTH CITY,Oak St. 6,Bldg-34,Apt ۴,PC 1 0034,FAM-00136,2025-08-16
ORD-0000987,ACC-000280,Central City,Pine S 6,B ۳۵,۱,,FAM-X-000280,2025-01-30
ORD-0000988,ACC-000280,Central City,Pine S 6,B ۳۵,۱,,FAM-X-000280,2025-09-17
ORD-0000989,ACC-000280,Central City,Pine S 6,B ۳۵,۱,,FAM-X-000280,2025-01-06
ORD-0000990,ACC-000280,Central City,Pine S 6,B ۳۵,۱,,FAM-X-000280,2025-07-31
ORD-0000991,ACC-000280,Central City,Pine S 6,B ۳۵,۱,,FAM-X-000280,2025-06-24
ORD-0000992,ACC-000281,CENTRAL CITY,Pine St. 6,Bldg-35,Apt ۱,PC 2 0035,FAM-X-000281,2025-05-29
ORD-0000993,ACC-000281,CENTRAL CITY,Pine St. 6,Bldg-35,Apt ۱,PC 2 0035,FAM-X-000281,2025-06-14
ORD-0000994,ACC-000281,CENTRAL CITY,Pine St. 6,Bldg-35,Apt ۱,PC 2 0035,FAM-X-000281,2025-07-27
ORD-0000995,ACC-000282,Central City,Pine Street 6,Building 35,Unit 2,PC-2-0035,FAM-X-000282,2025-03-24
ORD-0000996,ACC-000282,Central City,Pine Street 6,Building 35,Unit 2,PC-2-0035,FAM-X-000282,2025-03-13
ORD-0000997,ACC-000282,Central City,Pine Street 6,Building 35,Unit 2,PC-2-0035,FAM-X-000282,2025-10-17
ORD-0000998,ACC-000282,Central City,Pine Street 6,Building 35,Unit 2,PC-2-0035,FAM-X-000282,2025-01-26
ORD-0000999,ACC-000283,Central City,Pine S 6,B ۳۵,۲,PC20035,FAM-X-000283,2025-04-25
ORD-0001000,ACC-000283,Central City,Pine S 6,B ۳۵,۲,PC20035,FAM-X-000283,2025-02-16
ORD-0001001,ACC-000284,CENTRAL CITY,Pine St. 6,Bldg-35,Apt ۳,PC 2 0035,FAM-X-000284,2025-08-18
ORD-0001002,ACC-000284,CENTRAL CITY,Pine St. 6,Bldg-35,Apt ۳,PC 2 0035,FAM-X-000284,2025-12-09
ORD-0001003,ACC-000284,CENTRAL CITY,Pine St. 6,Bldg-35,Apt ۳,PC 2 0035,FAM-X-000284,2025-06-07
ORD-0001004,ACC-000285,Central City,Pine Street 6,Building 35,Unit 4,PC-2-0035,FAM-00140,2025-09-30
ORD-0001005,ACC-000285,Central City,Pine Street 6,Building 35,Unit 4,PC-2-0035,FAM-00140,2025-01-22
ORD-0001006,ACC-000285,Central City,Pine Street 6,Building 35,Unit 4,PC-2-0035,FAM-00140,2025-08-18
ORD-0001007,ACC-000286,CENTRAL CITY,Pine St. 6,Bldg-35,Apt ۴,PC 2 0035,FAM-X-000286,2025-01-02
ORD-0001008,ACC-000286,CENTRAL CITY,Pine St. 6,Bldg-35,Apt ۴,PC 2 0035,FAM-X-000286,2025-09-06
ORD-0001009,ACC-000286,CENTRAL CITY,Pine St. 6,Bldg-35,Apt ۴,PC 2 0035,FAM-X-000286,2025-09-02
ORD-0001010,ACC-000286,CENTRAL CITY,Pine St. 6,Bldg-35,Apt ۴,PC 2 0035,FAM-X-000286,2025-03-12
ORD-0001011,ACC-000286,CENTRAL CITY,Pine St. 6,Bldg-35,Apt ۴,PC 2 0035,FAM-X-000286,2025-09-28
ORD-0001012,ACC-000287,South City,lm St 6,B ۳۶,,PC30036,FAM-00141,2025-03-27
ORD-0001013,ACC-000287,South City,lm St 6,B ۳۶,,PC30036,FAM-00141,2025-12-17
ORD-0001014,ACC-000287,South City,lm St 6,B ۳۶,,PC30036,FAM-00141,2025-04-11
ORD-0001015,ACC-000288,South City,lm St 6,B ۳۶,۲,,FAM-00141,2025-10-11
ORD-0001016,ACC-000288,South City,lm St 6,B ۳۶,۲,,FAM-00141,2025-10-11
ORD-0001017,ACC-000288,South City,lm St 6,B ۳۶,۲,,FAM-00141,2025-08-11
ORD-0001018,ACC-000289,SOUTH CITY,Elm St. 6,Bldg-36,Apt ۱,PC 3 0036,FAM-X-000289,2025-11-03
ORD-0001019,ACC-000289,SOUTH CITY,Elm St. 6,Bldg-36,Apt ۱,PC 3 0036,FAM-X-000289,2025-03-19
ORD-0001020,ACC-000289,SOUTH CITY,Elm St. 6,Bldg-36,Apt ۱,PC 3 0036,FAM-X-000289,2025-09-04
ORD-0001021,ACC-000289,SOUTH CITY,Elm St. 6,Bldg-36,Apt ۱,PC 3 0036,FAM-X-000289,2025-01-02
ORD-0001022,ACC-000289,SOUTH CITY,Elm St. 6,Bldg-36,Apt ۱,PC 3 0036,FAM-X-000289,2025-07-28
ORD-0001023,ACC-000290,South City,Elm Street 6,Building 36,Unit 2,PC-3-0036,FAM-X-000290,2025-03-18
ORD-0001024,ACC-000290,South City,Elm Street 6,Building 36,Unit 2,PC-3-0036,FAM-X-000290,2025-03-17
ORD-0001025,ACC-000290,South City,Elm Street 6,Building 36,Unit 2,PC-3-0036,FAM-X-000290,2025-11-24
ORD-0001026,ACC-000290,South City,Elm Street 6,Building 36,Unit 2,PC-3-0036,FAM-X-000290,2025-07-09
ORD-0001027,ACC-000291,South City,lm St 6,B ۳۶,,PC30036,FAM-X-000291,2025-02-27
ORD-0001028,ACC-000291,South City,lm St 6,B ۳۶,,PC30036,FAM-X-000291,2025-05-16
ORD-0001029,ACC-000291,South City,lm St 6,B ۳۶,,PC30036,FAM-X-000291,2025-03-28
ORD-0001030,ACC-000292,South City,Elm Street 6,Building 36,Unit 2,PC-3-0036,FAM-X-000292,2025-07-25
ORD-0001031,ACC-000292,South City,Elm Street 6,Building 36,Unit 2,PC-3-0036,FAM-X-000292,2025-05-30
ORD-0001032,ACC-000293,SOUTH CITY,Elm St. 6,Bldg-36,Apt ۲,PC 3 0036,FAM-X-000293,2025-11-11
ORD-0001033,ACC-000293,SOUTH CITY,Elm St. 6,Bldg-36,Apt ۲,PC 3 0036,FAM-X-000293,2025-07-12
ORD-0001034,ACC-000293,SOUTH CITY,Elm St. 6,Bldg-36,Apt ۲,PC 3 0036,FAM-X-000293,2025-08-23
ORD-0001035,ACC-000293,SOUTH CITY,Elm St. 6,Bldg-36,Apt ۲,PC 3 0036,FAM-X-000293,2025-09-27
ORD-0001036,ACC-000294,South City,Elm t 6,B ۳۶,۲,,FAM-X-000294,2025-12-04
ORD-0001037,ACC-000294,South City,Elm t 6,B ۳۶,۲,,FAM-X-000294,2025-01-27
ORD-0001038,ACC-000295,SOUTH CITY,Elm St. 6,Bldg-36,Apt ۲,PC 3 0036,FAM-X-000295,2025-02-01
ORD-0001039,ACC-000295,SOUTH CITY,Elm St. 6,Bldg-36,Apt ۲,PC 3 0036,FAM-X-000295,2025-10-03
ORD-0001040,ACC-000296,SOUTH CITY,Elm St. 6,Bldg-36,Apt ۳,PC 3 0036,FAM-X-000296,2025-03-15
ORD-0001041,ACC-000296,SOUTH CITY,Elm St. 6,Bldg-36,Apt ۳,PC 3 0036,FAM-X-000296,2025-03-05
ORD-0001042,ACC-000297,South City,lm St 6,B ۳۶,۴,PC30036,FAM-00144,2025-04-11
ORD-0001043,ACC-000297,South City,lm St 6,B ۳۶,۴,PC30036,FAM-00144,2025-02-13
ORD-0001044,ACC-000297,South City,lm St 6,B ۳۶,۴,PC30036,FAM-00144,2025-04-03
ORD-0001045,ACC-000297,South City,lm St 6,B ۳۶,۴,PC30036,FAM-00144,2025-04-11
ORD-0001046,ACC-000298,South City,lm St 6,B ۳۶,۴,,FAM-X-000298,2025-05-26
ORD-0001047,ACC-000298,South City,lm St 6,B ۳۶,۴,,FAM-X-000298,2025-04-04
ORD-0001048,ACC-000298,South City,lm St 6,B ۳۶,۴,,FAM-X-000298,2025-01-13
ORD-0001049,ACC-000298,South City,lm St 6,B ۳۶,۴,,FAM-X-000298,2025-02-01
ORD-0001050,ACC-000299,North City,Cedar Street 7,Building 37,Unit 1,PC-1-0037,FAM-X-000299,2025-05-24
ORD-0001051,ACC-000299,North City,Cedar Street 7,Building 37,Unit 1,PC-1-0037,FAM-X-000299,2025-12-01
ORD-0001052,ACC-000300,North City,edar St 7,B ۳۷,۱,,FAM-X-000300,2025-11-10
ORD-0001053,ACC-000300,North City,edar St 7,B ۳۷,۱,,FAM-X-000300,2025-11-13
ORD-0001054,ACC-000301,NORTH CITY,Cedar St. 7,Bldg-37,Apt ۲,PC 1 0037,FAM-X-000301,2025-10-05
ORD-0001055,ACC-000301,NORTH CITY,Cedar St. 7,Bldg-37,Apt ۲,PC 1 0037,FAM-X-000301,2025-08-08
ORD-0001056,ACC-000301,NORTH CITY,Cedar St. 7,Bldg-37,Apt ۲,PC 1 0037,FAM-X-000301,2025-02-16
ORD-0001057,ACC-000301,NORTH CITY,Cedar St. 7,Bldg-37,Apt ۲,PC 1 0037,FAM-X-000301,2025-02-14
ORD-0001058,ACC-000302,NORTH CITY,Cedar St. 7,Bldg-37,Apt ۳,PC 1 0037,FAM-X-000302,2025-01-21
ORD-0001059,ACC-000302,NORTH CITY,Cedar St. 7,Bldg-37,Apt ۳,PC 1 0037,FAM-X-000302,2025-11-16
ORD-0001060,ACC-000302,NORTH CITY,Cedar St. 7,Bldg-37,Apt ۳,PC 1 0037,FAM-X-000302,2025-03-10
ORD-0001061,ACC-000302,NORTH CITY,Cedar St. 7,Bldg-37,Apt ۳,PC 1 0037,FAM-X-000302,2025-07-12
ORD-0001062,ACC-000302,NORTH CITY,Cedar St. 7,Bldg-37,Apt ۳,PC 1 0037,FAM-X-000302,2025-12-26
ORD-0001063,ACC-000303,North City,Cedar t 7,B ۳۷,۳,,FAM-X-000303,2025-02-13
ORD-0001064,ACC-000303,North City,Cedar t 7,B ۳۷,۳,,FAM-X-000303,2025-12-27
ORD-0001065,ACC-000303,North City,Cedar t 7,B ۳۷,۳,,FAM-X-000303,2025-03-28
ORD-0001066,ACC-000304,NORTH CITY,Cedar St. 7,Bldg-37,Apt ۳,PC 1 0037,FAM-X-000304,2025-07-04
ORD-0001067,ACC-000304,NORTH CITY,Cedar St. 7,Bldg-37,Apt ۳,PC 1 0037,FAM-X-000304,2025-07-04
ORD-0001068,ACC-000304,NORTH CITY,Cedar St. 7,Bldg-37,Apt ۳,PC 1 0037,FAM-X-000304,2025-08-01
ORD-0001069,ACC-000304,NORTH CITY,Cedar St. 7,Bldg-37,Apt ۳,PC 1 0037,FAM-X-000304,2025-11-10
ORD-0001070,ACC-000305,North City,Cear St 7,B ۳۷,۳,,FAM-X-000305,2025-09-26
ORD-0001071,ACC-000305,North City,Cear St 7,B ۳۷,۳,,FAM-X-000305,2025-04-16
ORD-0001072,ACC-000305,North City,Cear St 7,B ۳۷,۳,,FAM-X-000305,2025-09-05
ORD-0001073,ACC-000305,North City,Cear St 7,B ۳۷,۳,,FAM-X-000305,2025-04-03
ORD-0001074,ACC-000305,North City,Cear St 7,B ۳۷,۳,,FAM-X-000305,2025-07-10
ORD-0001075,ACC-000306,North City,edar St 7,B ۳۷,۴,PC10037,FAM-X-000306,2025-02-27
ORD-0001076,ACC-000306,North City,edar St 7,B ۳۷,۴,PC10037,FAM-X-000306,2025-12-26
ORD-0001077,ACC-000306,North City,edar St 7,B ۳۷,۴,PC10037,FAM-X-000306,2025-05-24
ORD-0001078,ACC-000306,North City,edar St 7,B ۳۷,۴,PC10037,FAM-X-000306,2025-05-09
ORD-0001079,ACC-000307,Central City,Mapl St 7,B ۳۸,,PC20038,FAM-00149,2025-07-08
ORD-0001080,ACC-000307,Central City,Mapl St 7,B ۳۸,,PC20038,FAM-00149,2025-10-15
ORD-0001081,ACC-000307,Central City,Mapl St 7,B ۳۸,,PC20038,FAM-00149,2025-08-08
ORD-0001082,ACC-000308,Central City,Male St 7,B ۳۸,۱,,FAM-00149,2025-05-03
ORD-0001083,ACC-000308,Central City,Male St 7,B ۳۸,۱,,FAM-00149,2025-03-27
ORD-0001084,ACC-000309,Central City,Maple Street 7,Building 38,Unit 2,PC-2-0038,FAM-X-000309,2025-06-16
ORD-0001085,ACC-000309,Central City,Maple Street 7,Building 38,Unit 2,PC-2-0038,FAM-X-000309,2025-03-22
ORD-0001086,ACC-000309,Central City,Maple Street 7,Building 38,Unit 2,PC-2-0038,FAM-X-000309,2025-12-02
ORD-0001087,ACC-000309,Central City,Maple Street 7,Building 38,Unit 2,PC-2-0038,FAM-X-000309,2025-09-17
ORD-0001088,ACC-000310,CENTRAL CITY,Maple St. 7,Bldg-38,Apt ۲,PC 2 0038,FAM-X-000310,2025-06-30
ORD-0001089,ACC-000310,CENTRAL CITY,Maple St. 7,Bldg-38,Apt ۲,PC 2 0038,FAM-X-000310,2025-06-23
ORD-0001090,ACC-000310,CENTRAL CITY,Maple St. 7,Bldg-38,Apt ۲,PC 2 0038,FAM-X-000310,2025-01-21
ORD-0001091,ACC-000310,CENTRAL CITY,Maple St. 7,Bldg-38,Apt ۲,PC 2 0038,FAM-X-000310,2025-06-15
ORD-0001092,ACC-000311,CENTRAL CITY,Maple St. 7,Bldg-38,Apt ۳,PC 2 0038,FAM-X-000311,2025-11-13
ORD-0001093,ACC-000311,CENTRAL CITY,Maple St. 7,Bldg-38,Apt ۳,PC 2 0038,FAM-X-000311,2025-01-19
ORD-0001094,ACC-000311,CENTRAL CITY,Maple St. 7,Bldg-38,Apt ۳,PC 2 0038,FAM-X-000311,2025-05-12
ORD-0001095,ACC-000312,Central City,Maple Street 7,Building 38,Unit 3,PC-2-0038,FAM-X-000312,2025-03-23
ORD-0001096,ACC-000312,Central City,Maple Street 7,Building 38,Unit 3,PC-2-0038,FAM-X-000312,2025-09-30
ORD-0001097,ACC-000312,Central City,Maple Street 7,Building 38,Unit 3,PC-2-0038,FAM-X-000312,2025-09-26
ORD-0001098,ACC-000312,Central City,Maple Street 7,Building 38,Unit 3,PC-2-0038,FAM-X-000312,2025-11-20
ORD-0001099,ACC-000313,Central City,Maple Street 7,Building 38,Unit 3,PC-2-0038,FAM-00151,2025-10-12
ORD-0001100,ACC-000313,Central City,Maple Street 7,Building 38,Unit 3,PC-2-0038,FAM-00151,2025-10-19
ORD-0001101,ACC-000313,Central City,Maple Street 7,Building 38,Unit 3,PC-2-0038,FAM-00151,2025-03-31
ORD-0001102,ACC-000314,Central City,Maple Street 7,Building 38,Unit 3,PC-2-0038,FAM-00151,2025-12-16
ORD-0001103,ACC-000314,Central City,Maple Street 7,Building 38,Unit 3,PC-2-0038,FAM-00151,2025-06-11
ORD-0001104,ACC-000314,Central City,Maple Street 7,Building 38,Unit 3,PC-2-0038,FAM-00151,2025-09-17
ORD-0001105,ACC-000315,CENTRAL CITY,Maple St. 7,Bldg-38,Apt ۴,PC 2 0038,FAM-X-000315,2025-06-23
ORD-0001106,ACC-000315,CENTRAL CITY,Maple St. 7,Bldg-38,Apt ۴,PC 2 0038,FAM-X-000315,2025-02-14
ORD-0001107,ACC-000316,CENTRAL CITY,Maple St. 7,Bldg-38,Apt ۴,PC 2 0038,FAM-X-000316,2025-04-24
ORD-0001108,ACC-000316,CENTRAL CITY,Maple St. 7,Bldg-38,Apt ۴,PC 2 0038,FAM-X-000316,2025-03-15
ORD-0001109,ACC-000316,CENTRAL CITY,Maple St. 7,Bldg-38,Apt ۴,PC 2 0038,FAM-X-000316,2025-01-07
ORD-0001110,ACC-000317,SOUTH CITY,Willow St. 7,Bldg-39,Apt ۱,PC 3 0039,FAM-00153,2025-04-07
ORD-0001111,ACC-000317,SOUTH CITY,Willow St. 7,Bldg-39,Apt ۱,PC 3 0039,FAM-00153,2025-12-21
ORD-0001112,ACC-000317,SOUTH CITY,Willow St. 7,Bldg-39,Apt ۱,PC 3 0039,FAM-00153,2025-03-03
ORD-0001113,ACC-000317,SOUTH CITY,Willow St. 7,Bldg-39,Apt ۱,PC 3 0039,FAM-00153,2025-11-26
ORD-0001114,ACC-000317,SOUTH CITY,Willow St. 7,Bldg-39,Apt ۱,PC 3 0039,FAM-00153,2025-09-05
ORD-0001115,ACC-000318,SOUTH CITY,Willow St. 7,Bldg-39,Apt ۱,PC 3 0039,FAM-00153,2025-04-17
ORD-0001116,ACC-000318,SOUTH CITY,Willow St. 7,Bldg-39,Apt ۱,PC 3 0039,FAM-00153,2025-03-19
ORD-0001117,ACC-000318,SOUTH CITY,Willow St. 7,Bldg-39,Apt ۱,PC 3 0039,FAM-00153,2025-02-18
ORD-0001118,ACC-000318,SOUTH CITY,Willow St. 7,Bldg-39,Apt ۱,PC 3 0039,FAM-00153,2025-02-02
ORD-0001119,ACC-000318,SOUTH CITY,Willow St. 7,Bldg-39,Apt ۱,PC 3 0039,FAM-00153,2025-03-10
ORD-0001120,ACC-000319,South City,Willow Street 7,Building 39,Unit 1,PC-3-0039,FAM-X-000319,2025-02-02
ORD-0001121,ACC-000319,South City,Willow Street 7,Building 39,Unit 1,PC-3-0039,FAM-X-000319,2025-01-28
ORD-0001122,ACC-000320,South City,illow St 7,B ۳۹,۲,,FAM-X-000320,2025-05-30
ORD-0001123,ACC-000320,South City,illow St 7,B ۳۹,۲,,FAM-X-000320,2025-11-18
ORD-0001124,ACC-000320,South City,illow St 7,B ۳۹,۲,,FAM-X-000320,2025-04-23
ORD-0001125,ACC-000320,South City,illow St 7,B ۳۹,۲,,FAM-X-000320,2025-08-22
ORD-0001126,ACC-000320,South City,illow St 7,B ۳۹,۲,,FAM-X-000320,2025-06-10
ORD-0001127,ACC-000321,SOUTH CITY,Willow St. 7,Bldg-39,Apt ۳,PC 3 0039,FAM-00155,2025-01-25
ORD-0001128,ACC-000321,SOUTH CITY,Willow St. 7,Bldg-39,Apt ۳,PC 3 0039,FAM-00155,2025-03-03
ORD-0001129,ACC-000321,SOUTH CITY,Willow St. 7,Bldg-39,Apt ۳,PC 3 0039,FAM-00155,2025-06-03
ORD-0001130,ACC-000321,SOUTH CITY,Willow St. 7,Bldg-39,Apt ۳,PC 3 0039,FAM-00155,2025-10-18
ORD-0001131,ACC-000322,South City,Willow Street 7,Building 39,Unit 3,PC-3-0039,FAM-00155,2025-03-31
ORD-0001132,ACC-000322,South City,Willow Street 7,Building 39,Unit 3,PC-3-0039,FAM-00155,2025-10-19
ORD-0001133,ACC-000322,South City,Willow Street 7,Building 39,Unit 3,PC-3-0039,FAM-00155,2025-11-04
ORD-0001134,ACC-000322,South City,Willow Street 7,Building 39,Unit 3,PC-3-0039,FAM-00155,2025-09-09
ORD-0001135,ACC-000322,South City,Willow Street 7,Building 39,Unit 3,PC-3-0039,FAM-00155,2025-05-01
ORD-0001136,ACC-000323,SOUTH CITY,Willow St. 7,Bldg-39,Apt ۳,PC 3 0039,FAM-X-000323,2025-01-29
ORD-0001137,ACC-000323,SOUTH CITY,Willow St. 7,Bldg-39,Apt ۳,PC 3 0039,FAM-X-000323,2025-11-18
ORD-0001138,ACC-000323,SOUTH CITY,Willow St. 7,Bldg-39,Apt ۳,PC 3 0039,FAM-X-000323,2025-10-07
ORD-0001139,ACC-000323,SOUTH CITY,Willow St. 7,Bldg-39,Apt ۳,PC 3 0039,FAM-X-000323,2025-03-17
ORD-0001140,ACC-000323,SOUTH CITY,Willow St. 7,Bldg-39,Apt ۳,PC 3 0039,FAM-X-000323,2025-04-23
ORD-0001141,ACC-000324,SOUTH CITY,Willow St. 7,Bldg-39,Apt ۴,PC 3 0039,FAM-X-000324,2025-11-29
ORD-0001142,ACC-000324,SOUTH CITY,Willow St. 7,Bldg-39,Apt ۴,PC 3 0039,FAM-X-000324,2025-02-10
ORD-0001143,ACC-000324,SOUTH CITY,Willow St. 7,Bldg-39,Apt ۴,PC 3 0039,FAM-X-000324,2025-04-18
ORD-0001144,ACC-000324,SOUTH CITY,Willow St. 7,Bldg-39,Apt ۴,PC 3 0039,FAM-X-000324,2025-12-26
ORD-0001145,ACC-000325,NORTH CITY,Oak St. 7,Bldg-40,Apt ۱,PC 1 0040,FAM-X-000325,2025-04-14
ORD-0001146,ACC-000325,NORTH CITY,Oak St. 7,Bldg-40,Apt ۱,PC 1 0040,FAM-X-000325,2025-08-15
ORD-0001147,ACC-000325,NORTH CITY,Oak St. 7,Bldg-40,Apt ۱,PC 1 0040,FAM-X-000325,2025-06-12
ORD-0001148,ACC-000325,NORTH CITY,Oak St. 7,Bldg-40,Apt ۱,PC 1 0040,FAM-X-000325,2025-08-11
ORD-0001149,ACC-000326,NORTH CITY,Oak St. 7,Bldg-40,Apt ۲,PC 1 0040,FAM-00158,2025-09-07
ORD-0001150,ACC-000326,NORTH CITY,Oak St. 7,Bldg-40,Apt ۲,PC 1 0040,FAM-00158,2025-08-11
ORD-0001151,ACC-000326,NORTH CITY,Oak St. 7,Bldg-40,Apt ۲,PC 1 0040,FAM-00158,2025-01-28
ORD-0001152,ACC-000326,NORTH CITY,Oak St. 7,Bldg-40,Apt ۲,PC 1 0040,FAM-00158,2025-10-02
ORD-0001153,ACC-000327,NORTH CITY,Oak St. 7,Bldg-40,Apt ۲,PC 1 0040,FAM-00158,2025-12-30
ORD-0001154,ACC-000327,NORTH CITY,Oak St. 7,Bldg-40,Apt ۲,PC 1 0040,FAM-00158,2025-03-23
ORD-0001155,ACC-000327,NORTH CITY,Oak St. 7,Bldg-40,Apt ۲,PC 1 0040,FAM-00158,2025-05-01
ORD-0001156,ACC-000328,North City,Oa St 7,B ۴۰,۳,PC10040,FAM-00159,2025-07-02
ORD-0001157,ACC-000328,North City,Oa St 7,B ۴۰,۳,PC10040,FAM-00159,2025-01-31
ORD-0001158,ACC-000328,North City,Oa St 7,B ۴۰,۳,PC10040,FAM-00159,2025-08-15
ORD-0001159,ACC-000328,North City,Oa St 7,B ۴۰,۳,PC10040,FAM-00159,2025-09-21
ORD-0001160,ACC-000329,NORTH CITY,Oak St. 7,Bldg-40,Apt ۳,PC 1 0040,FAM-00159,2025-08-23
ORD-0001161,ACC-000329,NORTH CITY,Oak St. 7,Bldg-40,Apt ۳,PC 1 0040,FAM-00159,2025-08-08
ORD-0001162,ACC-000329,NORTH CITY,Oak St. 7,Bldg-40,Apt ۳,PC 1 0040,FAM-00159,2025-12-31
ORD-0001163,ACC-000329,NORTH CITY,Oak St. 7,Bldg-40,Apt ۳,PC 1 0040,FAM-00159,2025-09-27
ORD-0001164,ACC-000329,NORTH CITY,Oak St. 7,Bldg-40,Apt ۳,PC 1 0040,FAM-00159,2025-02-13
ORD-0001165,ACC-000330,NORTH CITY,Oak St. 7,Bldg-40,Apt ۳,PC 1 0040,FAM-00159,2025-07-07
ORD-0001166,ACC-000330,NORTH CITY,Oak St. 7,Bldg-40,Apt ۳,PC 1 0040,FAM-00159,2025-12-03
ORD-0001167,ACC-000331,North City,Oa St 7,B ۴۰,۴,,FAM-00160,2025-08-03
ORD-0001168,ACC-000331,North City,Oa St 7,B ۴۰,۴,,FAM-00160,2025-01-01
ORD-0001169,ACC-000332,NORTH CITY,Oak St. 7,Bldg-40,Apt ۴,PC 1 0040,FAM-00160,2025-09-25
ORD-0001170,ACC-000332,NORTH CITY,Oak St. 7,Bldg-40,Apt ۴,PC 1 0040,FAM-00160,2025-09-16
ORD-0001171,ACC-000332,NORTH CITY,Oak St. 7,Bldg-40,Apt ۴,PC 1 0040,FAM-00160,2025-01-12
ORD-0001172,ACC-000332,NORTH CITY,Oak St. 7,Bldg-40,Apt ۴,PC 1 0040,FAM-00160,2025-03-20
ORD-0001173,ACC-000333,Central City,Pin St 7,B ۴۱,,,FAM-X-000333,2025-04-30
ORD-0001174,ACC-000333,Central City,Pin St 7,B ۴۱,,,FAM-X-000333,2025-05-25
ORD-0001175,ACC-000334,CENTRAL CITY,Pine St. 7,Bldg-41,Apt ۲,PC 2 0041,FAM-X-000334,2025-02-25
ORD-0001176,ACC-000334,CENTRAL CITY,Pine St. 7,Bldg-41,Apt ۲,PC 2 0041,FAM-X-000334,2025-03-26
ORD-0001177,ACC-000334,CENTRAL CITY,Pine St. 7,Bldg-41,Apt ۲,PC 2 0041,FAM-X-000334,2025-04-02
ORD-0001178,ACC-000334,CENTRAL CITY,Pine St. 7,Bldg-41,Apt ۲,PC 2 0041,FAM-X-000334,2025-11-27
ORD-0001179,ACC-000335,Central City,Pine t 7,B ۴۱,۳,,FAM-X-000335,2025-05-08
ORD-0001180,ACC-000335,Central City,Pine t 7,B ۴۱,۳,,FAM-X-000335,2025-04-02
ORD-0001181,ACC-000336,Central City,Pine Street 7,Building 41,Unit 3,PC-2-0041,FAM-X-000336,2025-08-01
ORD-0001182,ACC-000336,Central City,Pine Street 7,Building 41,Unit 3,PC-2-0041,FAM-X-000336,2025-10-02
ORD-0001183,ACC-000336,Central City,Pine Street 7,Building 41,Unit 3,PC-2-0041,FAM-X-000336,2025-12-29
ORD-0001184,ACC-000336,Central City,Pine Street 7,Building 41,Unit 3,PC-2-0041,FAM-X-000336,2025-01-04
ORD-0001185,ACC-000337,Central City,Pine S 7,B ۴۱,۴,,FAM-00164,2025-10-31
ORD-0001186,ACC-000337,Central City,Pine S 7,B ۴۱,۴,,FAM-00164,2025-03-24
ORD-0001187,ACC-000337,Central City,Pine S 7,B ۴۱,۴,,FAM-00164,2025-04-21
ORD-0001188,ACC-000337,Central City,Pine S 7,B ۴۱,۴,,FAM-00164,2025-12-09
ORD-0001189,ACC-000338,Central City,Pie St 7,B ۴۱,۴,PC20041,FAM-00164,2025-04-09
ORD-0001190,ACC-000338,Central City,Pie St 7,B ۴۱,۴,PC20041,FAM-00164,2025-01-14
ORD-0001191,ACC-000338,Central City,Pie St 7,B ۴۱,۴,PC20041,FAM-00164,2025-04-28
ORD-0001192,ACC-000338,Central City,Pie St 7,B ۴۱,۴,PC20041,FAM-00164,2025-08-21
ORD-0001193,ACC-000338,Central City,Pie St 7,B ۴۱,۴,PC20041,FAM-00164,2025-07-19
ORD-0001194,ACC-000339,SOUTH CITY,Elm St. 7,Bldg-42,Apt ۱,PC 3 0042,FAM-00165,2025-10-01
ORD-0001195,ACC-000339,SOUTH CITY,Elm St. 7,Bldg-42,Apt ۱,PC 3 0042,FAM-00165,2025-10-22
ORD-0001196,ACC-000339,SOUTH CITY,Elm St. 7,Bldg-42,Apt ۱,PC 3 0042,FAM-00165,2025-05-02
ORD-0001197,ACC-000339,SOUTH CITY,Elm St. 7,Bldg-42,Apt ۱,PC 3 0042,FAM-00165,2025-06-04
ORD-0001198,ACC-000340,South City,Elm Street 7,Building 42,Unit 1,PC-3-0042,FAM-00165,2025-07-14
ORD-0001199,ACC-000340,South City,Elm Street 7,Building 42,Unit 1,PC-3-0042,FAM-00165,2025-11-07
ORD-0001200,ACC-000340,South City,Elm Street 7,Building 42,Unit 1,PC-3-0042,FAM-00165,2025-12-26
ORD-0001201,ACC-000341,SOUTH CITY,Elm St. 7,Bldg-42,Apt ۲,PC 3 0042,FAM-X-000341,2025-12-26
ORD-0001202,ACC-000341,SOUTH CITY,Elm St. 7,Bldg-42,Apt ۲,PC 3 0042,FAM-X-000341,2025-07-22
ORD-0001203,ACC-000341,SOUTH CITY,Elm St. 7,Bldg-42,Apt ۲,PC 3 0042,FAM-X-000341,2025-03-06
ORD-0001204,ACC-000342,South City,Elm Street 7,Building 42,Unit 3,PC-3-0042,FAM-X-000342,2025-04-04
ORD-0001205,ACC-000342,South City,Elm Street 7,Building 42,Unit 3,PC-3-0042,FAM-X-000342,2025-08-28
ORD-0001206,ACC-000343,South City,Elm Street 7,Building 42,Unit 4,PC-3-0042,FAM-X-000343,2025-01-21
ORD-0001207,ACC-000343,South City,Elm Street 7,Building 42,Unit 4,PC-3-0042,FAM-X-000343,2025-12-03
ORD-0001208,ACC-000344,North City,Ceda St 8,B ۴۳,,,FAM-X-000344,2025-06-12
ORD-0001209,ACC-000344,North City,Ceda St 8,B ۴۳,,,FAM-X-000344,2025-09-04
ORD-0001210,ACC-000345,North City,Cedr St 8,B ۴۳,۲,,FAM-X-000345,2025-03-07
ORD-0001211,ACC-000345,North City,Cedr St 8,B ۴۳,۲,,FAM-X-000345,2025-08-05
ORD-0001212,ACC-000345,North City,Cedr St 8,B ۴۳,۲,,FAM-X-000345,2025-11-26
ORD-0001213,ACC-000345,North City,Cedr St 8,B ۴۳,۲,,FAM-X-000345,2025-05-04
ORD-0001214,ACC-000346,North City,Cedar Street 8,Building 43,Unit 3,PC-1-0043,FAM-X-000346,2025-10-23
ORD-0001215,ACC-000346,North City,Cedar Street 8,Building 43,Unit 3,PC-1-0043,FAM-X-000346,2025-08-29
ORD-0001216,ACC-000346,North City,Cedar Street 8,Building 43,Unit 3,PC-1-0043,FAM-X-000346,2025-02-21
ORD-0001217,ACC-000346,North City,Cedar Street 8,Building 43,Unit 3,PC-1-0043,FAM-X-000346,2025-09-22
ORD-0001218,ACC-000347,NORTH CITY,Cedar St. 8,Bldg-43,Apt ۴,PC 1 0043,FAM-X-000347,2025-04-20
ORD-0001219,ACC-000347,NORTH CITY,Cedar St. 8,Bldg-43,Apt ۴,PC 1 0043,FAM-X-000347,2025-12-03
ORD-0001220,ACC-000347,NORTH CITY,Cedar St. 8,Bldg-43,Apt ۴,PC 1 0043,FAM-X-000347,2025-06-24
ORD-0001221,ACC-000347,NORTH CITY,Cedar St. 8,Bldg-43,Apt ۴,PC 1 0043,FAM-X-000347,2025-10-09
ORD-0001222,ACC-000348,North City,Cedar Street 8,Building 43,Unit 4,PC-1-0043,FAM-X-000348,2025-09-25
ORD-0001223,ACC-000348,North City,Cedar Street 8,Building 43,Unit 4,PC-1-0043,FAM-X-000348,2025-01-17
ORD-0001224,ACC-000348,North City,Cedar Street 8,Building 43,Unit 4,PC-1-0043,FAM-X-000348,2025-02-08
ORD-0001225,ACC-000349,CENTRAL CITY,Maple St. 8,Bldg-44,Apt ۱,PC 2 0044,FAM-00173,2025-04-01
ORD-0001226,ACC-000349,CENTRAL CITY,Maple St. 8,Bldg-44,Apt ۱,PC 2 0044,FAM-00173,2025-08-11
ORD-0001227,ACC-000349,CENTRAL CITY,Maple St. 8,Bldg-44,Apt ۱,PC 2 0044,FAM-00173,2025-08-19
ORD-0001228,ACC-000350,Central City,Maple t 8,B ۴۴,۱,,FAM-00173,2025-08-09
ORD-0001229,ACC-000350,Central City,Maple t 8,B ۴۴,۱,,FAM-00173,2025-09-11
ORD-0001230,ACC-000350,Central City,Maple t 8,B ۴۴,۱,,FAM-00173,2025-03-31
ORD-0001231,ACC-000350,Central City,Maple t 8,B ۴۴,۱,,FAM-00173,2025-03-07
ORD-0001232,ACC-000351,Central City,Maple Street 8,Building 44,Unit 1,PC-2-0044,FAM-00173,2025-03-01
ORD-0001233,ACC-000351,Central City,Maple Street 8,Building 44,Unit 1,PC-2-0044,FAM-00173,2025-06-01
ORD-0001234,ACC-000352,Central City,Mape St 8,B ۴۴,۲,PC20044,FAM-X-000352,2025-07-14
ORD-0001235,ACC-000352,Central City,Mape St 8,B ۴۴,۲,PC20044,FAM-X-000352,2025-01-07
ORD-0001236,ACC-000353,Central City,Maple Street 8,Building 44,Unit 3,PC-2-0044,FAM-X-000353,2025-10-06
ORD-0001237,ACC-000353,Central City,Maple Street 8,Building 44,Unit 3,PC-2-0044,FAM-X-000353,2025-09-19
ORD-0001238,ACC-000353,Central City,Maple Street 8,Building 44,Unit 3,PC-2-0044,FAM-X-000353,2025-12-21
ORD-0001239,ACC-000353,Central City,Maple Street 8,Building 44,Unit 3,PC-2-0044,FAM-X-000353,2025-03-13
ORD-0001240,ACC-000353,Central City,Maple Street 8,Building 44,Unit 3,PC-2-0044,FAM-X-000353,2025-11-27
ORD-0001241,ACC-000354,Central City,Maple t 8,B ۴۴,۳,PC20044,FAM-X-000354,2025-01-23
ORD-0001242,ACC-000354,Central City,Maple t 8,B ۴۴,۳,PC20044,FAM-X-000354,2025-08-13
ORD-0001243,ACC-000355,CENTRAL CITY,Maple St. 8,Bldg-44,Apt ۳,PC 2 0044,FAM-X-000355,2025-06-02
ORD-0001244,ACC-000355,CENTRAL CITY,Maple St. 8,Bldg-44,Apt ۳,PC 2 0044,FAM-X-000355,2025-08-21
ORD-0001245,ACC-000355,CENTRAL CITY,Maple St. 8,Bldg-44,Apt ۳,PC 2 0044,FAM-X-000355,2025-07-28
ORD-0001246,ACC-000356,Central City,Maple Street 8,Building 44,Unit 3,PC-2-0044,FAM-X-000356,2025-09-28
ORD-0001247,ACC-000356,Central City,Maple Street 8,Building 44,Unit 3,PC-2-0044,FAM-X-000356,2025-09-16
ORD-0001248,ACC-000356,Central City,Maple Street 8,Building 44,Unit 3,PC-2-0044,FAM-X-000356,2025-01-28
ORD-0001249,ACC-000356,Central City,Maple Street 8,Building 44,Unit 3,PC-2-0044,FAM-X-000356,2025-09-14
ORD-0001250,ACC-000357,CENTRAL CITY,Maple St. 8,Bldg-44,Apt ۴,PC 2 0044,FAM-00176,2025-12-05
ORD-0001251,ACC-000357,CENTRAL CITY,Maple St. 8,Bldg-44,Apt ۴,PC 2 0044,FAM-00176,2025-12-20
ORD-0001252,ACC-000357,CENTRAL CITY,Maple St. 8,Bldg-44,Apt ۴,PC 2 0044,FAM-00176,2025-02-17
ORD-0001253,ACC-000357,CENTRAL CITY,Maple St. 8,Bldg-44,Apt ۴,PC 2 0044,FAM-00176,2025-09-25
ORD-0001254,ACC-000358,CENTRAL CITY,Maple St. 8,Bldg-44,Apt ۴,PC 2 0044,FAM-00176,2025-03-22
ORD-0001255,ACC-000358,CENTRAL CITY,Maple St. 8,Bldg-44,Apt ۴,PC 2 0044,FAM-00176,2025-09-23
ORD-0001256,ACC-000358,CENTRAL CITY,Maple St. 8,Bldg-44,Apt ۴,PC 2 0044,FAM-00176,2025-06-19
ORD-0001257,ACC-000359,Central City,aple St 8,B ۴۴,۴,PC20044,FAM-00176,2025-03-14
ORD-0001258,ACC-000359,Central City,aple St 8,B ۴۴,۴,PC20044,FAM-00176,2025-11-07
ORD-0001259,ACC-000360,SOUTH CITY,Willow St. 8,Bldg-45,Apt ۱,PC 3 0045,FAM-X-000360,2025-12-05
ORD-0001260,ACC-000360,SOUTH CITY,Willow St. 8,Bldg-45,Apt ۱,PC 3 0045,FAM-X-000360,2025-02-15
ORD-0001261,ACC-000360,SOUTH CITY,Willow St. 8,Bldg-45,Apt ۱,PC 3 0045,FAM-X-000360,2025-04-05
ORD-0001262,ACC-000361,South City,Willow Street 8,Building 45,Unit 2,PC-3-0045,FAM-X-000361,2025-02-02
ORD-0001263,ACC-000361,South City,Willow Street 8,Building 45,Unit 2,PC-3-0045,FAM-X-000361,2025-09-02
ORD-0001264,ACC-000361,South City,Willow Street 8,Building 45,Unit 2,PC-3-0045,FAM-X-000361,2025-09-04
ORD-0001265,ACC-000362,SOUTH CITY,Willow St. 8,Bldg-45,Apt ۲,PC 3 0045,FAM-X-000362,2025-01-27
ORD-0001266,ACC-000362,SOUTH CITY,Willow St. 8,Bldg-45,Apt ۲,PC 3 0045,FAM-X-000362,2025-06-01
ORD-0001267,ACC-000362,SOUTH CITY,Willow St. 8,Bldg-45,Apt ۲,PC 3 0045,FAM-X-000362,2025-06-23
ORD-0001268,ACC-000363,SOUTH CITY,Willow St. 8,Bldg-45,Apt ۳,PC 3 0045,FAM-X-000363,2025-07-09
ORD-0001269,ACC-000363,SOUTH CITY,Willow St. 8,Bldg-45,Apt ۳,PC 3 0045,FAM-X-000363,2025-04-26
ORD-0001270,ACC-000363,SOUTH CITY,Willow St. 8,Bldg-45,Apt ۳,PC 3 0045,FAM-X-000363,2025-11-04
ORD-0001271,ACC-000363,SOUTH CITY,Willow St. 8,Bldg-45,Apt ۳,PC 3 0045,FAM-X-000363,2025-01-13
ORD-0001272,ACC-000364,South City,Wilow St 8,B ۴۵,۳,,FAM-X-000364,2025-06-28
ORD-0001273,ACC-000364,South City,Wilow St 8,B ۴۵,۳,,FAM-X-000364,2025-04-14
ORD-0001274,ACC-000364,South City,Wilow St 8,B ۴۵,۳,,FAM-X-000364,2025-02-21
ORD-0001275,ACC-000364,South City,Wilow St 8,B ۴۵,۳,,FAM-X-000364,2025-04-09
ORD-0001276,ACC-000365,SOUTH CITY,Willow St. 8,Bldg-45,Apt ۳,PC 3 0045,FAM-00179,2025-07-17
ORD-0001277,ACC-000365,SOUTH CITY,Willow St. 8,Bldg-45,Apt ۳,PC 3 0045,FAM-00179,2025-04-15
ORD-0001278,ACC-000366,SOUTH CITY,Willow St. 8,Bldg-45,Apt ۴,PC 3 0045,FAM-X-000366,2025-06-01
ORD-0001279,ACC-000366,SOUTH CITY,Willow St. 8,Bldg-45,Apt ۴,PC 3 0045,FAM-X-000366,2025-07-17
ORD-0001280,ACC-000366,SOUTH CITY,Willow St. 8,Bldg-45,Apt ۴,PC 3 0045,FAM-X-000366,2025-07-10
ORD-0001281,ACC-000366,SOUTH CITY,Willow St. 8,Bldg-45,Apt ۴,PC 3 0045,FAM-X-000366,2025-04-09
ORD-0001282,ACC-000367,NORTH CITY,Oak St. 8,Bldg-46,Apt ۱,PC 1 0046,FAM-X-000367,2025-04-22
ORD-0001283,ACC-000367,NORTH CITY,Oak St. 8,Bldg-46,Apt ۱,PC 1 0046,FAM-X-000367,2025-05-17
ORD-0001284,ACC-000367,NORTH CITY,Oak St. 8,Bldg-46,Apt ۱,PC 1 0046,FAM-X-000367,2025-04-30
ORD-0001285,ACC-000368,North City,Oak Street 8,Building 46,Unit 2,PC-1-0046,FAM-X-000368,2025-06-15
ORD-0001286,ACC-000368,North City,Oak Street 8,Building 46,Unit 2,PC-1-0046,FAM-X-000368,2025-04-01
ORD-0001287,ACC-000368,North City,Oak Street 8,Building 46,Unit 2,PC-1-0046,FAM-X-000368,2025-05-03
ORD-0001288,ACC-000368,North City,Oak Street 8,Building 46,Unit 2,PC-1-0046,FAM-X-000368,2025-06-16
ORD-0001289,ACC-000369,North City,Oak S 8,B ۴۶,۳,,FAM-X-000369,2025-02-22
ORD-0001290,ACC-000369,North City,Oak S 8,B ۴۶,۳,,FAM-X-000369,2025-01-08
ORD-0001291,ACC-000369,North City,Oak S 8,B ۴۶,۳,,FAM-X-000369,2025-08-19
ORD-0001292,ACC-000369,North City,Oak S 8,B ۴۶,۳,,FAM-X-000369,2025-07-08
ORD-0001293,ACC-000370,NORTH CITY,Oak St. 8,Bldg-46,Apt ۴,PC 1 0046,FAM-X-000370,2025-02-06
ORD-0001294,ACC-000370,NORTH CITY,Oak St. 8,Bldg-46,Apt ۴,PC 1 0046,FAM-X-000370,2025-02-05
ORD-0001295,ACC-000370,NORTH CITY,Oak St. 8,Bldg-46,Apt ۴,PC 1 0046,FAM-X-000370,2025-10-13
ORD-0001296,ACC-000370,NORTH CITY,Oak St. 8,Bldg-46,Apt ۴,PC 1 0046,FAM-X-000370,2025-11-01
ORD-0001297,ACC-000371,CENTRAL CITY,Pine St. 8,Bldg-47,Apt ۱,PC 2 0047,FAM-X-000371,2025-04-01
ORD-0001298,ACC-000371,CENTRAL CITY,Pine St. 8,Bldg-47,Apt ۱,PC 2 0047,FAM-X-000371,2025-10-06
ORD-0001299,ACC-000371,CENTRAL CITY,Pine St. 8,Bldg-47,Apt ۱,PC 2 0047,FAM-X-000371,2025-11-26
ORD-0001300,ACC-000371,CENTRAL CITY,Pine St. 8,Bldg-47,Apt ۱,PC 2 0047,FAM-X-000371,2025-04-14
ORD-0001301,ACC-000371,CENTRAL CITY,Pine St. 8,Bldg-47,Apt ۱,PC 2 0047,FAM-X-000371,2025-10-08
ORD-0001302,ACC-000372,Central City,Pine t 8,B ۴۷,,,FAM-X-000372,2025-07-19
ORD-0001303,ACC-000372,Central City,Pine t 8,B ۴۷,,,FAM-X-000372,2025-07-15
ORD-0001304,ACC-000372,Central City,Pine t 8,B ۴۷,,,FAM-X-000372,2025-02-23
ORD-0001305,ACC-000372,Central City,Pine t 8,B ۴۷,,,FAM-X-000372,2025-10-17
ORD-0001306,ACC-000372,Central City,Pine t 8,B ۴۷,,,FAM-X-000372,2025-05-03
ORD-0001307,ACC-000373,Central City,ine St 8,B ۴۷,,PC20047,FAM-X-000373,2025-07-07
ORD-0001308,ACC-000373,Central City,ine St 8,B ۴۷,,PC20047,FAM-X-000373,2025-04-29
ORD-0001309,ACC-000373,Central City,ine St 8,B ۴۷,,PC20047,FAM-X-000373,2025-01-02
ORD-0001310,ACC-000374,CENTRAL CITY,Pine St. 8,Bldg-47,Apt ۳,PC 2 0047,FAM-X-000374,2025-01-07
ORD-0001311,ACC-000374,CENTRAL CITY,Pine St. 8,Bldg-47,Apt ۳,PC 2 0047,FAM-X-000374,2025-02-17
ORD-0001312,ACC-000374,CENTRAL CITY,Pine St. 8,Bldg-47,Apt ۳,PC 2 0047,FAM-X-000374,2025-03-17
ORD-0001313,ACC-000375,Central City,ine St 8,B ۴۷,۴,,FAM-X-000375,2025-02-03
ORD-0001314,ACC-000375,Central City,ine St 8,B ۴۷,۴,,FAM-X-000375,2025-07-19
ORD-0001315,ACC-000376,Central City,Pie St 8,B ۴۷,۳,PC20047,FAM-X-000376,2025-04-05
ORD-0001316,ACC-000376,Central City,Pie St 8,B ۴۷,۳,PC20047,FAM-X-000376,2025-11-18
ORD-0001317,ACC-000376,Central City,Pie St 8,B ۴۷,۳,PC20047,FAM-X-000376,2025-07-04
ORD-0001318,ACC-000376,Central City,Pie St 8,B ۴۷,۳,PC20047,FAM-X-000376,2025-09-23
ORD-0001319,ACC-000376,Central City,Pie St 8,B ۴۷,۳,PC20047,FAM-X-000376,2025-11-10
ORD-0001320,ACC-000377,CENTRAL CITY,Pine St. 8,Bldg-47,Apt ۳,PC 2 0047,FAM-X-000377,2025-04-13
ORD-0001321,ACC-000377,CENTRAL CITY,Pine St. 8,Bldg-47,Apt ۳,PC 2 0047,FAM-X-000377,2025-05-31
ORD-0001322,ACC-000378,CENTRAL CITY,Pine St. 8,Bldg-47,Apt ۳,PC 2 0047,FAM-X-000378,2025-05-01
ORD-0001323,ACC-000378,CENTRAL CITY,Pine St. 8,Bldg-47,Apt ۳,PC 2 0047,FAM-X-000378,2025-07-13
ORD-0001324,ACC-000378,CENTRAL CITY,Pine St. 8,Bldg-47,Apt ۳,PC 2 0047,FAM-X-000378,2025-11-29
ORD-0001325,ACC-000378,CENTRAL CITY,Pine St. 8,Bldg-47,Apt ۳,PC 2 0047,FAM-X-000378,2025-12-23
ORD-0001326,ACC-000378,CENTRAL CITY,Pine St. 8,Bldg-47,Apt ۳,PC 2 0047,FAM-X-000378,2025-03-24
ORD-0001327,ACC-000379,CENTRAL CITY,Pine St. 8,Bldg-47,Apt ۳,PC 2 0047,FAM-X-000379,2025-03-14
ORD-0001328,ACC-000379,CENTRAL CITY,Pine St. 8,Bldg-47,Apt ۳,PC 2 0047,FAM-X-000379,2025-01-12
ORD-0001329,ACC-000380,Central City,Pine Street 8,Building 47,Unit 4,PC-2-0047,FAM-X-000380,2025-09-06
ORD-0001330,ACC-000380,Central City,Pine Street 8,Building 47,Unit 4,PC-2-0047,FAM-X-000380,2025-06-18
ORD-0001331,ACC-000380,Central City,Pine Street 8,Building 47,Unit 4,PC-2-0047,FAM-X-000380,2025-03-08
ORD-0001332,ACC-000380,Central City,Pine Street 8,Building 47,Unit 4,PC-2-0047,FAM-X-000380,2025-07-05
ORD-0001333,ACC-000381,SOUTH CITY,Elm St. 8,Bldg-48,Apt ۱,PC 3 0048,FAM-X-000381,2025-05-27
ORD-0001334,ACC-000381,SOUTH CITY,Elm St. 8,Bldg-48,Apt ۱,PC 3 0048,FAM-X-000381,2025-05-08
ORD-0001335,ACC-000381,SOUTH CITY,Elm St. 8,Bldg-48,Apt ۱,PC 3 0048,FAM-X-000381,2025-04-21
ORD-0001336,ACC-000381,SOUTH CITY,Elm St. 8,Bldg-48,Apt ۱,PC 3 0048,FAM-X-000381,2025-09-19
ORD-0001337,ACC-000382,South City,Em St 8,B ۴۸,۲,PC30048,FAM-00190,2025-09-28
ORD-0001338,ACC-000382,South City,Em St 8,B ۴۸,۲,PC30048,FAM-00190,2025-01-15
ORD-0001339,ACC-000383,SOUTH CITY,Elm St. 8,Bldg-48,Apt ۲,PC 3 0048,FAM-00190,2025-03-29
ORD-0001340,ACC-000383,SOUTH CITY,Elm St. 8,Bldg-48,Apt ۲,PC 3 0048,FAM-00190,2025-09-05
ORD-0001341,ACC-000383,SOUTH CITY,Elm St. 8,Bldg-48,Apt ۲,PC 3 0048,FAM-00190,2025-09-30
ORD-0001342,ACC-000383,SOUTH CITY,Elm St. 8,Bldg-48,Apt ۲,PC 3 0048,FAM-00190,2025-05-06
ORD-0001343,ACC-000383,SOUTH CITY,Elm St. 8,Bldg-48,Apt ۲,PC 3 0048,FAM-00190,2025-02-17
ORD-0001344,ACC-000384,SOUTH CITY,Elm St. 8,Bldg-48,Apt ۳,PC 3 0048,FAM-X-000384,2025-09-17
ORD-0001345,ACC-000384,SOUTH CITY,Elm St. 8,Bldg-48,Apt ۳,PC 3 0048,FAM-X-000384,2025-06-01
ORD-0001346,ACC-000385,South City,Elm t 8,B ۴۸,۴,,FAM-X-000385,2025-07-09
ORD-0001347,ACC-000385,South City,Elm t 8,B ۴۸,۴,,FAM-X-000385,2025-10-29
ORD-0001348,ACC-000386,South City,Elm Street 8,Building 48,Unit 3,PC-3-0048,FAM-X-000386,2025-06-14
ORD-0001349,ACC-000386,South City,Elm Street 8,Building 48,Unit 3,PC-3-0048,FAM-X-000386,2025-08-12
ORD-0001350,ACC-000386,South City,Elm Street 8,Building 48,Unit 3,PC-3-0048,FAM-X-000386,2025-05-07
ORD-0001351,ACC-000386,South City,Elm Street 8,Building 48,Unit 3,PC-3-0048,FAM-X-000386,2025-01-06
ORD-0001352,ACC-000387,South City,Elm Street 8,Building 48,Unit 4,PC-3-0048,FAM-00192,2025-03-29
ORD-0001353,ACC-000387,South City,Elm Street 8,Building 48,Unit 4,PC-3-0048,FAM-00192,2025-05-03
ORD-0001354,ACC-000387,South City,Elm Street 8,Building 48,Unit 4,PC-3-0048,FAM-00192,2025-04-10
ORD-0001355,ACC-000387,South City,Elm Street 8,Building 48,Unit 4,PC-3-0048,FAM-00192,2025-10-28
ORD-0001356,ACC-000387,South City,Elm Street 8,Building 48,Unit 4,PC-3-0048,FAM-00192,2025-01-12
ORD-0001357,ACC-000388,South City,Elm Street 8,Building 48,Unit 4,PC-3-0048,FAM-00192,2025-05-19
ORD-0001358,ACC-000388,South City,Elm Street 8,Building 48,Unit 4,PC-3-0048,FAM-00192,2025-06-02
ORD-0001359,ACC-000388,South City,Elm Street 8,Building 48,Unit 4,PC-3-0048,FAM-00192,2025-05-21
ORD-0001360,ACC-000388,South City,Elm Street 8,Building 48,Unit 4,PC-3-0048,FAM-00192,2025-12-24
ORD-0001361,ACC-000388,South City,Elm Street 8,Building 48,Unit 4,PC-3-0048,FAM-00192,2025-05-04
ORD-0001362,ACC-000389,SOUTH CITY,Elm St. 8,Bldg-48,Apt ۴,PC 3 0048,FAM-00192,2025-01-10
ORD-0001363,ACC-000389,SOUTH CITY,Elm St. 8,Bldg-48,Apt ۴,PC 3 0048,FAM-00192,2025-03-24
ORD-0001364,ACC-000389,SOUTH CITY,Elm St. 8,Bldg-48,Apt ۴,PC 3 0048,FAM-00192,2025-03-15
ORD-0001365,ACC-000389,SOUTH CITY,Elm St. 8,Bldg-48,Apt ۴,PC 3 0048,FAM-00192,2025-04-17
ORD-0001366,ACC-000390,South City,Elm t 8,B ۴۸,۴,,FAM-00192,2025-04-25
ORD-0001367,ACC-000390,South City,Elm t 8,B ۴۸,۴,,FAM-00192,2025-01-13
ORD-0001368,ACC-000390,South City,Elm t 8,B ۴۸,۴,,FAM-00192,2025-10-10
ORD-0001369,ACC-000390,South City,Elm t 8,B ۴۸,۴,,FAM-00192,2025-01-25
ORD-0001370,ACC-000390,South City,Elm t 8,B ۴۸,۴,,FAM-00192,2025-10-07
ORD-0001371,ACC-000391,NORTH CITY,Cedar St. 9,Bldg-49,Apt ۱,PC 1 0049,FAM-X-000391,2025-10-07
ORD-0001372,ACC-000391,NORTH CITY,Cedar St. 9,Bldg-49,Apt ۱,PC 1 0049,FAM-X-000391,2025-09-18
ORD-0001373,ACC-000392,NORTH CITY,Cedar St. 9,Bldg-49,Apt ۱,PC 1 0049,FAM-X-000392,2025-01-25
ORD-0001374,ACC-000392,NORTH CITY,Cedar St. 9,Bldg-49,Apt ۱,PC 1 0049,FAM-X-000392,2025-12-06
ORD-0001375,ACC-000392,NORTH CITY,Cedar St. 9,Bldg-49,Apt ۱,PC 1 0049,FAM-X-000392,2025-06-29
ORD-0001376,ACC-000392,NORTH CITY,Cedar St. 9,Bldg-49,Apt ۱,PC 1 0049,FAM-X-000392,2025-02-04
ORD-0001377,ACC-000392,NORTH CITY,Cedar St. 9,Bldg-49,Apt ۱,PC 1 0049,FAM-X-000392,2025-12-05
ORD-0001378,ACC-000393,NORTH CITY,Cedar St. 9,Bldg-49,Apt ۱,PC 1 0049,FAM-X-000393,2025-01-14
ORD-0001379,ACC-000393,NORTH CITY,Cedar St. 9,Bldg-49,Apt ۱,PC 1 0049,FAM-X-000393,2025-02-04
ORD-0001380,ACC-000393,NORTH CITY,Cedar St. 9,Bldg-49,Apt ۱,PC 1 0049,FAM-X-000393,2025-04-11
ORD-0001381,ACC-000393,NORTH CITY,Cedar St. 9,Bldg-49,Apt ۱,PC 1 0049,FAM-X-000393,2025-08-28
ORD-0001382,ACC-000393,NORTH CITY,Cedar St. 9,Bldg-49,Apt ۱,PC 1 0049,FAM-X-000393,2025-02-18
ORD-0001383,ACC-000394,NORTH CITY,Cedar St. 9,Bldg-49,Apt ۲,PC 1 0049,FAM-X-000394,2025-07-09
ORD-0001384,ACC-000394,NORTH CITY,Cedar St. 9,Bldg-49,Apt ۲,PC 1 0049,FAM-X-000394,2025-11-09
ORD-0001385,ACC-000395,North City,Cedar Street 9,Building 49,Unit 2,PC-1-0049,FAM-X-000395,2025-04-11
ORD-0001386,ACC-000395,North City,Cedar Street 9,Building 49,Unit 2,PC-1-0049,FAM-X-000395,2025-12-24
ORD-0001387,ACC-000395,North City,Cedar Street 9,Building 49,Unit 2,PC-1-0049,FAM-X-000395,2025-06-01
ORD-0001388,ACC-000395,North City,Cedar Street 9,Building 49,Unit 2,PC-1-0049,FAM-X-000395,2025-11-07
ORD-0001389,ACC-000395,North City,Cedar Street 9,Building 49,Unit 2,PC-1-0049,FAM-X-000395,2025-01-16
ORD-0001390,ACC-000396,NORTH CITY,Cedar St. 9,Bldg-49,Apt ۲,PC 1 0049,FAM-X-000396,2025-04-07
ORD-0001391,ACC-000396,NORTH CITY,Cedar St. 9,Bldg-49,Apt ۲,PC 1 0049,FAM-X-000396,2025-12-21
ORD-0001392,ACC-000396,NORTH CITY,Cedar St. 9,Bldg-49,Apt ۲,PC 1 0049,FAM-X-000396,2025-05-24
ORD-0001393,ACC-000397,North City,Cedar S 9,B ۴۹,۴,,FAM-X-000397,2025-10-04
ORD-0001394,ACC-000397,North City,Cedar S 9,B ۴۹,۴,,FAM-X-000397,2025-04-30
ORD-0001395,ACC-000397,North City,Cedar S 9,B ۴۹,۴,,FAM-X-000397,2025-09-28
ORD-0001396,ACC-000397,North City,Cedar S 9,B ۴۹,۴,,FAM-X-000397,2025-07-03
ORD-0001397,ACC-000397,North City,Cedar S 9,B ۴۹,۴,,FAM-X-000397,2025-01-19
ORD-0001398,ACC-000398,NORTH CITY,Cedar St. 9,Bldg-49,Apt ۴,PC 1 0049,FAM-X-000398,2025-01-19
ORD-0001399,ACC-000398,NORTH CITY,Cedar St. 9,Bldg-49,Apt ۴,PC 1 0049,FAM-X-000398,2025-02-25
ORD-0001400,ACC-000398,NORTH CITY,Cedar St. 9,Bldg-49,Apt ۴,PC 1 0049,FAM-X-000398,2025-10-07
ORD-0001401,ACC-000399,Central City,Male St 9,B ۵۰,۲,PC20050,FAM-00197,2025-12-20
ORD-0001402,ACC-000399,Central City,Male St 9,B ۵۰,۲,PC20050,FAM-00197,2025-07-31
ORD-0001403,ACC-000399,Central City,Male St 9,B ۵۰,۲,PC20050,FAM-00197,2025-11-02
ORD-0001404,ACC-000400,Central City,Maple Street 9,Building 50,Unit 1,PC-2-0050,FAM-00197,2025-03-04
ORD-0001405,ACC-000400,Central City,Maple Street 9,Building 50,Unit 1,PC-2-0050,FAM-00197,2025-03-24
ORD-0001406,ACC-000400,Central City,Maple Street 9,Building 50,Unit 1,PC-2-0050,FAM-00197,2025-10-26
ORD-0001407,ACC-000400,Central City,Maple Street 9,Building 50,Unit 1,PC-2-0050,FAM-00197,2025-04-21
ORD-0001408,ACC-000401,Central City,Mapl St 9,B ۵۰,,,FAM-X-000401,2025-09-21
ORD-0001409,ACC-000401,Central City,Mapl St 9,B ۵۰,,,FAM-X-000401,2025-04-05
ORD-0001410,ACC-000401,Central City,Mapl St 9,B ۵۰,,,FAM-X-000401,2025-01-22
ORD-0001411,ACC-000402,Central City,Maple Street 9,Building 50,Unit 3,PC-2-0050,FAM-X-000402,2025-07-06
ORD-0001412,ACC-000402,Central City,Maple Street 9,Building 50,Unit 3,PC-2-0050,FAM-X-000402,2025-04-18
ORD-0001413,ACC-000402,Central City,Maple Street 9,Building 50,Unit 3,PC-2-0050,FAM-X-000402,2025-04-05
ORD-0001414,ACC-000402,Central City,Maple Street 9,Building 50,Unit 3,PC-2-0050,FAM-X-000402,2025-01-26
ORD-0001415,ACC-000403,Central City,Maple Street 9,Building 50,Unit 3,PC-2-0050,FAM-X-000403,2025-05-26
ORD-0001416,ACC-000403,Central City,Maple Street 9,Building 50,Unit 3,PC-2-0050,FAM-X-000403,2025-12-09
ORD-0001417,ACC-000403,Central City,Maple Street 9,Building 50,Unit 3,PC-2-0050,FAM-X-000403,2025-04-06
ORD-0001418,ACC-000403,Central City,Maple Street 9,Building 50,Unit 3,PC-2-0050,FAM-X-000403,2025-11-23
ORD-0001419,ACC-000404,CENTRAL CITY,Maple St. 9,Bldg-50,Apt ۴,PC 2 0050,FAM-X-000404,2025-08-03
ORD-0001420,ACC-000404,CENTRAL CITY,Maple St. 9,Bldg-50,Apt ۴,PC 2 0050,FAM-X-000404,2025-05-02
ORD-0001421,ACC-000405,South City,Willow Street 9,Building 51,Unit 1,PC-3-0051,FAM-X-000405,2025-10-06
ORD-0001422,ACC-000405,South City,Willow Street 9,Building 51,Unit 1,PC-3-0051,FAM-X-000405,2025-06-16
ORD-0001423,ACC-000405,South City,Willow Street 9,Building 51,Unit 1,PC-3-0051,FAM-X-000405,2025-04-25
ORD-0001424,ACC-000405,South City,Willow Street 9,Building 51,Unit 1,PC-3-0051,FAM-X-000405,2025-11-15
ORD-0001425,ACC-000406,SOUTH CITY,Willow St. 9,Bldg-51,Apt ۱,PC 3 0051,FAM-X-000406,2025-02-02
ORD-0001426,ACC-000406,SOUTH CITY,Willow St. 9,Bldg-51,Apt ۱,PC 3 0051,FAM-X-000406,2025-11-24
ORD-0001427,ACC-000406,SOUTH CITY,Willow St. 9,Bldg-51,Apt ۱,PC 3 0051,FAM-X-000406,2025-02-11
ORD-0001428,ACC-000406,SOUTH CITY,Willow St. 9,Bldg-51,Apt ۱,PC 3 0051,FAM-X-000406,2025-08-02
ORD-0001429,ACC-000406,SOUTH CITY,Willow St. 9,Bldg-51,Apt ۱,PC 3 0051,FAM-X-000406,2025-12-06
ORD-0001430,ACC-000407,SOUTH CITY,Willow St. 9,Bldg-51,Apt ۲,PC 3 0051,FAM-00202,2025-06-01
ORD-0001431,ACC-000407,SOUTH CITY,Willow St. 9,Bldg-51,Apt ۲,PC 3 0051,FAM-00202,2025-04-23
ORD-0001432,ACC-000407,SOUTH CITY,Willow St. 9,Bldg-51,Apt ۲,PC 3 0051,FAM-00202,2025-03-11
ORD-0001433,ACC-000407,SOUTH CITY,Willow St. 9,Bldg-51,Apt ۲,PC 3 0051,FAM-00202,2025-07-21
ORD-0001434,ACC-000408,South City,Willow Street 9,Building 51,Unit 2,PC-3-0051,FAM-00202,2025-08-12
ORD-0001435,ACC-000408,South City,Willow Street 9,Building 51,Unit 2,PC-3-0051,FAM-00202,2025-01-25
ORD-0001436,ACC-000408,South City,Willow Street 9,Building 51,Unit 2,PC-3-0051,FAM-00202,2025-08-04
ORD-0001437,ACC-000408,South City,Willow Street 9,Building 51,Unit 2,PC-3-0051,FAM-00202,2025-01-15
ORD-0001438,ACC-000408,South City,Willow Street 9,Building 51,Unit 2,PC-3-0051,FAM-00202,2025-02-12
ORD-0001439,ACC-000409,SOUTH CITY,Willow St. 9,Bldg-51,Apt ۲,PC 3 0051,FAM-00202,2025-06-12
ORD-0001440,ACC-000409,SOUTH CITY,Willow St. 9,Bldg-51,Apt ۲,PC 3 0051,FAM-00202,2025-02-04
ORD-0001441,ACC-000409,SOUTH CITY,Willow St. 9,Bldg-51,Apt ۲,PC 3 0051,FAM-00202,2025-10-19
ORD-0001442,ACC-000409,SOUTH CITY,Willow St. 9,Bldg-51,Apt ۲,PC 3 0051,FAM-00202,2025-12-13
ORD-0001443,ACC-000410,SOUTH CITY,Willow St. 9,Bldg-51,Apt ۲,PC 3 0051,FAM-X-000410,2025-02-19
ORD-0001444,ACC-000410,SOUTH CITY,Willow St. 9,Bldg-51,Apt ۲,PC 3 0051,FAM-X-000410,2025-11-07
ORD-0001445,ACC-000410,SOUTH CITY,Willow St. 9,Bldg-51,Apt ۲,PC 3 0051,FAM-X-000410,2025-04-27
ORD-0001446,ACC-000411,SOUTH CITY,Willow St. 9,Bldg-51,Apt ۳,PC 3 0051,FAM-X-000411,2025-04-19
ORD-0001447,ACC-000411,SOUTH CITY,Willow St. 9,Bldg-51,Apt ۳,PC 3 0051,FAM-X-000411,2025-11-02
ORD-0001448,ACC-000411,SOUTH CITY,Willow St. 9,Bldg-51,Apt ۳,PC 3 0051,FAM-X-000411,2025-01-23
ORD-0001449,ACC-000412,South City,Willow Street 9,Building 51,Unit 4,PC-3-0051,FAM-X-000412,2025-05-21
ORD-0001450,ACC-000412,South City,Willow Street 9,Building 51,Unit 4,PC-3-0051,FAM-X-000412,2025-03-10
ORD-0001451,ACC-000412,South City,Willow Street 9,Building 51,Unit 4,PC-3-0051,FAM-X-000412,2025-03-13
ORD-0001452,ACC-000412,South City,Willow Street 9,Building 51,Unit 4,PC-3-0051,FAM-X-000412,2025-09-12
ORD-0001453,ACC-000413,NORTH CITY,Oak St. 9,Bldg-52,Apt ۱,PC 1 0052,FAM-00205,2025-12-31
ORD-0001454,ACC-000413,NORTH CITY,Oak St. 9,Bldg-52,Apt ۱,PC 1 0052,FAM-00205,2025-10-09
ORD-0001455,ACC-000413,NORTH CITY,Oak St. 9,Bldg-52,Apt ۱,PC 1 0052,FAM-00205,2025-01-07
ORD-0001456,ACC-000414,NORTH CITY,Oak St. 9,Bldg-52,Apt ۱,PC 1 0052,FAM-X-000414,2025-04-20
ORD-0001457,ACC-000414,NORTH CITY,Oak St. 9,Bldg-52,Apt ۱,PC 1 0052,FAM-X-000414,2025-07-10
ORD-0001458,ACC-000414,NORTH CITY,Oak St. 9,Bldg-52,Apt ۱,PC 1 0052,FAM-X-000414,2025-02-14
ORD-0001459,ACC-000415,NORTH CITY,Oak St. 9,Bldg-52,Apt ۲,PC 1 0052,FAM-00206,2025-07-16
ORD-0001460,ACC-000415,NORTH CITY,Oak St. 9,Bldg-52,Apt ۲,PC 1 0052,FAM-00206,2025-12-27
ORD-0001461,ACC-000415,NORTH CITY,Oak St. 9,Bldg-52,Apt ۲,PC 1 0052,FAM-00206,2025-10-20
ORD-0001462,ACC-000415,NORTH CITY,Oak St. 9,Bldg-52,Apt ۲,PC 1 0052,FAM-00206,2025-06-17
ORD-0001463,ACC-000415,NORTH CITY,Oak St. 9,Bldg-52,Apt ۲,PC 1 0052,FAM-00206,2025-01-07
ORD-0001464,ACC-000416,NORTH CITY,Oak St. 9,Bldg-52,Apt ۲,PC 1 0052,FAM-00206,2025-09-15
ORD-0001465,ACC-000416,NORTH CITY,Oak St. 9,Bldg-52,Apt ۲,PC 1 0052,FAM-00206,2025-10-02
ORD-0001466,ACC-000417,NORTH CITY,Oak St. 9,Bldg-52,Apt ۲,PC 1 0052,FAM-00206,2025-11-14
ORD-0001467,ACC-000417,NORTH CITY,Oak St. 9,Bldg-52,Apt ۲,PC 1 0052,FAM-00206,2025-08-07
ORD-0001468,ACC-000417,NORTH CITY,Oak St. 9,Bldg-52,Apt ۲,PC 1 0052,FAM-00206,2025-08-18
ORD-0001469,ACC-000417,NORTH CITY,Oak St. 9,Bldg-52,Apt ۲,PC 1 0052,FAM-00206,2025-12-05
ORD-0001470,ACC-000417,NORTH CITY,Oak St. 9,Bldg-52,Apt ۲,PC 1 0052,FAM-00206,2025-08-12
ORD-0001471,ACC-000418,North City,ak St 9,B ۵۲,,,FAM-X-000418,2025-02-26
ORD-0001472,ACC-000418,North City,ak St 9,B ۵۲,,,FAM-X-000418,2025-11-11
ORD-0001473,ACC-000418,North City,ak St 9,B ۵۲,,,FAM-X-000418,2025-10-01
ORD-0001474,ACC-000418,North City,ak St 9,B ۵۲,,,FAM-X-000418,2025-08-25
ORD-0001475,ACC-000419,NORTH CITY,Oak St. 9,Bldg-52,Apt ۳,PC 1 0052,FAM-X-000419,2025-03-10
ORD-0001476,ACC-000419,NORTH CITY,Oak St. 9,Bldg-52,Apt ۳,PC 1 0052,FAM-X-000419,2025-11-24
ORD-0001477,ACC-000420,NORTH CITY,Oak St. 9,Bldg-52,Apt ۳,PC 1 0052,FAM-X-000420,2025-04-23
ORD-0001478,ACC-000420,NORTH CITY,Oak St. 9,Bldg-52,Apt ۳,PC 1 0052,FAM-X-000420,2025-03-16
ORD-0001479,ACC-000420,NORTH CITY,Oak St. 9,Bldg-52,Apt ۳,PC 1 0052,FAM-X-000420,2025-09-10
ORD-0001480,ACC-000421,North City,Oak Street 9,Building 52,Unit 4,PC-1-0052,FAM-X-000421,2025-04-11
ORD-0001481,ACC-000421,North City,Oak Street 9,Building 52,Unit 4,PC-1-0052,FAM-X-000421,2025-04-17
ORD-0001482,ACC-000422,North City,Oa St 9,B ۵۲,۴,,FAM-X-000422,2025-08-10
ORD-0001483,ACC-000422,North City,Oa St 9,B ۵۲,۴,,FAM-X-000422,2025-04-20
ORD-0001484,ACC-000422,North City,Oa St 9,B ۵۲,۴,,FAM-X-000422,2025-09-11
ORD-0001485,ACC-000422,North City,Oa St 9,B ۵۲,۴,,FAM-X-000422,2025-01-15
ORD-0001486,ACC-000423,NORTH CITY,Oak St. 9,Bldg-52,Apt ۴,PC 1 0052,FAM-X-000423,2025-01-16
ORD-0001487,ACC-000423,NORTH CITY,Oak St. 9,Bldg-52,Apt ۴,PC 1 0052,FAM-X-000423,2025-11-25
ORD-0001488,ACC-000423,NORTH CITY,Oak St. 9,Bldg-52,Apt ۴,PC 1 0052,FAM-X-000423,2025-01-02
ORD-0001489,ACC-000423,NORTH CITY,Oak St. 9,Bldg-52,Apt ۴,PC 1 0052,FAM-X-000423,2025-12-15
ORD-0001490,ACC-000424,North City,Oak t 9,B ۵۲,۴,,FAM-X-000424,2025-06-27
ORD-0001491,ACC-000424,North City,Oak t 9,B ۵۲,۴,,FAM-X-000424,2025-11-15
ORD-0001492,ACC-000425,CENTRAL CITY,Pine St. 9,Bldg-53,Apt ۱,PC 2 0053,FAM-X-000425,2025-07-24
ORD-0001493,ACC-000425,CENTRAL CITY,Pine St. 9,Bldg-53,Apt ۱,PC 2 0053,FAM-X-000425,2025-06-07
ORD-0001494,ACC-000425,CENTRAL CITY,Pine St. 9,Bldg-53,Apt ۱,PC 2 0053,FAM-X-000425,2025-04-17
ORD-0001495,ACC-000426,Central City,Pine Street 9,Building 53,Unit 2,PC-2-0053,FAM-X-000426,2025-05-24
ORD-0001496,ACC-000426,Central City,Pine Street 9,Building 53,Unit 2,PC-2-0053,FAM-X-000426,2025-05-21
ORD-0001497,ACC-000426,Central City,Pine Street 9,Building 53,Unit 2,PC-2-0053,FAM-X-000426,2025-01-02
ORD-0001498,ACC-000426,Central City,Pine Street 9,Building 53,Unit 2,PC-2-0053,FAM-X-000426,2025-03-07
ORD-0001499,ACC-000427,CENTRAL CITY,Pine St. 9,Bldg-53,Apt ۲,PC 2 0053,FAM-X-000427,2025-04-15
ORD-0001500,ACC-000427,CENTRAL CITY,Pine St. 9,Bldg-53,Apt ۲,PC 2 0053,FAM-X-000427,2025-04-11
ORD-0001501,ACC-000428,CENTRAL CITY,Pine St. 9,Bldg-53,Apt ۲,PC 2 0053,FAM-X-000428,2025-10-28
ORD-0001502,ACC-000428,CENTRAL CITY,Pine St. 9,Bldg-53,Apt ۲,PC 2 0053,FAM-X-000428,2025-07-01
ORD-0001503,ACC-000429,Central City,Pine S 9,B ۵۳,,,FAM-X-000429,2025-09-30
ORD-0001504,ACC-000429,Central City,Pine S 9,B ۵۳,,,FAM-X-000429,2025-01-30
ORD-0001505,ACC-000430,Central City,ine St 9,B ۵۳,۴,,FAM-X-000430,2025-06-03
ORD-0001506,ACC-000430,Central City,ine St 9,B ۵۳,۴,,FAM-X-000430,2025-07-01
ORD-0001507,ACC-000431,Central City,Pine t 9,B ۵۳,,PC20053,FAM-X-000431,2025-10-31
ORD-0001508,ACC-000431,Central City,Pine t 9,B ۵۳,,PC20053,FAM-X-000431,2025-05-15
ORD-0001509,ACC-000431,Central City,Pine t 9,B ۵۳,,PC20053,FAM-X-000431,2025-07-22
ORD-0001510,ACC-000432,Central City,Pine Street 9,Building 53,Unit 4,PC-2-0053,FAM-00212,2025-09-12
ORD-0001511,ACC-000432,Central City,Pine Street 9,Building 53,Unit 4,PC-2-0053,FAM-00212,2025-01-26
ORD-0001512,ACC-000432,Central City,Pine Street 9,Building 53,Unit 4,PC-2-0053,FAM-00212,2025-07-08
ORD-0001513,ACC-000432,Central City,Pine Street 9,Building 53,Unit 4,PC-2-0053,FAM-00212,2025-09-23
ORD-0001514,ACC-000433,SOUTH CITY,Elm St. 9,Bldg-54,Apt ۱,PC 3 0054,FAM-X-000433,2025-01-25
ORD-0001515,ACC-000433,SOUTH CITY,Elm St. 9,Bldg-54,Apt ۱,PC 3 0054,FAM-X-000433,2025-12-28
ORD-0001516,ACC-000434,South City,Elm Street 9,Building 54,Unit 2,PC-3-0054,FAM-00214,2025-07-18
ORD-0001517,ACC-000434,South City,Elm Street 9,Building 54,Unit 2,PC-3-0054,FAM-00214,2025-11-08
ORD-0001518,ACC-000434,South City,Elm Street 9,Building 54,Unit 2,PC-3-0054,FAM-00214,2025-09-26
ORD-0001519,ACC-000434,South City,Elm Street 9,Building 54,Unit 2,PC-3-0054,FAM-00214,2025-03-27
ORD-0001520,ACC-000434,South City,Elm Street 9,Building 54,Unit 2,PC-3-0054,FAM-00214,2025-06-21
ORD-0001521,ACC-000435,SOUTH CITY,Elm St. 9,Bldg-54,Apt ۲,PC 3 0054,FAM-00214,2025-11-20
ORD-0001522,ACC-000435,SOUTH CITY,Elm St. 9,Bldg-54,Apt ۲,PC 3 0054,FAM-00214,2025-06-28
ORD-0001523,ACC-000435,SOUTH CITY,Elm St. 9,Bldg-54,Apt ۲,PC 3 0054,FAM-00214,2025-01-11
ORD-0001524,ACC-000435,SOUTH CITY,Elm St. 9,Bldg-54,Apt ۲,PC 3 0054,FAM-00214,2025-07-02
ORD-0001525,ACC-000436,South City,El St 9,B ۵۴,,,FAM-00214,2025-02-05
ORD-0001526,ACC-000436,South City,El St 9,B ۵۴,,,FAM-00214,2025-11-20
ORD-0001527,ACC-000436,South City,El St 9,B ۵۴,,,FAM-00214,2025-02-10
ORD-0001528,ACC-000436,South City,El St 9,B ۵۴,,,FAM-00214,2025-08-31
ORD-0001529,ACC-000436,South City,El St 9,B ۵۴,,,FAM-00214,2025-12-02
ORD-0001530,ACC-000437,SOUTH CITY,Elm St. 9,Bldg-54,Apt ۳,PC 3 0054,FAM-X-000437,2025-01-23
ORD-0001531,ACC-000437,SOUTH CITY,Elm St. 9,Bldg-54,Apt ۳,PC 3 0054,FAM-X-000437,2025-05-14
ORD-0001532,ACC-000437,SOUTH CITY,Elm St. 9,Bldg-54,Apt ۳,PC 3 0054,FAM-X-000437,2025-05-08
ORD-0001533,ACC-000437,SOUTH CITY,Elm St. 9,Bldg-54,Apt ۳,PC 3 0054,FAM-X-000437,2025-07-10
ORD-0001534,ACC-000438,SOUTH CITY,Elm St. 9,Bldg-54,Apt ۴,PC 3 0054,FAM-00216,2025-05-14
ORD-0001535,ACC-000438,SOUTH CITY,Elm St. 9,Bldg-54,Apt ۴,PC 3 0054,FAM-00216,2025-01-15
ORD-0001536,ACC-000438,SOUTH CITY,Elm St. 9,Bldg-54,Apt ۴,PC 3 0054,FAM-00216,2025-02-24
ORD-0001537,ACC-000438,SOUTH CITY,Elm St. 9,Bldg-54,Apt ۴,PC 3 0054,FAM-00216,2025-10-22
ORD-0001538,ACC-000438,SOUTH CITY,Elm St. 9,Bldg-54,Apt ۴,PC 3 0054,FAM-00216,2025-11-15
ORD-0001539,ACC-000439,SOUTH CITY,Elm St. 9,Bldg-54,Apt ۴,PC 3 0054,FAM-00216,2025-09-11
ORD-0001540,ACC-000439,SOUTH CITY,Elm St. 9,Bldg-54,Apt ۴,PC 3 0054,FAM-00216,2025-12-20
ORD-0001541,ACC-000439,SOUTH CITY,Elm St. 9,Bldg-54,Apt ۴,PC 3 0054,FAM-00216,2025-11-06
ORD-0001542,ACC-000440,North City,Cedar Street 10,Building 55,Unit 1,PC-1-0055,FAM-X-000440,2025-01-04
ORD-0001543,ACC-000440,North City,Cedar Street 10,Building 55,Unit 1,PC-1-0055,FAM-X-000440,2025-02-11
ORD-0001544,ACC-000440,North City,Cedar Street 10,Building 55,Unit 1,PC-1-0055,FAM-X-000440,2025-01-18
ORD-0001545,ACC-000440,North City,Cedar Street 10,Building 55,Unit 1,PC-1-0055,FAM-X-000440,2025-04-18
ORD-0001546,ACC-000441,North City,Cedar Street 10,Building 55,Unit 2,PC-1-0055,FAM-X-000441,2025-05-03
ORD-0001547,ACC-000441,North City,Cedar Street 10,Building 55,Unit 2,PC-1-0055,FAM-X-000441,2025-10-01
ORD-0001548,ACC-000441,North City,Cedar Street 10,Building 55,Unit 2,PC-1-0055,FAM-X-000441,2025-02-08
ORD-0001549,ACC-000441,North City,Cedar Street 10,Building 55,Unit 2,PC-1-0055,FAM-X-000441,2025-01-27
ORD-0001550,ACC-000441,North City,Cedar Street 10,Building 55,Unit 2,PC-1-0055,FAM-X-000441,2025-11-07
ORD-0001551,ACC-000442,NORTH CITY,Cedar St. 10,Bldg-55,Apt ۲,PC 1 0055,FAM-X-000442,2025-11-05
ORD-0001552,ACC-000442,NORTH CITY,Cedar St. 10,Bldg-55,Apt ۲,PC 1 0055,FAM-X-000442,2025-05-12
ORD-0001553,ACC-000442,NORTH CITY,Cedar St. 10,Bldg-55,Apt ۲,PC 1 0055,FAM-X-000442,2025-07-24
ORD-0001554,ACC-000442,NORTH CITY,Cedar St. 10,Bldg-55,Apt ۲,PC 1 0055,FAM-X-000442,2025-01-04
ORD-0001555,ACC-000443,NORTH CITY,Cedar St. 10,Bldg-55,Apt ۲,PC 1 0055,FAM-X-000443,2025-12-28
ORD-0001556,ACC-000443,NORTH CITY,Cedar St. 10,Bldg-55,Apt ۲,PC 1 0055,FAM-X-000443,2025-12-21
ORD-0001557,ACC-000444,North City,Cedar Street 10,Building 55,Unit 2,PC-1-0055,FAM-X-000444,2025-07-03
ORD-0001558,ACC-000444,North City,Cedar Street 10,Building 55,Unit 2,PC-1-0055,FAM-X-000444,2025-02-15
ORD-0001559,ACC-000444,North City,Cedar Street 10,Building 55,Unit 2,PC-1-0055,FAM-X-000444,2025-05-23
ORD-0001560,ACC-000445,NORTH CITY,Cedar St. 10,Bldg-55,Apt ۲,PC 1 0055,FAM-X-000445,2025-03-22
ORD-0001561,ACC-000445,NORTH CITY,Cedar St. 10,Bldg-55,Apt ۲,PC 1 0055,FAM-X-000445,2025-10-17
ORD-0001562,ACC-000445,NORTH CITY,Cedar St. 10,Bldg-55,Apt ۲,PC 1 0055,FAM-X-000445,2025-09-10
ORD-0001563,ACC-000445,NORTH CITY,Cedar St. 10,Bldg-55,Apt ۲,PC 1 0055,FAM-X-000445,2025-10-02
ORD-0001564,ACC-000446,North City,Cdar St 10,B ۵۵,۲,,FAM-X-000446,2025-09-30
ORD-0001565,ACC-000446,North City,Cdar St 10,B ۵۵,۲,,FAM-X-000446,2025-04-19
ORD-0001566,ACC-000447,North City,Cedar S 10,B ۵۵,۳,,FAM-X-000447,2025-03-13
ORD-0001567,ACC-000447,North City,Cedar S 10,B ۵۵,۳,,FAM-X-000447,2025-07-16
ORD-0001568,ACC-000447,North City,Cedar S 10,B ۵۵,۳,,FAM-X-000447,2025-12-02
ORD-0001569,ACC-000447,North City,Cedar S 10,B ۵۵,۳,,FAM-X-000447,2025-06-27
ORD-0001570,ACC-000447,North City,Cedar S 10,B ۵۵,۳,,FAM-X-000447,2025-05-08
ORD-0001571,ACC-000448,NORTH CITY,Cedar St. 10,Bldg-55,Apt ۴,PC 1 0055,FAM-X-000448,2025-02-20
ORD-0001572,ACC-000448,NORTH CITY,Cedar St. 10,Bldg-55,Apt ۴,PC 1 0055,FAM-X-000448,2025-01-25
ORD-0001573,ACC-000449,Central City,Maple Street 10,Building 56,Unit 1,PC-2-0056,FAM-00221,2025-02-05
ORD-0001574,ACC-000449,Central City,Maple Street 10,Building 56,Unit 1,PC-2-0056,FAM-00221,2025-02-25
ORD-0001575,ACC-000449,Central City,Maple Street 10,Building 56,Unit 1,PC-2-0056,FAM-00221,2025-11-25
ORD-0001576,ACC-000449,Central City,Maple Street 10,Building 56,Unit 1,PC-2-0056,FAM-00221,2025-12-05
ORD-0001577,ACC-000449,Central City,Maple Street 10,Building 56,Unit 1,PC-2-0056,FAM-00221,2025-09-22
ORD-0001578,ACC-000450,Central City,Maple Street 10,Building 56,Unit 1,PC-2-0056,FAM-00221,2025-08-19
ORD-0001579,ACC-000450,Central City,Maple Street 10,Building 56,Unit 1,PC-2-0056,FAM-00221,2025-04-06
ORD-0001580,ACC-000450,Central City,Maple Street 10,Building 56,Unit 1,PC-2-0056,FAM-00221,2025-10-04
ORD-0001581,ACC-000450,Central City,Maple Street 10,Building 56,Unit 1,PC-2-0056,FAM-00221,2025-01-22
ORD-0001582,ACC-000450,Central City,Maple Street 10,Building 56,Unit 1,PC-2-0056,FAM-00221,2025-10-30
ORD-0001583,ACC-000451,CENTRAL CITY,Maple St. 10,Bldg-56,Apt ۱,PC 2 0056,FAM-00221,2025-04-28
ORD-0001584,ACC-000451,CENTRAL CITY,Maple St. 10,Bldg-56,Apt ۱,PC 2 0056,FAM-00221,2025-12-03
ORD-0001585,ACC-000451,CENTRAL CITY,Maple St. 10,Bldg-56,Apt ۱,PC 2 0056,FAM-00221,2025-09-12
ORD-0001586,ACC-000452,Central City,Mple St 10,B ۵۶,۱,,FAM-00221,2025-05-19
ORD-0001587,ACC-000452,Central City,Mple St 10,B ۵۶,۱,,FAM-00221,2025-12-31
ORD-0001588,ACC-000452,Central City,Mple St 10,B ۵۶,۱,,FAM-00221,2025-07-01
ORD-0001589,ACC-000452,Central City,Mple St 10,B ۵۶,۱,,FAM-00221,2025-02-28
ORD-0001590,ACC-000453,CENTRAL CITY,Maple St. 10,Bldg-56,Apt ۲,PC 2 0056,FAM-X-000453,2025-06-25
ORD-0001591,ACC-000453,CENTRAL CITY,Maple St. 10,Bldg-56,Apt ۲,PC 2 0056,FAM-X-000453,2025-11-02
ORD-0001592,ACC-000453,CENTRAL CITY,Maple St. 10,Bldg-56,Apt ۲,PC 2 0056,FAM-X-000453,2025-07-28
ORD-0001593,ACC-000454,CENTRAL CITY,Maple St. 10,Bldg-56,Apt ۳,PC 2 0056,FAM-X-000454,2025-08-01
ORD-0001594,ACC-000454,CENTRAL CITY,Maple St. 10,Bldg-56,Apt ۳,PC 2 0056,FAM-X-000454,2025-10-04
ORD-0001595,ACC-000454,CENTRAL CITY,Maple St. 10,Bldg-56,Apt ۳,PC 2 0056,FAM-X-000454,2025-08-02
ORD-0001596,ACC-000454,CENTRAL CITY,Maple St. 10,Bldg-56,Apt ۳,PC 2 0056,FAM-X-000454,2025-05-07
ORD-0001597,ACC-000454,CENTRAL CITY,Maple St. 10,Bldg-56,Apt ۳,PC 2 0056,FAM-X-000454,2025-08-28
ORD-0001598,ACC-000455,Central City,Maple S 10,B ۵۶,۴,,FAM-00224,2025-02-08
ORD-0001599,ACC-000455,Central City,Maple S 10,B ۵۶,۴,,FAM-00224,2025-04-10
ORD-0001600,ACC-000455,Central City,Maple S 10,B ۵۶,۴,,FAM-00224,2025-11-05
ORD-0001601,ACC-000455,Central City,Maple S 10,B ۵۶,۴,,FAM-00224,2025-07-12
ORD-0001602,ACC-000456,Central City,Male St 10,B ۵۶,۴,,FAM-00224,2025-01-06
ORD-0001603,ACC-000456,Central City,Male St 10,B ۵۶,۴,,FAM-00224,2025-09-25
ORD-0001604,ACC-000457,Central City,Maple S 10,B ۵۶,۴,,FAM-00224,2025-11-02
ORD-0001605,ACC-000457,Central City,Maple S 10,B ۵۶,۴,,FAM-00224,2025-11-12
ORD-0001606,ACC-000457,Central City,Maple S 10,B ۵۶,۴,,FAM-00224,2025-01-14
ORD-0001607,ACC-000457,Central City,Maple S 10,B ۵۶,۴,,FAM-00224,2025-09-22
ORD-0001608,ACC-000458,South City,Willow Street 10,Building 57,Unit 1,PC-3-0057,FAM-00225,2025-03-12
ORD-0001609,ACC-000458,South City,Willow Street 10,Building 57,Unit 1,PC-3-0057,FAM-00225,2025-02-28
ORD-0001610,ACC-000458,South City,Willow Street 10,Building 57,Unit 1,PC-3-0057,FAM-00225,2025-05-17
ORD-0001611,ACC-000459,South City,Willow S 10,B ۵۷,۱,,FAM-00225,2025-01-14
ORD-0001612,ACC-000459,South City,Willow S 10,B ۵۷,۱,,FAM-00225,2025-10-25
ORD-0001613,ACC-000460,SOUTH CITY,Willow St. 10,Bldg-57,Apt ۲,PC 3 0057,FAM-X-000460,2025-10-20
ORD-0001614,ACC-000460,SOUTH CITY,Willow St. 10,Bldg-57,Apt ۲,PC 3 0057,FAM-X-000460,2025-07-29
ORD-0001615,ACC-000460,SOUTH CITY,Willow St. 10,Bldg-57,Apt ۲,PC 3 0057,FAM-X-000460,2025-02-10
ORD-0001616,ACC-000460,SOUTH CITY,Willow St. 10,Bldg-57,Apt ۲,PC 3 0057,FAM-X-000460,2025-12-04
ORD-0001617,ACC-000460,SOUTH CITY,Willow St. 10,Bldg-57,Apt ۲,PC 3 0057,FAM-X-000460,2025-08-11
ORD-0001618,ACC-000461,South City,Willow Street 10,Building 57,Unit 3,PC-3-0057,FAM-X-000461,2025-11-19
ORD-0001619,ACC-000461,South City,Willow Street 10,Building 57,Unit 3,PC-3-0057,FAM-X-000461,2025-08-25
ORD-0001620,ACC-000461,South City,Willow Street 10,Building 57,Unit 3,PC-3-0057,FAM-X-000461,2025-07-10
ORD-0001621,ACC-000461,South City,Willow Street 10,Building 57,Unit 3,PC-3-0057,FAM-X-000461,2025-12-28
ORD-0001622,ACC-000461,South City,Willow Street 10,Building 57,Unit 3,PC-3-0057,FAM-X-000461,2025-07-21
ORD-0001623,ACC-000462,South City,Willow Street 10,Building 57,Unit 3,PC-3-0057,FAM-00227,2025-07-01
ORD-0001624,ACC-000462,South City,Willow Street 10,Building 57,Unit 3,PC-3-0057,FAM-00227,2025-03-14
ORD-0001625,ACC-000462,South City,Willow Street 10,Building 57,Unit 3,PC-3-0057,FAM-00227,2025-01-13
ORD-0001626,ACC-000462,South City,Willow Street 10,Building 57,Unit 3,PC-3-0057,FAM-00227,2025-08-17
ORD-0001627,ACC-000463,South City,Willo St 10,B ۵۷,۳,,FAM-00227,2025-12-10
ORD-0001628,ACC-000463,South City,Willo St 10,B ۵۷,۳,,FAM-00227,2025-08-29
ORD-0001629,ACC-000463,South City,Willo St 10,B ۵۷,۳,,FAM-00227,2025-12-09
ORD-0001630,ACC-000463,South City,Willo St 10,B ۵۷,۳,,FAM-00227,2025-01-21
ORD-0001631,ACC-000464,SOUTH CITY,Willow St. 10,Bldg-57,Apt ۳,PC 3 0057,FAM-00227,2025-09-07
ORD-0001632,ACC-000464,SOUTH CITY,Willow St. 10,Bldg-57,Apt ۳,PC 3 0057,FAM-00227,2025-06-03
ORD-0001633,ACC-000464,SOUTH CITY,Willow St. 10,Bldg-57,Apt ۳,PC 3 0057,FAM-00227,2025-11-15
ORD-0001634,ACC-000464,SOUTH CITY,Willow St. 10,Bldg-57,Apt ۳,PC 3 0057,FAM-00227,2025-02-13
ORD-0001635,ACC-000465,South City,Willow Street 10,Building 57,Unit 4,PC-3-0057,FAM-X-000465,2025-11-02
ORD-0001636,ACC-000465,South City,Willow Street 10,Building 57,Unit 4,PC-3-0057,FAM-X-000465,2025-05-12
ORD-0001637,ACC-000465,South City,Willow Street 10,Building 57,Unit 4,PC-3-0057,FAM-X-000465,2025-02-23
ORD-0001638,ACC-000466,NORTH CITY,Oak St. 10,Bldg-58,Apt ۱,PC 1 0058,FAM-X-000466,2025-03-20
ORD-0001639,ACC-000466,NORTH CITY,Oak St. 10,Bldg-58,Apt ۱,PC 1 0058,FAM-X-000466,2025-05-09
ORD-0001640,ACC-000466,NORTH CITY,Oak St. 10,Bldg-58,Apt ۱,PC 1 0058,FAM-X-000466,2025-03-01
ORD-0001641,ACC-000466,NORTH CITY,Oak St. 10,Bldg-58,Apt ۱,PC 1 0058,FAM-X-000466,2025-05-26
ORD-0001642,ACC-000466,NORTH CITY,Oak St. 10,Bldg-58,Apt ۱,PC 1 0058,FAM-X-000466,2025-07-25
ORD-0001643,ACC-000467,NORTH CITY,Oak St. 10,Bldg-58,Apt ۲,PC 1 0058,FAM-X-000467,2025-11-29
ORD-0001644,ACC-000467,NORTH CITY,Oak St. 10,Bldg-58,Apt ۲,PC 1 0058,FAM-X-000467,2025-06-08
ORD-0001645,ACC-000467,NORTH CITY,Oak St. 10,Bldg-58,Apt ۲,PC 1 0058,FAM-X-000467,2025-02-25
ORD-0001646,ACC-000468,North City,Oa St 10,B ۵۸,۳,,FAM-X-000468,2025-07-07
ORD-0001647,ACC-000468,North City,Oa St 10,B ۵۸,۳,,FAM-X-000468,2025-09-10
ORD-0001648,ACC-000468,North City,Oa St 10,B ۵۸,۳,,FAM-X-000468,2025-07-12
ORD-0001649,ACC-000468,North City,Oa St 10,B ۵۸,۳,,FAM-X-000468,2025-01-07
ORD-0001650,ACC-000469,North City,ak St 10,B ۵۸,۳,,FAM-X-000469,2025-05-01
ORD-0001651,ACC-000469,North City,ak St 10,B ۵۸,۳,,FAM-X-000469,2025-01-05
ORD-0001652,ACC-000469,North City,ak St 10,B ۵۸,۳,,FAM-X-000469,2025-10-22
ORD-0001653,ACC-000469,North City,ak St 10,B ۵۸,۳,,FAM-X-000469,2025-07-06
ORD-0001654,ACC-000469,North City,ak St 10,B ۵۸,۳,,FAM-X-000469,2025-04-26
ORD-0001655,ACC-000470,NORTH CITY,Oak St. 10,Bldg-58,Apt ۳,PC 1 0058,FAM-X-000470,2025-07-09
ORD-0001656,ACC-000470,NORTH CITY,Oak St. 10,Bldg-58,Apt ۳,PC 1 0058,FAM-X-000470,2025-05-04
ORD-0001657,ACC-000470,NORTH CITY,Oak St. 10,Bldg-58,Apt ۳,PC 1 0058,FAM-X-000470,2025-10-31
ORD-0001658,ACC-000470,NORTH CITY,Oak St. 10,Bldg-58,Apt ۳,PC 1 0058,FAM-X-000470,2025-04-02
ORD-0001659,ACC-000471,NORTH CITY,Oak St. 10,Bldg-58,Apt ۳,PC 1 0058,FAM-X-000471,2025-05-17
ORD-0001660,ACC-000471,NORTH CITY,Oak St. 10,Bldg-58,Apt ۳,PC 1 0058,FAM-X-000471,2025-01-18
ORD-0001661,ACC-000471,NORTH CITY,Oak St. 10,Bldg-58,Apt ۳,PC 1 0058,FAM-X-000471,2025-12-21
ORD-0001662,ACC-000471,NORTH CITY,Oak St. 10,Bldg-58,Apt ۳,PC 1 0058,FAM-X-000471,2025-06-12
ORD-0001663,ACC-000471,NORTH CITY,Oak St. 10,Bldg-58,Apt ۳,PC 1 0058,FAM-X-000471,2025-03-05
ORD-0001664,ACC-000472,North City,Oak Street 10,Building 58,Unit 4,PC-1-0058,FAM-X-000472,2025-07-18
ORD-0001665,ACC-000472,North City,Oak Street 10,Building 58,Unit 4,PC-1-0058,FAM-X-000472,2025-03-30
ORD-0001666,ACC-000472,North City,Oak Street 10,Building 58,Unit 4,PC-1-0058,FAM-X-000472,2025-07-02
ORD-0001667,ACC-000472,North City,Oak Street 10,Building 58,Unit 4,PC-1-0058,FAM-X-000472,2025-02-09
ORD-0001668,ACC-000473,CENTRAL CITY,Pine St. 10,Bldg-59,Apt ۱,PC 2 0059,FAM-00233,2025-03-28
ORD-0001669,ACC-000473,CENTRAL CITY,Pine St. 10,Bldg-59,Apt ۱,PC 2 0059,FAM-00233,2025-04-06
ORD-0001670,ACC-000473,CENTRAL CITY,Pine St. 10,Bldg-59,Apt ۱,PC 2 0059,FAM-00233,2025-04-04
ORD-0001671,ACC-000473,CENTRAL CITY,Pine St. 10,Bldg-59,Apt ۱,PC 2 0059,FAM-00233,2025-06-19
ORD-0001672,ACC-000474,Central City,Pine Street 10,Building 59,Unit 1,PC-2-0059,FAM-00233,2025-09-05
ORD-0001673,ACC-000474,Central City,Pine Street 10,Building 59,Unit 1,PC-2-0059,FAM-00233,2025-02-12
ORD-0001674,ACC-000474,Central City,Pine Street 10,Building 59,Unit 1,PC-2-0059,FAM-00233,2025-09-30
ORD-0001675,ACC-000474,Central City,Pine Street 10,Building 59,Unit 1,PC-2-0059,FAM-00233,2025-04-01
ORD-0001676,ACC-000475,CENTRAL CITY,Pine St. 10,Bldg-59,Apt ۱,PC 2 0059,FAM-00233,2025-06-23
ORD-0001677,ACC-000475,CENTRAL CITY,Pine St. 10,Bldg-59,Apt ۱,PC 2 0059,FAM-00233,2025-01-16
ORD-0001678,ACC-000475,CENTRAL CITY,Pine St. 10,Bldg-59,Apt ۱,PC 2 0059,FAM-00233,2025-09-23
ORD-0001679,ACC-000475,CENTRAL CITY,Pine St. 10,Bldg-59,Apt ۱,PC 2 0059,FAM-00233,2025-02-06
ORD-0001680,ACC-000476,CENTRAL CITY,Pine St. 10,Bldg-59,Apt ۱,PC 2 0059,FAM-X-000476,2025-01-06
ORD-0001681,ACC-000476,CENTRAL CITY,Pine St. 10,Bldg-59,Apt ۱,PC 2 0059,FAM-X-000476,2025-08-29
ORD-0001682,ACC-000476,CENTRAL CITY,Pine St. 10,Bldg-59,Apt ۱,PC 2 0059,FAM-X-000476,2025-07-23
ORD-0001683,ACC-000477,CENTRAL CITY,Pine St. 10,Bldg-59,Apt ۲,PC 2 0059,FAM-X-000477,2025-08-15
ORD-0001684,ACC-000477,CENTRAL CITY,Pine St. 10,Bldg-59,Apt ۲,PC 2 0059,FAM-X-000477,2025-04-06
ORD-0001685,ACC-000478,Central City,Pine t 10,B ۵۹,,PC20059,FAM-X-000478,2025-01-10
ORD-0001686,ACC-000478,Central City,Pine t 10,B ۵۹,,PC20059,FAM-X-000478,2025-04-15
ORD-0001687,ACC-000478,Central City,Pine t 10,B ۵۹,,PC20059,FAM-X-000478,2025-11-02
ORD-0001688,ACC-000479,Central City,Pine Street 10,Building 59,Unit 2,PC-2-0059,FAM-X-000479,2025-03-13
ORD-0001689,ACC-000479,Central City,Pine Street 10,Building 59,Unit 2,PC-2-0059,FAM-X-000479,2025-05-09
ORD-0001690,ACC-000479,Central City,Pine Street 10,Building 59,Unit 2,PC-2-0059,FAM-X-000479,2025-01-02
ORD-0001691,ACC-000479,Central City,Pine Street 10,Building 59,Unit 2,PC-2-0059,FAM-X-000479,2025-08-08
ORD-0001692,ACC-000480,Central City,Pine Street 10,Building 59,Unit 3,PC-2-0059,FAM-X-000480,2025-03-15
ORD-0001693,ACC-000480,Central City,Pine Street 10,Building 59,Unit 3,PC-2-0059,FAM-X-000480,2025-06-14
ORD-0001694,ACC-000480,Central City,Pine Street 10,Building 59,Unit 3,PC-2-0059,FAM-X-000480,2025-02-01
ORD-0001695,ACC-000481,CENTRAL CITY,Pine St. 10,Bldg-59,Apt ۴,PC 2 0059,FAM-X-000481,2025-11-12
ORD-0001696,ACC-000481,CENTRAL CITY,Pine St. 10,Bldg-59,Apt ۴,PC 2 0059,FAM-X-000481,2025-02-15
ORD-0001697,ACC-000481,CENTRAL CITY,Pine St. 10,Bldg-59,Apt ۴,PC 2 0059,FAM-X-000481,2025-10-26
ORD-0001698,ACC-000482,Central City,Pne St 10,B ۵۹,,,FAM-X-000482,2025-12-11
ORD-0001699,ACC-000482,Central City,Pne St 10,B ۵۹,,,FAM-X-000482,2025-07-27
ORD-0001700,ACC-000482,Central City,Pne St 10,B ۵۹,,,FAM-X-000482,2025-12-13
ORD-0001701,ACC-000482,Central City,Pne St 10,B ۵۹,,,FAM-X-000482,2025-06-09
ORD-0001702,ACC-000482,Central City,Pne St 10,B ۵۹,,,FAM-X-000482,2025-05-31
ORD-0001703,ACC-000483,CENTRAL CITY,Pine St. 10,Bldg-59,Apt ۴,PC 2 0059,FAM-X-000483,2025-06-16
ORD-0001704,ACC-000483,CENTRAL CITY,Pine St. 10,Bldg-59,Apt ۴,PC 2 0059,FAM-X-000483,2025-09-15
ORD-0001705,ACC-000483,CENTRAL CITY,Pine St. 10,Bldg-59,Apt ۴,PC 2 0059,FAM-X-000483,2025-10-03
ORD-0001706,ACC-000483,CENTRAL CITY,Pine St. 10,Bldg-59,Apt ۴,PC 2 0059,FAM-X-000483,2025-06-29
ORD-0001707,ACC-000484,SOUTH CITY,Elm St. 10,Bldg-60,Apt ۱,PC 3 0060,FAM-X-000484,2025-10-21
ORD-0001708,ACC-000484,SOUTH CITY,Elm St. 10,Bldg-60,Apt ۱,PC 3 0060,FAM-X-000484,2025-03-26
ORD-0001709,ACC-000485,South City,El St 10,B ۶۰,۲,PC30060,FAM-00238,2025-02-19
ORD-0001710,ACC-000485,South City,El St 10,B ۶۰,۲,PC30060,FAM-00238,2025-06-30
ORD-0001711,ACC-000485,South City,El St 10,B ۶۰,۲,PC30060,FAM-00238,2025-04-20
ORD-0001712,ACC-000486,South City,lm St 10,B ۶۰,۲,PC30060,FAM-X-000486,2025-12-17
ORD-0001713,ACC-000486,South City,lm St 10,B ۶۰,۲,PC30060,FAM-X-000486,2025-05-09
ORD-0001714,ACC-000486,South City,lm St 10,B ۶۰,۲,PC30060,FAM-X-000486,2025-03-25
ORD-0001715,ACC-000486,South City,lm St 10,B ۶۰,۲,PC30060,FAM-X-000486,2025-08-02
ORD-0001716,ACC-000486,South City,lm St 10,B ۶۰,۲,PC30060,FAM-X-000486,2025-12-07
ORD-0001717,ACC-000487,SOUTH CITY,Elm St. 10,Bldg-60,Apt ۳,PC 3 0060,FAM-00239,2025-04-16
ORD-0001718,ACC-000487,SOUTH CITY,Elm St. 10,Bldg-60,Apt ۳,PC 3 0060,FAM-00239,2025-09-02
ORD-0001719,ACC-000488,South City,Elm Street 10,Building 60,Unit 3,PC-3-0060,FAM-00239,2025-11-01
ORD-0001720,ACC-000488,South City,Elm Street 10,Building 60,Unit 3,PC-3-0060,FAM-00239,2025-11-21
ORD-0001721,ACC-000489,SOUTH CITY,Elm St. 10,Bldg-60,Apt ۴,PC 3 0060,FAM-00240,2025-03-18
ORD-0001722,ACC-000489,SOUTH CITY,Elm St. 10,Bldg-60,Apt ۴,PC 3 0060,FAM-00240,2025-04-02
ORD-0001723,ACC-000489,SOUTH CITY,Elm St. 10,Bldg-60,Apt ۴,PC 3 0060,FAM-00240,2025-10-28
ORD-0001724,ACC-000489,SOUTH CITY,Elm St. 10,Bldg-60,Apt ۴,PC 3 0060,FAM-00240,2025-05-18
ORD-0001725,ACC-000490,SOUTH CITY,Elm St. 10,Bldg-60,Apt ۴,PC 3 0060,FAM-00240,2025-12-29
ORD-0001726,ACC-000490,SOUTH CITY,Elm St. 10,Bldg-60,Apt ۴,PC 3 0060,FAM-00240,2025-07-29
ORD-0001727,ACC-000491,North City,Cedar S 11,B ۶۱,۱,PC10061,FAM-X-000491,2025-01-25
ORD-0001728,ACC-000491,North City,Cedar S 11,B ۶۱,۱,PC10061,FAM-X-000491,2025-12-29
ORD-0001729,ACC-000491,North City,Cedar S 11,B ۶۱,۱,PC10061,FAM-X-000491,2025-03-06
ORD-0001730,ACC-000491,North City,Cedar S 11,B ۶۱,۱,PC10061,FAM-X-000491,2025-06-03
ORD-0001731,ACC-000491,North City,Cedar S 11,B ۶۱,۱,PC10061,FAM-X-000491,2025-03-27
ORD-0001732,ACC-000492,NORTH CITY,Cedar St. 11,Bldg-61,Apt ۱,PC 1 0061,FAM-00241,2025-11-29
ORD-0001733,ACC-000492,NORTH CITY,Cedar St. 11,Bldg-61,Apt ۱,PC 1 0061,FAM-00241,2025-12-05
ORD-0001734,ACC-000492,NORTH CITY,Cedar St. 11,Bldg-61,Apt ۱,PC 1 0061,FAM-00241,2025-03-18
ORD-0001735,ACC-000492,NORTH CITY,Cedar St. 11,Bldg-61,Apt ۱,PC 1 0061,FAM-00241,2025-05-24
ORD-0001736,ACC-000492,NORTH CITY,Cedar St. 11,Bldg-61,Apt ۱,PC 1 0061,FAM-00241,2025-05-30
ORD-0001737,ACC-000493,North City,Cedar Street 11,Building 61,Unit 1,PC-1-0061,FAM-00241,2025-04-25
ORD-0001738,ACC-000493,North City,Cedar Street 11,Building 61,Unit 1,PC-1-0061,FAM-00241,2025-11-03
ORD-0001739,ACC-000493,North City,Cedar Street 11,Building 61,Unit 1,PC-1-0061,FAM-00241,2025-09-09
ORD-0001740,ACC-000493,North City,Cedar Street 11,Building 61,Unit 1,PC-1-0061,FAM-00241,2025-05-25
ORD-0001741,ACC-000494,NORTH CITY,Cedar St. 11,Bldg-61,Apt ۱,PC 1 0061,FAM-00241,2025-06-29
ORD-0001742,ACC-000494,NORTH CITY,Cedar St. 11,Bldg-61,Apt ۱,PC 1 0061,FAM-00241,2025-07-25
ORD-0001743,ACC-000495,NORTH CITY,Cedar St. 11,Bldg-61,Apt ۲,PC 1 0061,FAM-00242,2025-04-21
ORD-0001744,ACC-000495,NORTH CITY,Cedar St. 11,Bldg-61,Apt ۲,PC 1 0061,FAM-00242,2025-08-13
ORD-0001745,ACC-000495,NORTH CITY,Cedar St. 11,Bldg-61,Apt ۲,PC 1 0061,FAM-00242,2025-07-26
ORD-0001746,ACC-000495,NORTH CITY,Cedar St. 11,Bldg-61,Apt ۲,PC 1 0061,FAM-00242,2025-06-13
ORD-0001747,ACC-000495,NORTH CITY,Cedar St. 11,Bldg-61,Apt ۲,PC 1 0061,FAM-00242,2025-04-15
ORD-0001748,ACC-000496,NORTH CITY,Cedar St. 11,Bldg-61,Apt ۲,PC 1 0061,FAM-00242,2025-03-24
ORD-0001749,ACC-000496,NORTH CITY,Cedar St. 11,Bldg-61,Apt ۲,PC 1 0061,FAM-00242,2025-07-02
ORD-0001750,ACC-000496,NORTH CITY,Cedar St. 11,Bldg-61,Apt ۲,PC 1 0061,FAM-00242,2025-02-14
ORD-0001751,ACC-000497,North City,Cedr St 11,B ۶۱,۲,,FAM-00242,2025-11-08
ORD-0001752,ACC-000497,North City,Cedr St 11,B ۶۱,۲,,FAM-00242,2025-04-10
ORD-0001753,ACC-000497,North City,Cedr St 11,B ۶۱,۲,,FAM-00242,2025-02-26
ORD-0001754,ACC-000497,North City,Cedr St 11,B ۶۱,۲,,FAM-00242,2025-02-01
ORD-0001755,ACC-000498,North City,Cedar Street 11,Building 61,Unit 2,PC-1-0061,FAM-00242,2025-05-12
ORD-0001756,ACC-000498,North City,Cedar Street 11,Building 61,Unit 2,PC-1-0061,FAM-00242,2025-03-29
ORD-0001757,ACC-000498,North City,Cedar Street 11,Building 61,Unit 2,PC-1-0061,FAM-00242,2025-09-28
ORD-0001758,ACC-000498,North City,Cedar Street 11,Building 61,Unit 2,PC-1-0061,FAM-00242,2025-09-03
ORD-0001759,ACC-000499,NORTH CITY,Cedar St. 11,Bldg-61,Apt ۳,PC 1 0061,FAM-X-000499,2025-12-13
ORD-0001760,ACC-000499,NORTH CITY,Cedar St. 11,Bldg-61,Apt ۳,PC 1 0061,FAM-X-000499,2025-05-22
ORD-0001761,ACC-000500,North City,Cear St 11,B ۶۱,,PC10061,FAM-X-000500,2025-01-12
ORD-0001762,ACC-000500,North City,Cear St 11,B ۶۱,,PC10061,FAM-X-000500,2025-12-11
ORD-0001763,ACC-000500,North City,Cear St 11,B ۶۱,,PC10061,FAM-X-000500,2025-05-24
ORD-0001764,ACC-000500,North City,Cear St 11,B ۶۱,,PC10061,FAM-X-000500,2025-12-08
ORD-0001765,ACC-000501,NORTH CITY,Cedar St. 11,Bldg-61,Apt ۴,PC 1 0061,FAM-X-000501,2025-09-03
ORD-0001766,ACC-000501,NORTH CITY,Cedar St. 11,Bldg-61,Apt ۴,PC 1 0061,FAM-X-000501,2025-07-14
ORD-0001767,ACC-000501,NORTH CITY,Cedar St. 11,Bldg-61,Apt ۴,PC 1 0061,FAM-X-000501,2025-01-10
ORD-0001768,ACC-000501,NORTH CITY,Cedar St. 11,Bldg-61,Apt ۴,PC 1 0061,FAM-X-000501,2025-05-22
ORD-0001769,ACC-000501,NORTH CITY,Cedar St. 11,Bldg-61,Apt ۴,PC 1 0061,FAM-X-000501,2025-09-24
ORD-0001770,ACC-000502,NORTH CITY,Cedar St. 11,Bldg-61,Apt ۴,PC 1 0061,FAM-X-000502,2025-01-08
ORD-0001771,ACC-000502,NORTH CITY,Cedar St. 11,Bldg-61,Apt ۴,PC 1 0061,FAM-X-000502,2025-06-20
ORD-0001772,ACC-000502,NORTH CITY,Cedar St. 11,Bldg-61,Apt ۴,PC 1 0061,FAM-X-000502,2025-07-05
ORD-0001773,ACC-000502,NORTH CITY,Cedar St. 11,Bldg-61,Apt ۴,PC 1 0061,FAM-X-000502,2025-11-22
ORD-0001774,ACC-000502,NORTH CITY,Cedar St. 11,Bldg-61,Apt ۴,PC 1 0061,FAM-X-000502,2025-04-24
ORD-0001775,ACC-000503,North City,Cedar Street 11,Building 61,Unit 4,PC-1-0061,FAM-X-000503,2025-07-23
ORD-0001776,ACC-000503,North City,Cedar Street 11,Building 61,Unit 4,PC-1-0061,FAM-X-000503,2025-08-23
ORD-0001777,ACC-000504,Central City,Maple Street 11,Building 62,Unit 1,PC-2-0062,FAM-X-000504,2025-04-02
ORD-0001778,ACC-000504,Central City,Maple Street 11,Building 62,Unit 1,PC-2-0062,FAM-X-000504,2025-10-29
ORD-0001779,ACC-000504,Central City,Maple Street 11,Building 62,Unit 1,PC-2-0062,FAM-X-000504,2025-02-20
ORD-0001780,ACC-000505,Central City,Male St 11,B ۶۲,۲,PC20062,FAM-X-000505,2025-05-28
ORD-0001781,ACC-000505,Central City,Male St 11,B ۶۲,۲,PC20062,FAM-X-000505,2025-01-05
ORD-0001782,ACC-000505,Central City,Male St 11,B ۶۲,۲,PC20062,FAM-X-000505,2025-06-04
ORD-0001783,ACC-000505,Central City,Male St 11,B ۶۲,۲,PC20062,FAM-X-000505,2025-07-23
ORD-0001784,ACC-000506,CENTRAL CITY,Maple St. 11,Bldg-62,Apt ۱,PC 2 0062,FAM-X-000506,2025-10-22
ORD-0001785,ACC-000506,CENTRAL CITY,Maple St. 11,Bldg-62,Apt ۱,PC 2 0062,FAM-X-000506,2025-04-02
ORD-0001786,ACC-000506,CENTRAL CITY,Maple St. 11,Bldg-62,Apt ۱,PC 2 0062,FAM-X-000506,2025-05-10
ORD-0001787,ACC-000506,CENTRAL CITY,Maple St. 11,Bldg-62,Apt ۱,PC 2 0062,FAM-X-000506,2025-09-01
ORD-0001788,ACC-000506,CENTRAL CITY,Maple St. 11,Bldg-62,Apt ۱,PC 2 0062,FAM-X-000506,2025-05-30
ORD-0001789,ACC-000507,Central City,Maple Street 11,Building 62,Unit 1,PC-2-0062,FAM-X-000507,2025-09-28
ORD-0001790,ACC-000507,Central City,Maple Street 11,Building 62,Unit 1,PC-2-0062,FAM-X-000507,2025-11-04
ORD-0001791,ACC-000507,Central City,Maple Street 11,Building 62,Unit 1,PC-2-0062,FAM-X-000507,2025-10-14
ORD-0001792,ACC-000508,Central City,Maple Street 11,Building 62,Unit 1,PC-2-0062,FAM-X-000508,2025-05-24
ORD-0001793,ACC-000508,Central City,Maple Street 11,Building 62,Unit 1,PC-2-0062,FAM-X-000508,2025-07-08
ORD-0001794,ACC-000509,Central City,Maple Street 11,Building 62,Unit 1,PC-2-0062,FAM-X-000509,2025-09-16
ORD-0001795,ACC-000509,Central City,Maple Street 11,Building 62,Unit 1,PC-2-0062,FAM-X-000509,2025-04-20
ORD-0001796,ACC-000509,Central City,Maple Street 11,Building 62,Unit 1,PC-2-0062,FAM-X-000509,2025-03-14
ORD-0001797,ACC-000509,Central City,Maple Street 11,Building 62,Unit 1,PC-2-0062,FAM-X-000509,2025-07-22
ORD-0001798,ACC-000509,Central City,Maple Street 11,Building 62,Unit 1,PC-2-0062,FAM-X-000509,2025-01-13
ORD-0001799,ACC-000510,CENTRAL CITY,Maple St. 11,Bldg-62,Apt ۲,PC 2 0062,FAM-X-000510,2025-10-19
ORD-0001800,ACC-000510,CENTRAL CITY,Maple St. 11,Bldg-62,Apt ۲,PC 2 0062,FAM-X-000510,2025-03-08
ORD-0001801,ACC-000510,CENTRAL CITY,Maple St. 11,Bldg-62,Apt ۲,PC 2 0062,FAM-X-000510,2025-01-21
ORD-0001802,ACC-000511,Central City,Maple Street 11,Building 62,Unit 3,PC-2-0062,FAM-X-000511,2025-07-14
ORD-0001803,ACC-000511,Central City,Maple Street 11,Building 62,Unit 3,PC-2-0062,FAM-X-000511,2025-03-05
ORD-0001804,ACC-000511,Central City,Maple Street 11,Building 62,Unit 3,PC-2-0062,FAM-X-000511,2025-03-19
ORD-0001805,ACC-000511,Central City,Maple Street 11,Building 62,Unit 3,PC-2-0062,FAM-X-000511,2025-10-07
ORD-0001806,ACC-000512,CENTRAL CITY,Maple St. 11,Bldg-62,Apt ۳,PC 2 0062,FAM-00247,2025-03-17
ORD-0001807,ACC-000512,CENTRAL CITY,Maple St. 11,Bldg-62,Apt ۳,PC 2 0062,FAM-00247,2025-10-10
ORD-0001808,ACC-000513,CENTRAL CITY,Maple St. 11,Bldg-62,Apt ۳,PC 2 0062,FAM-00247,2025-12-12
ORD-0001809,ACC-000513,CENTRAL CITY,Maple St. 11,Bldg-62,Apt ۳,PC 2 0062,FAM-00247,2025-03-24
ORD-0001810,ACC-000514,Central City,Maple Street 11,Building 62,Unit 4,PC-2-0062,FAM-X-000514,2025-11-18
ORD-0001811,ACC-000514,Central City,Maple Street 11,Building 62,Unit 4,PC-2-0062,FAM-X-000514,2025-05-29
ORD-0001812,ACC-000514,Central City,Maple Street 11,Building 62,Unit 4,PC-2-0062,FAM-X-000514,2025-10-19
ORD-0001813,ACC-000514,Central City,Maple Street 11,Building 62,Unit 4,PC-2-0062,FAM-X-000514,2025-11-27
ORD-0001814,ACC-000515,CENTRAL CITY,Maple St. 11,Bldg-62,Apt ۴,PC 2 0062,FAM-X-000515,2025-07-11
ORD-0001815,ACC-000515,CENTRAL CITY,Maple St. 11,Bldg-62,Apt ۴,PC 2 0062,FAM-X-000515,2025-09-04
ORD-0001816,ACC-000515,CENTRAL CITY,Maple St. 11,Bldg-62,Apt ۴,PC 2 0062,FAM-X-000515,2025-07-26
ORD-0001817,ACC-000515,CENTRAL CITY,Maple St. 11,Bldg-62,Apt ۴,PC 2 0062,FAM-X-000515,2025-07-11
ORD-0001818,ACC-000515,CENTRAL CITY,Maple St. 11,Bldg-62,Apt ۴,PC 2 0062,FAM-X-000515,2025-06-09
ORD-0001819,ACC-000516,Central City,Mapl St 11,B ۶۲,,,FAM-X-000516,2025-01-27
ORD-0001820,ACC-000516,Central City,Mapl St 11,B ۶۲,,,FAM-X-000516,2025-08-04
ORD-0001821,ACC-000517,South City,Willow S 11,B ۶۳,۱,,FAM-X-000517,2025-10-19
ORD-0001822,ACC-000517,South City,Willow S 11,B ۶۳,۱,,FAM-X-000517,2025-03-21
ORD-0001823,ACC-000517,South City,Willow S 11,B ۶۳,۱,,FAM-X-000517,2025-11-20
ORD-0001824,ACC-000518,South City,Willow Street 11,Building 63,Unit 1,PC-3-0063,FAM-X-000518,2025-10-03
ORD-0001825,ACC-000518,South City,Willow Street 11,Building 63,Unit 1,PC-3-0063,FAM-X-000518,2025-08-08
ORD-0001826,ACC-000519,South City,Willow Street 11,Building 63,Unit 2,PC-3-0063,FAM-00250,2025-06-23
ORD-0001827,ACC-000519,South City,Willow Street 11,Building 63,Unit 2,PC-3-0063,FAM-00250,2025-02-12
ORD-0001828,ACC-000519,South City,Willow Street 11,Building 63,Unit 2,PC-3-0063,FAM-00250,2025-10-15
ORD-0001829,ACC-000520,SOUTH CITY,Willow St. 11,Bldg-63,Apt ۲,PC 3 0063,FAM-00250,2025-04-25
ORD-0001830,ACC-000520,SOUTH CITY,Willow St. 11,Bldg-63,Apt ۲,PC 3 0063,FAM-00250,2025-03-21
ORD-0001831,ACC-000521,SOUTH CITY,Willow St. 11,Bldg-63,Apt ۳,PC 3 0063,FAM-X-000521,2025-12-08
ORD-0001832,ACC-000521,SOUTH CITY,Willow St. 11,Bldg-63,Apt ۳,PC 3 0063,FAM-X-000521,2025-06-15
ORD-0001833,ACC-000521,SOUTH CITY,Willow St. 11,Bldg-63,Apt ۳,PC 3 0063,FAM-X-000521,2025-05-21
ORD-0001834,ACC-000521,SOUTH CITY,Willow St. 11,Bldg-63,Apt ۳,PC 3 0063,FAM-X-000521,2025-07-16
ORD-0001835,ACC-000522,South City,Willow Street 11,Building 63,Unit 3,PC-3-0063,FAM-X-000522,2025-06-17
ORD-0001836,ACC-000522,South City,Willow Street 11,Building 63,Unit 3,PC-3-0063,FAM-X-000522,2025-09-28
ORD-0001837,ACC-000522,South City,Willow Street 11,Building 63,Unit 3,PC-3-0063,FAM-X-000522,2025-03-23
ORD-0001838,ACC-000522,South City,Willow Street 11,Building 63,Unit 3,PC-3-0063,FAM-X-000522,2025-12-27
ORD-0001839,ACC-000522,South City,Willow Street 11,Building 63,Unit 3,PC-3-0063,FAM-X-000522,2025-10-22
ORD-0001840,ACC-000523,SOUTH CITY,Willow St. 11,Bldg-63,Apt ۴,PC 3 0063,FAM-00252,2025-10-02
ORD-0001841,ACC-000523,SOUTH CITY,Willow St. 11,Bldg-63,Apt ۴,PC 3 0063,FAM-00252,2025-10-09
ORD-0001842,ACC-000523,SOUTH CITY,Willow St. 11,Bldg-63,Apt ۴,PC 3 0063,FAM-00252,2025-05-03
ORD-0001843,ACC-000523,SOUTH CITY,Willow St. 11,Bldg-63,Apt ۴,PC 3 0063,FAM-00252,2025-12-31
ORD-0001844,ACC-000523,SOUTH CITY,Willow St. 11,Bldg-63,Apt ۴,PC 3 0063,FAM-00252,2025-01-04
ORD-0001845,ACC-000524,South City,Willow Street 11,Building 63,Unit 4,PC-3-0063,FAM-00252,2025-08-10
ORD-0001846,ACC-000524,South City,Willow Street 11,Building 63,Unit 4,PC-3-0063,FAM-00252,2025-02-13
ORD-0001847,ACC-000524,South City,Willow Street 11,Building 63,Unit 4,PC-3-0063,FAM-00252,2025-04-12
ORD-0001848,ACC-000525,NORTH CITY,Oak St. 11,Bldg-64,Apt ۱,PC 1 0064,FAM-X-000525,2025-10-19
ORD-0001849,ACC-000525,NORTH CITY,Oak St. 11,Bldg-64,Apt ۱,PC 1 0064,FAM-X-000525,2025-03-09
ORD-0001850,ACC-000526,North City,Oak Street 11,Building 64,Unit 2,PC-1-0064,FAM-X-000526,2025-11-15
ORD-0001851,ACC-000526,North City,Oak Street 11,Building 64,Unit 2,PC-1-0064,FAM-X-000526,2025-03-17
ORD-0001852,ACC-000527,North City,Oak Street 11,Building 64,Unit 3,PC-1-0064,FAM-X-000527,2025-06-23
ORD-0001853,ACC-000527,North City,Oak Street 11,Building 64,Unit 3,PC-1-0064,FAM-X-000527,2025-07-23
ORD-0001854,ACC-000527,North City,Oak Street 11,Building 64,Unit 3,PC-1-0064,FAM-X-000527,2025-07-10
ORD-0001855,ACC-000527,North City,Oak Street 11,Building 64,Unit 3,PC-1-0064,FAM-X-000527,2025-04-14
ORD-0001856,ACC-000528,North City,Oak t 11,B ۶۴,۵,,FAM-X-000528,2025-12-22
ORD-0001857,ACC-000528,North City,Oak t 11,B ۶۴,۵,,FAM-X-000528,2025-12-24
ORD-0001858,ACC-000528,North City,Oak t 11,B ۶۴,۵,,FAM-X-000528,2025-12-06
ORD-0001859,ACC-000528,North City,Oak t 11,B ۶۴,۵,,FAM-X-000528,2025-09-27
ORD-0001860,ACC-000529,NORTH CITY,Oak St. 11,Bldg-64,Apt ۴,PC 1 0064,FAM-00256,2025-10-24
ORD-0001861,ACC-000529,NORTH CITY,Oak St. 11,Bldg-64,Apt ۴,PC 1 0064,FAM-00256,2025-07-10
ORD-0001862,ACC-000529,NORTH CITY,Oak St. 11,Bldg-64,Apt ۴,PC 1 0064,FAM-00256,2025-09-26
ORD-0001863,ACC-000529,NORTH CITY,Oak St. 11,Bldg-64,Apt ۴,PC 1 0064,FAM-00256,2025-02-17
ORD-0001864,ACC-000529,NORTH CITY,Oak St. 11,Bldg-64,Apt ۴,PC 1 0064,FAM-00256,2025-03-23
ORD-0001865,ACC-000530,Central City,Pie St 11,B ۶۵,۱,,FAM-00257,2025-07-10
ORD-0001866,ACC-000530,Central City,Pie St 11,B ۶۵,۱,,FAM-00257,2025-05-16
ORD-0001867,ACC-000530,Central City,Pie St 11,B ۶۵,۱,,FAM-00257,2025-08-12
ORD-0001868,ACC-000530,Central City,Pie St 11,B ۶۵,۱,,FAM-00257,2025-01-17
ORD-0001869,ACC-000531,Central City,Pin St 11,B ۶۵,۱,,FAM-00257,2025-05-16
ORD-0001870,ACC-000531,Central City,Pin St 11,B ۶۵,۱,,FAM-00257,2025-08-03
ORD-0001871,ACC-000531,Central City,Pin St 11,B ۶۵,۱,,FAM-00257,2025-11-20
ORD-0001872,ACC-000532,CENTRAL CITY,Pine St. 11,Bldg-65,Apt ۲,PC 2 0065,FAM-X-000532,2025-09-20
ORD-0001873,ACC-000532,CENTRAL CITY,Pine St. 11,Bldg-65,Apt ۲,PC 2 0065,FAM-X-000532,2025-05-18
ORD-0001874,ACC-000533,CENTRAL CITY,Pine St. 11,Bldg-65,Apt ۳,PC 2 0065,FAM-X-000533,2025-10-25
ORD-0001875,ACC-000533,CENTRAL CITY,Pine St. 11,Bldg-65,Apt ۳,PC 2 0065,FAM-X-000533,2025-05-31
ORD-0001876,ACC-000533,CENTRAL CITY,Pine St. 11,Bldg-65,Apt ۳,PC 2 0065,FAM-X-000533,2025-04-28
ORD-0001877,ACC-000534,CENTRAL CITY,Pine St. 11,Bldg-65,Apt ۴,PC 2 0065,FAM-X-000534,2025-06-07
ORD-0001878,ACC-000534,CENTRAL CITY,Pine St. 11,Bldg-65,Apt ۴,PC 2 0065,FAM-X-000534,2025-03-14
ORD-0001879,ACC-000534,CENTRAL CITY,Pine St. 11,Bldg-65,Apt ۴,PC 2 0065,FAM-X-000534,2025-09-30
ORD-0001880,ACC-000534,CENTRAL CITY,Pine St. 11,Bldg-65,Apt ۴,PC 2 0065,FAM-X-000534,2025-01-03
ORD-0001881,ACC-000534,CENTRAL CITY,Pine St. 11,Bldg-65,Apt ۴,PC 2 0065,FAM-X-000534,2025-06-17
ORD-0001882,ACC-000535,CENTRAL CITY,Pine St. 11,Bldg-65,Apt ۴,PC 2 0065,FAM-X-000535,2025-07-11
ORD-0001883,ACC-000535,CENTRAL CITY,Pine St. 11,Bldg-65,Apt ۴,PC 2 0065,FAM-X-000535,2025-03-20
ORD-0001884,ACC-000535,CENTRAL CITY,Pine St. 11,Bldg-65,Apt ۴,PC 2 0065,FAM-X-000535,2025-04-26
ORD-0001885,ACC-000535,CENTRAL CITY,Pine St. 11,Bldg-65,Apt ۴,PC 2 0065,FAM-X-000535,2025-07-11
ORD-0001886,ACC-000536,CENTRAL CITY,Pine St. 11,Bldg-65,Apt ۴,PC 2 0065,FAM-X-000536,2025-11-01
ORD-0001887,ACC-000536,CENTRAL CITY,Pine St. 11,Bldg-65,Apt ۴,PC 2 0065,FAM-X-000536,2025-02-15
ORD-0001888,ACC-000537,SOUTH CITY,Elm St. 11,Bldg-66,Apt ۱,PC 3 0066,FAM-X-000537,2025-12-06
ORD-0001889,ACC-000537,SOUTH CITY,Elm St. 11,Bldg-66,Apt ۱,PC 3 0066,FAM-X-000537,2025-03-23
ORD-0001890,ACC-000537,SOUTH CITY,Elm St. 11,Bldg-66,Apt ۱,PC 3 0066,FAM-X-000537,2025-01-14
ORD-0001891,ACC-000538,South City,Elm Street 11,Building 66,Unit 2,PC-3-0066,FAM-00262,2025-02-13
ORD-0001892,ACC-000538,South City,Elm Street 11,Building 66,Unit 2,PC-3-0066,FAM-00262,2025-11-18
ORD-0001893,ACC-000538,South City,Elm Street 11,Building 66,Unit 2,PC-3-0066,FAM-00262,2025-03-21
ORD-0001894,ACC-000538,South City,Elm Street 11,Building 66,Unit 2,PC-3-0066,FAM-00262,2025-02-13
ORD-0001895,ACC-000538,South City,Elm Street 11,Building 66,Unit 2,PC-3-0066,FAM-00262,2025-04-11
ORD-0001896,ACC-000539,SOUTH CITY,Elm St. 11,Bldg-66,Apt ۲,PC 3 0066,FAM-00262,2025-01-01
ORD-0001897,ACC-000539,SOUTH CITY,Elm St. 11,Bldg-66,Apt ۲,PC 3 0066,FAM-00262,2025-02-15
ORD-0001898,ACC-000539,SOUTH CITY,Elm St. 11,Bldg-66,Apt ۲,PC 3 0066,FAM-00262,2025-03-01
ORD-0001899,ACC-000539,SOUTH CITY,Elm St. 11,Bldg-66,Apt ۲,PC 3 0066,FAM-00262,2025-03-13
ORD-0001900,ACC-000540,SOUTH CITY,Elm St. 11,Bldg-66,Apt ۳,PC 3 0066,FAM-00263,2025-05-30
ORD-0001901,ACC-000540,SOUTH CITY,Elm St. 11,Bldg-66,Apt ۳,PC 3 0066,FAM-00263,2025-01-09
ORD-0001902,ACC-000541,South City,Elm t 11,B ۶۶,,,FAM-X-000541,2025-07-27
ORD-0001903,ACC-000541,South City,Elm t 11,B ۶۶,,,FAM-X-000541,2025-08-14
ORD-0001904,ACC-000542,South City,Elm Street 11,Building 66,Unit 4,PC-3-0066,FAM-X-000542,2025-12-22
ORD-0001905,ACC-000542,South City,Elm Street 11,Building 66,Unit 4,PC-3-0066,FAM-X-000542,2025-05-28
ORD-0001906,ACC-000542,South City,Elm Street 11,Building 66,Unit 4,PC-3-0066,FAM-X-000542,2025-03-16
ORD-0001907,ACC-000543,SOUTH CITY,Elm St. 11,Bldg-66,Apt ۴,PC 3 0066,FAM-X-000543,2025-06-03
ORD-0001908,ACC-000543,SOUTH CITY,Elm St. 11,Bldg-66,Apt ۴,PC 3 0066,FAM-X-000543,2025-02-15
ORD-0001909,ACC-000543,SOUTH CITY,Elm St. 11,Bldg-66,Apt ۴,PC 3 0066,FAM-X-000543,2025-05-21
ORD-0001910,ACC-000543,SOUTH CITY,Elm St. 11,Bldg-66,Apt ۴,PC 3 0066,FAM-X-000543,2025-06-09
ORD-0001911,ACC-000544,North City,Cedar S 12,B ۶۷,۱,,FAM-X-000544,2025-12-20
ORD-0001912,ACC-000544,North City,Cedar S 12,B ۶۷,۱,,FAM-X-000544,2025-08-05
ORD-0001913,ACC-000544,North City,Cedar S 12,B ۶۷,۱,,FAM-X-000544,2025-01-22
ORD-0001914,ACC-000545,NORTH CITY,Cedar St. 12,Bldg-67,Apt ۲,PC 1 0067,FAM-00266,2025-07-14
ORD-0001915,ACC-000545,NORTH CITY,Cedar St. 12,Bldg-67,Apt ۲,PC 1 0067,FAM-00266,2025-02-25
ORD-0001916,ACC-000545,NORTH CITY,Cedar St. 12,Bldg-67,Apt ۲,PC 1 0067,FAM-00266,2025-09-03
ORD-0001917,ACC-000545,NORTH CITY,Cedar St. 12,Bldg-67,Apt ۲,PC 1 0067,FAM-00266,2025-02-13
ORD-0001918,ACC-000546,North City,Cedar Street 12,Building 67,Unit 2,PC-1-0067,FAM-00266,2025-04-04
ORD-0001919,ACC-000546,North City,Cedar Street 12,Building 67,Unit 2,PC-1-0067,FAM-00266,2025-11-08
ORD-0001920,ACC-000546,North City,Cedar Street 12,Building 67,Unit 2,PC-1-0067,FAM-00266,2025-11-17
ORD-0001921,ACC-000547,NORTH CITY,Cedar St. 12,Bldg-67,Apt ۲,PC 1 0067,FAM-X-000547,2025-07-22
ORD-0001922,ACC-000547,NORTH CITY,Cedar St. 12,Bldg-67,Apt ۲,PC 1 0067,FAM-X-000547,2025-01-03
ORD-0001923,ACC-000548,North City,Cedar Street 12,Building 67,Unit 2,PC-1-0067,FAM-00266,2025-01-22
ORD-0001924,ACC-000548,North City,Cedar Street 12,Building 67,Unit 2,PC-1-0067,FAM-00266,2025-03-03
ORD-0001925,ACC-000548,North City,Cedar Street 12,Building 67,Unit 2,PC-1-0067,FAM-00266,2025-08-04
ORD-0001926,ACC-000548,North City,Cedar Street 12,Building 67,Unit 2,PC-1-0067,FAM-00266,2025-04-04
ORD-0001927,ACC-000549,NORTH CITY,Cedar St. 12,Bldg-67,Apt ۳,PC 1 0067,FAM-00267,2025-07-30
ORD-0001928,ACC-000549,NORTH CITY,Cedar St. 12,Bldg-67,Apt ۳,PC 1 0067,FAM-00267,2025-03-17
ORD-0001929,ACC-000549,NORTH CITY,Cedar St. 12,Bldg-67,Apt ۳,PC 1 0067,FAM-00267,2025-11-30
ORD-0001930,ACC-000549,NORTH CITY,Cedar St. 12,Bldg-67,Apt ۳,PC 1 0067,FAM-00267,2025-07-25
ORD-0001931,ACC-000550,North City,Cedar t 12,B ۶۷,۳,,FAM-00267,2025-11-30
ORD-0001932,ACC-000550,North City,Cedar t 12,B ۶۷,۳,,FAM-00267,2025-03-31
ORD-0001933,ACC-000550,North City,Cedar t 12,B ۶۷,۳,,FAM-00267,2025-08-28
ORD-0001934,ACC-000551,North City,Cedar Street 12,Building 67,Unit 4,PC-1-0067,FAM-X-000551,2025-02-17
ORD-0001935,ACC-000551,North City,Cedar Street 12,Building 67,Unit 4,PC-1-0067,FAM-X-000551,2025-10-25
ORD-0001936,ACC-000552,North City,Cedar Street 12,Building 67,Unit 4,PC-1-0067,FAM-X-000552,2025-04-14
ORD-0001937,ACC-000552,North City,Cedar Street 12,Building 67,Unit 4,PC-1-0067,FAM-X-000552,2025-09-29
ORD-0001938,ACC-000552,North City,Cedar Street 12,Building 67,Unit 4,PC-1-0067,FAM-X-000552,2025-06-02
ORD-0001939,ACC-000552,North City,Cedar Street 12,Building 67,Unit 4,PC-1-0067,FAM-X-000552,2025-02-15
ORD-0001940,ACC-000553,North City,Cear St 12,B ۶۷,۴,PC10067,FAM-X-000553,2025-02-26
ORD-0001941,ACC-000553,North City,Cear St 12,B ۶۷,۴,PC10067,FAM-X-000553,2025-02-04
ORD-0001942,ACC-000553,North City,Cear St 12,B ۶۷,۴,PC10067,FAM-X-000553,2025-10-11
ORD-0001943,ACC-000553,North City,Cear St 12,B ۶۷,۴,PC10067,FAM-X-000553,2025-03-10
ORD-0001944,ACC-000553,North City,Cear St 12,B ۶۷,۴,PC10067,FAM-X-000553,2025-02-24
ORD-0001945,ACC-000554,North City,Cdar St 12,B ۶۷,۴,,FAM-X-000554,2025-07-11
ORD-0001946,ACC-000554,North City,Cdar St 12,B ۶۷,۴,,FAM-X-000554,2025-01-05
ORD-0001947,ACC-000554,North City,Cdar St 12,B ۶۷,۴,,FAM-X-000554,2025-04-29
ORD-0001948,ACC-000555,North City,Cdar St 12,B ۶۷,۴,PC10067,FAM-X-000555,2025-02-06
ORD-0001949,ACC-000555,North City,Cdar St 12,B ۶۷,۴,PC10067,FAM-X-000555,2025-09-29
ORD-0001950,ACC-000555,North City,Cdar St 12,B ۶۷,۴,PC10067,FAM-X-000555,2025-08-05
ORD-0001951,ACC-000555,North City,Cdar St 12,B ۶۷,۴,PC10067,FAM-X-000555,2025-02-11
ORD-0001952,ACC-000555,North City,Cdar St 12,B ۶۷,۴,PC10067,FAM-X-000555,2025-04-04
ORD-0001953,ACC-000556,NORTH CITY,Cedar St. 12,Bldg-67,Apt ۴,PC 1 0067,FAM-X-000556,2025-04-27
ORD-0001954,ACC-000556,NORTH CITY,Cedar St. 12,Bldg-67,Apt ۴,PC 1 0067,FAM-X-000556,2025-11-02
ORD-0001955,ACC-000556,NORTH CITY,Cedar St. 12,Bldg-67,Apt ۴,PC 1 0067,FAM-X-000556,2025-04-14
ORD-0001956,ACC-000557,CENTRAL CITY,Maple St. 12,Bldg-68,Apt ۱,PC 2 0068,FAM-00269,2025-02-16
ORD-0001957,ACC-000557,CENTRAL CITY,Maple St. 12,Bldg-68,Apt ۱,PC 2 0068,FAM-00269,2025-04-06
ORD-0001958,ACC-000557,CENTRAL CITY,Maple St. 12,Bldg-68,Apt ۱,PC 2 0068,FAM-00269,2025-12-06
ORD-0001959,ACC-000558,CENTRAL CITY,Maple St. 12,Bldg-68,Apt ۱,PC 2 0068,FAM-00269,2025-08-27
ORD-0001960,ACC-000558,CENTRAL CITY,Maple St. 12,Bldg-68,Apt ۱,PC 2 0068,FAM-00269,2025-09-06
ORD-0001961,ACC-000559,CENTRAL CITY,Maple St. 12,Bldg-68,Apt ۲,PC 2 0068,FAM-X-000559,2025-10-30
ORD-0001962,ACC-000559,CENTRAL CITY,Maple St. 12,Bldg-68,Apt ۲,PC 2 0068,FAM-X-000559,2025-04-12
ORD-0001963,ACC-000559,CENTRAL CITY,Maple St. 12,Bldg-68,Apt ۲,PC 2 0068,FAM-X-000559,2025-09-29
ORD-0001964,ACC-000559,CENTRAL CITY,Maple St. 12,Bldg-68,Apt ۲,PC 2 0068,FAM-X-000559,2025-02-06
ORD-0001965,ACC-000560,CENTRAL CITY,Maple St. 12,Bldg-68,Apt ۲,PC 2 0068,FAM-X-000560,2025-01-25
ORD-0001966,ACC-000560,CENTRAL CITY,Maple St. 12,Bldg-68,Apt ۲,PC 2 0068,FAM-X-000560,2025-09-30
ORD-0001967,ACC-000561,Central City,Maple Street 12,Building 68,Unit 2,PC-2-0068,FAM-X-000561,2025-12-18
ORD-0001968,ACC-000561,Central City,Maple Street 12,Building 68,Unit 2,PC-2-0068,FAM-X-000561,2025-07-20
ORD-0001969,ACC-000562,CENTRAL CITY,Maple St. 12,Bldg-68,Apt ۳,PC 2 0068,FAM-X-000562,2025-10-16
ORD-0001970,ACC-000562,CENTRAL CITY,Maple St. 12,Bldg-68,Apt ۳,PC 2 0068,FAM-X-000562,2025-12-05
ORD-0001971,ACC-000562,CENTRAL CITY,Maple St. 12,Bldg-68,Apt ۳,PC 2 0068,FAM-X-000562,2025-10-27
ORD-0001972,ACC-000562,CENTRAL CITY,Maple St. 12,Bldg-68,Apt ۳,PC 2 0068,FAM-X-000562,2025-02-21
ORD-0001973,ACC-000563,CENTRAL CITY,Maple St. 12,Bldg-68,Apt ۴,PC 2 0068,FAM-00272,2025-02-18
ORD-0001974,ACC-000563,CENTRAL CITY,Maple St. 12,Bldg-68,Apt ۴,PC 2 0068,FAM-00272,2025-03-18
ORD-0001975,ACC-000563,CENTRAL CITY,Maple St. 12,Bldg-68,Apt ۴,PC 2 0068,FAM-00272,2025-11-08
ORD-0001976,ACC-000564,Central City,Maple Street 12,Building 68,Unit 4,PC-2-0068,FAM-X-000564,2025-08-22
ORD-0001977,ACC-000564,Central City,Maple Street 12,Building 68,Unit 4,PC-2-0068,FAM-X-000564,2025-08-05
ORD-0001978,ACC-000564,Central City,Maple Street 12,Building 68,Unit 4,PC-2-0068,FAM-X-000564,2025-06-20
ORD-0001979,ACC-000564,Central City,Maple Street 12,Building 68,Unit 4,PC-2-0068,FAM-X-000564,2025-03-31
ORD-0001980,ACC-000564,Central City,Maple Street 12,Building 68,Unit 4,PC-2-0068,FAM-X-000564,2025-04-13
ORD-0001981,ACC-000565,SOUTH CITY,Willow St. 12,Bldg-69,Apt ۱,PC 3 0069,FAM-X-000565,2025-08-28
ORD-0001982,ACC-000565,SOUTH CITY,Willow St. 12,Bldg-69,Apt ۱,PC 3 0069,FAM-X-000565,2025-08-04
ORD-0001983,ACC-000565,SOUTH CITY,Willow St. 12,Bldg-69,Apt ۱,PC 3 0069,FAM-X-000565,2025-07-14
ORD-0001984,ACC-000565,SOUTH CITY,Willow St. 12,Bldg-69,Apt ۱,PC 3 0069,FAM-X-000565,2025-02-10
ORD-0001985,ACC-000566,SOUTH CITY,Willow St. 12,Bldg-69,Apt ۲,PC 3 0069,FAM-X-000566,2025-04-17
ORD-0001986,ACC-000566,SOUTH CITY,Willow St. 12,Bldg-69,Apt ۲,PC 3 0069,FAM-X-000566,2025-04-26
ORD-0001987,ACC-000566,SOUTH CITY,Willow St. 12,Bldg-69,Apt ۲,PC 3 0069,FAM-X-000566,2025-11-21
ORD-0001988,ACC-000567,South City,Willow Street 12,Building 69,Unit 3,PC-3-0069,FAM-X-000567,2025-09-16
ORD-0001989,ACC-000567,South City,Willow Street 12,Building 69,Unit 3,PC-3-0069,FAM-X-000567,2025-10-08
ORD-0001990,ACC-000567,South City,Willow Street 12,Building 69,Unit 3,PC-3-0069,FAM-X-000567,2025-12-13
ORD-0001991,ACC-000567,South City,Willow Street 12,Building 69,Unit 3,PC-3-0069,FAM-X-000567,2025-04-01
ORD-0001992,ACC-000567,South City,Willow Street 12,Building 69,Unit 3,PC-3-0069,FAM-X-000567,2025-02-03
ORD-0001993,ACC-000568,SOUTH CITY,Willow St. 12,Bldg-69,Apt ۳,PC 3 0069,FAM-X-000568,2025-03-27
ORD-0001994,ACC-000568,SOUTH CITY,Willow St. 12,Bldg-69,Apt ۳,PC 3 0069,FAM-X-000568,2025-05-26
ORD-0001995,ACC-000568,SOUTH CITY,Willow St. 12,Bldg-69,Apt ۳,PC 3 0069,FAM-X-000568,2025-05-24
ORD-0001996,ACC-000569,SOUTH CITY,Willow St. 12,Bldg-69,Apt ۳,PC 3 0069,FAM-X-000569,2025-06-23
ORD-0001997,ACC-000569,SOUTH CITY,Willow St. 12,Bldg-69,Apt ۳,PC 3 0069,FAM-X-000569,2025-02-11
ORD-0001998,ACC-000569,SOUTH CITY,Willow St. 12,Bldg-69,Apt ۳,PC 3 0069,FAM-X-000569,2025-07-28
ORD-0001999,ACC-000569,SOUTH CITY,Willow St. 12,Bldg-69,Apt ۳,PC 3 0069,FAM-X-000569,2025-03-05
ORD-0002000,ACC-000570,South City,Willow Street 12,Building 69,Unit 4,PC-3-0069,FAM-X-000570,2025-11-07
ORD-0002001,ACC-000570,South City,Willow Street 12,Building 69,Unit 4,PC-3-0069,FAM-X-000570,2025-11-10
ORD-0002002,ACC-000570,South City,Willow Street 12,Building 69,Unit 4,PC-3-0069,FAM-X-000570,2025-01-02
ORD-0002003,ACC-000571,North City,Oak t 12,B ۷۰,,,FAM-X-000571,2025-03-25
ORD-0002004,ACC-000571,North City,Oak t 12,B ۷۰,,,FAM-X-000571,2025-02-24
ORD-0002005,ACC-000571,North City,Oak t 12,B ۷۰,,,FAM-X-000571,2025-12-26
ORD-0002006,ACC-000572,North City,Oak Street 12,Building 70,Unit 2,PC-1-0070,FAM-00278,2025-08-20
ORD-0002007,ACC-000572,North City,Oak Street 12,Building 70,Unit 2,PC-1-0070,FAM-00278,2025-11-24
ORD-0002008,ACC-000572,North City,Oak Street 12,Building 70,Unit 2,PC-1-0070,FAM-00278,2025-05-19
ORD-0002009,ACC-000572,North City,Oak Street 12,Building 70,Unit 2,PC-1-0070,FAM-00278,2025-03-28
ORD-0002010,ACC-000573,NORTH CITY,Oak St. 12,Bldg-70,Apt ۲,PC 1 0070,FAM-00278,2025-05-23
ORD-0002011,ACC-000573,NORTH CITY,Oak St. 12,Bldg-70,Apt ۲,PC 1 0070,FAM-00278,2025-10-01
ORD-0002012,ACC-000573,NORTH CITY,Oak St. 12,Bldg-70,Apt ۲,PC 1 0070,FAM-00278,2025-03-18
ORD-0002013,ACC-000573,NORTH CITY,Oak St. 12,Bldg-70,Apt ۲,PC 1 0070,FAM-00278,2025-12-23
ORD-0002014,ACC-000573,NORTH CITY,Oak St. 12,Bldg-70,Apt ۲,PC 1 0070,FAM-00278,2025-03-06
ORD-0002015,ACC-000574,NORTH CITY,Oak St. 12,Bldg-70,Apt ۲,PC 1 0070,FAM-X-000574,2025-10-16
ORD-0002016,ACC-000574,NORTH CITY,Oak St. 12,Bldg-70,Apt ۲,PC 1 0070,FAM-X-000574,2025-04-01
ORD-0002017,ACC-000574,NORTH CITY,Oak St. 12,Bldg-70,Apt ۲,PC 1 0070,FAM-X-000574,2025-03-17
ORD-0002018,ACC-000575,NORTH CITY,Oak St. 12,Bldg-70,Apt ۳,PC 1 0070,FAM-X-000575,2025-01-10
ORD-0002019,ACC-000575,NORTH CITY,Oak St. 12,Bldg-70,Apt ۳,PC 1 0070,FAM-X-000575,2025-10-13
ORD-0002020,ACC-000575,NORTH CITY,Oak St. 12,Bldg-70,Apt ۳,PC 1 0070,FAM-X-000575,2025-08-10
ORD-0002021,ACC-000575,NORTH CITY,Oak St. 12,Bldg-70,Apt ۳,PC 1 0070,FAM-X-000575,2025-08-13
ORD-0002022,ACC-000575,NORTH CITY,Oak St. 12,Bldg-70,Apt ۳,PC 1 0070,FAM-X-000575,2025-11-12
ORD-0002023,ACC-000576,North City,Oak Street 12,Building 70,Unit 4,PC-1-0070,FAM-00280,2025-03-26
ORD-0002024,ACC-000576,North City,Oak Street 12,Building 70,Unit 4,PC-1-0070,FAM-00280,2025-08-07
ORD-0002025,ACC-000576,North City,Oak Street 12,Building 70,Unit 4,PC-1-0070,FAM-00280,2025-10-20
ORD-0002026,ACC-000577,North City,Oak Street 12,Building 70,Unit 4,PC-1-0070,FAM-X-000577,2025-04-27
ORD-0002027,ACC-000577,North City,Oak Street 12,Building 70,Unit 4,PC-1-0070,FAM-X-000577,2025-05-17
ORD-0002028,ACC-000577,North City,Oak Street 12,Building 70,Unit 4,PC-1-0070,FAM-X-000577,2025-01-26
ORD-0002029,ACC-000578,Central City,Pine Street 12,Building 71,Unit 1,PC-2-0071,FAM-X-000578,2025-02-22
ORD-0002030,ACC-000578,Central City,Pine Street 12,Building 71,Unit 1,PC-2-0071,FAM-X-000578,2025-09-25
ORD-0002031,ACC-000578,Central City,Pine Street 12,Building 71,Unit 1,PC-2-0071,FAM-X-000578,2025-01-24
ORD-0002032,ACC-000579,Central City,Pie St 12,B ۷۱,۲,PC20071,FAM-X-000579,2025-11-14
ORD-0002033,ACC-000579,Central City,Pie St 12,B ۷۱,۲,PC20071,FAM-X-000579,2025-01-05
ORD-0002034,ACC-000580,CENTRAL CITY,Pine St. 12,Bldg-71,Apt ۳,PC 2 0071,FAM-X-000580,2025-02-01
ORD-0002035,ACC-000580,CENTRAL CITY,Pine St. 12,Bldg-71,Apt ۳,PC 2 0071,FAM-X-000580,2025-08-11
ORD-0002036,ACC-000580,CENTRAL CITY,Pine St. 12,Bldg-71,Apt ۳,PC 2 0071,FAM-X-000580,2025-10-10
ORD-0002037,ACC-000580,CENTRAL CITY,Pine St. 12,Bldg-71,Apt ۳,PC 2 0071,FAM-X-000580,2025-04-08
ORD-0002038,ACC-000580,CENTRAL CITY,Pine St. 12,Bldg-71,Apt ۳,PC 2 0071,FAM-X-000580,2025-03-29
ORD-0002039,ACC-000581,CENTRAL CITY,Pine St. 12,Bldg-71,Apt ۴,PC 2 0071,FAM-X-000581,2025-04-21
ORD-0002040,ACC-000581,CENTRAL CITY,Pine St. 12,Bldg-71,Apt ۴,PC 2 0071,FAM-X-000581,2025-10-13
ORD-0002041,ACC-000582,South City,Elm Street 12,Building 72,Unit 1,PC-3-0072,FAM-00285,2025-07-19
ORD-0002042,ACC-000582,South City,Elm Street 12,Building 72,Unit 1,PC-3-0072,FAM-00285,2025-10-19
ORD-0002043,ACC-000582,South City,Elm Street 12,Building 72,Unit 1,PC-3-0072,FAM-00285,2025-12-02
ORD-0002044,ACC-000582,South City,Elm Street 12,Building 72,Unit 1,PC-3-0072,FAM-00285,2025-05-23
ORD-0002045,ACC-000583,South City,Elm S 12,B ۷۲,۱,PC30072,FAM-00285,2025-01-18
ORD-0002046,ACC-000583,South City,Elm S 12,B ۷۲,۱,PC30072,FAM-00285,2025-04-07
ORD-0002047,ACC-000583,South City,Elm S 12,B ۷۲,۱,PC30072,FAM-00285,2025-01-31
ORD-0002048,ACC-000583,South City,Elm S 12,B ۷۲,۱,PC30072,FAM-00285,2025-04-28
ORD-0002049,ACC-000583,South City,Elm S 12,B ۷۲,۱,PC30072,FAM-00285,2025-05-23
ORD-0002050,ACC-000584,South City,Elm Street 12,Building 72,Unit 1,PC-3-0072,FAM-00285,2025-12-14
ORD-0002051,ACC-000584,South City,Elm Street 12,Building 72,Unit 1,PC-3-0072,FAM-00285,2025-03-22
ORD-0002052,ACC-000584,South City,Elm Street 12,Building 72,Unit 1,PC-3-0072,FAM-00285,2025-03-13
ORD-0002053,ACC-000584,South City,Elm Street 12,Building 72,Unit 1,PC-3-0072,FAM-00285,2025-01-20
ORD-0002054,ACC-000584,South City,Elm Street 12,Building 72,Unit 1,PC-3-0072,FAM-00285,2025-12-17
ORD-0002055,ACC-000585,SOUTH CITY,Elm St. 12,Bldg-72,Apt ۲,PC 3 0072,FAM-00286,2025-08-24
ORD-0002056,ACC-000585,SOUTH CITY,Elm St. 12,Bldg-72,Apt ۲,PC 3 0072,FAM-00286,2025-06-10
ORD-0002057,ACC-000585,SOUTH CITY,Elm St. 12,Bldg-72,Apt ۲,PC 3 0072,FAM-00286,2025-03-10
ORD-0002058,ACC-000585,SOUTH CITY,Elm St. 12,Bldg-72,Apt ۲,PC 3 0072,FAM-00286,2025-01-09
ORD-0002059,ACC-000586,SOUTH CITY,Elm St. 12,Bldg-72,Apt ۲,PC 3 0072,FAM-00286,2025-05-18
ORD-0002060,ACC-000586,SOUTH CITY,Elm St. 12,Bldg-72,Apt ۲,PC 3 0072,FAM-00286,2025-09-17
ORD-0002061,ACC-000586,SOUTH CITY,Elm St. 12,Bldg-72,Apt ۲,PC 3 0072,FAM-00286,2025-08-06
ORD-0002062,ACC-000586,SOUTH CITY,Elm St. 12,Bldg-72,Apt ۲,PC 3 0072,FAM-00286,2025-08-28
ORD-0002063,ACC-000586,SOUTH CITY,Elm St. 12,Bldg-72,Apt ۲,PC 3 0072,FAM-00286,2025-01-02
ORD-0002064,ACC-000587,SOUTH CITY,Elm St. 12,Bldg-72,Apt ۲,PC 3 0072,FAM-00286,2025-10-06
ORD-0002065,ACC-000587,SOUTH CITY,Elm St. 12,Bldg-72,Apt ۲,PC 3 0072,FAM-00286,2025-09-03
ORD-0002066,ACC-000587,SOUTH CITY,Elm St. 12,Bldg-72,Apt ۲,PC 3 0072,FAM-00286,2025-10-24
ORD-0002067,ACC-000588,South City,Elm Street 12,Building 72,Unit 3,PC-3-0072,FAM-X-000588,2025-12-02
ORD-0002068,ACC-000588,South City,Elm Street 12,Building 72,Unit 3,PC-3-0072,FAM-X-000588,2025-05-02
ORD-0002069,ACC-000588,South City,Elm Street 12,Building 72,Unit 3,PC-3-0072,FAM-X-000588,2025-10-20
ORD-0002070,ACC-000589,South City,Elm Street 12,Building 72,Unit 4,PC-3-0072,FAM-00288,2025-04-03
ORD-0002071,ACC-000589,South City,Elm Street 12,Building 72,Unit 4,PC-3-0072,FAM-00288,2025-02-17
ORD-0002072,ACC-000589,South City,Elm Street 12,Building 72,Unit 4,PC-3-0072,FAM-00288,2025-08-16
ORD-0002073,ACC-000590,South City,Elm t 12,B ۷۲,۴,PC30072,FAM-00288,2025-01-16
ORD-0002074,ACC-000590,South City,Elm t 12,B ۷۲,۴,PC30072,FAM-00288,2025-04-11
ORD-0002075,ACC-000590,South City,Elm t 12,B ۷۲,۴,PC30072,FAM-00288,2025-09-21
ORD-0002076,ACC-000590,South City,Elm t 12,B ۷۲,۴,PC30072,FAM-00288,2025-07-04
ORD-0002077,ACC-000591,NORTH CITY,Cedar St. 13,Bldg-73,Apt ۱,PC 1 0073,FAM-00289,2025-01-06
ORD-0002078,ACC-000591,NORTH CITY,Cedar St. 13,Bldg-73,Apt ۱,PC 1 0073,FAM-00289,2025-04-21
ORD-0002079,ACC-000591,NORTH CITY,Cedar St. 13,Bldg-73,Apt ۱,PC 1 0073,FAM-00289,2025-08-06
ORD-0002080,ACC-000591,NORTH CITY,Cedar St. 13,Bldg-73,Apt ۱,PC 1 0073,FAM-00289,2025-03-05
ORD-0002081,ACC-000591,NORTH CITY,Cedar St. 13,Bldg-73,Apt ۱,PC 1 0073,FAM-00289,2025-06-20
ORD-0002082,ACC-000592,North City,Cedar Street 13,Building 73,Unit 1,PC-1-0073,FAM-X-000592,2025-05-29
ORD-0002083,ACC-000592,North City,Cedar Street 13,Building 73,Unit 1,PC-1-0073,FAM-X-000592,2025-08-22
ORD-0002084,ACC-000592,North City,Cedar Street 13,Building 73,Unit 1,PC-1-0073,FAM-X-000592,2025-01-13
ORD-0002085,ACC-000592,North City,Cedar Street 13,Building 73,Unit 1,PC-1-0073,FAM-X-000592,2025-09-26
ORD-0002086,ACC-000592,North City,Cedar Street 13,Building 73,Unit 1,PC-1-0073,FAM-X-000592,2025-01-25
ORD-0002087,ACC-000593,North City,Ceda St 13,B ۷۳,۲,,FAM-00289,2025-05-10
ORD-0002088,ACC-000593,North City,Ceda St 13,B ۷۳,۲,,FAM-00289,2025-10-22
ORD-0002089,ACC-000593,North City,Ceda St 13,B ۷۳,۲,,FAM-00289,2025-02-15
ORD-0002090,ACC-000594,NORTH CITY,Cedar St. 13,Bldg-73,Apt ۲,PC 1 0073,FAM-X-000594,2025-01-26
ORD-0002091,ACC-000594,NORTH CITY,Cedar St. 13,Bldg-73,Apt ۲,PC 1 0073,FAM-X-000594,2025-11-08
ORD-0002092,ACC-000595,North City,edar St 13,B ۷۳,۳,,FAM-00291,2025-08-08
ORD-0002093,ACC-000595,North City,edar St 13,B ۷۳,۳,,FAM-00291,2025-01-24
ORD-0002094,ACC-000596,North City,Cedar Street 13,Building 73,Unit 3,PC-1-0073,FAM-00291,2025-07-17
ORD-0002095,ACC-000596,North City,Cedar Street 13,Building 73,Unit 3,PC-1-0073,FAM-00291,2025-01-28
ORD-0002096,ACC-000596,North City,Cedar Street 13,Building 73,Unit 3,PC-1-0073,FAM-00291,2025-10-20
ORD-0002097,ACC-000596,North City,Cedar Street 13,Building 73,Unit 3,PC-1-0073,FAM-00291,2025-08-09
ORD-0002098,ACC-000597,North City,Cdar St 13,B ۷۳,۳,PC10073,FAM-00291,2025-05-05
ORD-0002099,ACC-000597,North City,Cdar St 13,B ۷۳,۳,PC10073,FAM-00291,2025-01-15
ORD-0002100,ACC-000597,North City,Cdar St 13,B ۷۳,۳,PC10073,FAM-00291,2025-02-16
ORD-0002101,ACC-000597,North City,Cdar St 13,B ۷۳,۳,PC10073,FAM-00291,2025-11-13
ORD-0002102,ACC-000598,NORTH CITY,Cedar St. 13,Bldg-73,Apt ۳,PC 1 0073,FAM-00291,2025-07-05
ORD-0002103,ACC-000598,NORTH CITY,Cedar St. 13,Bldg-73,Apt ۳,PC 1 0073,FAM-00291,2025-08-17
ORD-0002104,ACC-000599,NORTH CITY,Cedar St. 13,Bldg-73,Apt ۴,PC 1 0073,FAM-X-000599,2025-10-29
ORD-0002105,ACC-000599,NORTH CITY,Cedar St. 13,Bldg-73,Apt ۴,PC 1 0073,FAM-X-000599,2025-03-05
ORD-0002106,ACC-000599,NORTH CITY,Cedar St. 13,Bldg-73,Apt ۴,PC 1 0073,FAM-X-000599,2025-01-10
ORD-0002107,ACC-000599,NORTH CITY,Cedar St. 13,Bldg-73,Apt ۴,PC 1 0073,FAM-X-000599,2025-01-22
ORD-0002108,ACC-000599,NORTH CITY,Cedar St. 13,Bldg-73,Apt ۴,PC 1 0073,FAM-X-000599,2025-12-28
ORD-0002109,ACC-000600,Central City,Maple Street 13,Building 74,Unit 1,PC-2-0074,FAM-X-000600,2025-07-30
ORD-0002110,ACC-000600,Central City,Maple Street 13,Building 74,Unit 1,PC-2-0074,FAM-X-000600,2025-04-16
ORD-0002111,ACC-000601,Central City,Maple Street 13,Building 74,Unit 1,PC-2-0074,FAM-X-000601,2025-01-10
ORD-0002112,ACC-000601,Central City,Maple Street 13,Building 74,Unit 1,PC-2-0074,FAM-X-000601,2025-03-31
ORD-0002113,ACC-000601,Central City,Maple Street 13,Building 74,Unit 1,PC-2-0074,FAM-X-000601,2025-07-22
ORD-0002114,ACC-000601,Central City,Maple Street 13,Building 74,Unit 1,PC-2-0074,FAM-X-000601,2025-06-27
ORD-0002115,ACC-000602,CENTRAL CITY,Maple St. 13,Bldg-74,Apt ۱,PC 2 0074,FAM-X-000602,2025-10-05
ORD-0002116,ACC-000602,CENTRAL CITY,Maple St. 13,Bldg-74,Apt ۱,PC 2 0074,FAM-X-000602,2025-05-22
ORD-0002117,ACC-000602,CENTRAL CITY,Maple St. 13,Bldg-74,Apt ۱,PC 2 0074,FAM-X-000602,2025-04-04
ORD-0002118,ACC-000602,CENTRAL CITY,Maple St. 13,Bldg-74,Apt ۱,PC 2 0074,FAM-X-000602,2025-07-22
ORD-0002119,ACC-000603,Central City,Maple Street 13,Building 74,Unit 2,PC-2-0074,FAM-X-000603,2025-12-07
ORD-0002120,ACC-000603,Central City,Maple Street 13,Building 74,Unit 2,PC-2-0074,FAM-X-000603,2025-07-16
ORD-0002121,ACC-000603,Central City,Maple Street 13,Building 74,Unit 2,PC-2-0074,FAM-X-000603,2025-10-05
ORD-0002122,ACC-000603,Central City,Maple Street 13,Building 74,Unit 2,PC-2-0074,FAM-X-000603,2025-04-24
ORD-0002123,ACC-000604,Central City,Maple S 13,B ۷۴,۳,,FAM-00295,2025-02-09
ORD-0002124,ACC-000604,Central City,Maple S 13,B ۷۴,۳,,FAM-00295,2025-12-25
ORD-0002125,ACC-000605,CENTRAL CITY,Maple St. 13,Bldg-74,Apt ۳,PC 2 0074,FAM-00295,2025-12-21
ORD-0002126,ACC-000605,CENTRAL CITY,Maple St. 13,Bldg-74,Apt ۳,PC 2 0074,FAM-00295,2025-10-16
ORD-0002127,ACC-000606,CENTRAL CITY,Maple St. 13,Bldg-74,Apt ۳,PC 2 0074,FAM-00295,2025-09-30
ORD-0002128,ACC-000606,CENTRAL CITY,Maple St. 13,Bldg-74,Apt ۳,PC 2 0074,FAM-00295,2025-04-03
ORD-0002129,ACC-000606,CENTRAL CITY,Maple St. 13,Bldg-74,Apt ۳,PC 2 0074,FAM-00295,2025-05-10
ORD-0002130,ACC-000606,CENTRAL CITY,Maple St. 13,Bldg-74,Apt ۳,PC 2 0074,FAM-00295,2025-08-11
ORD-0002131,ACC-000606,CENTRAL CITY,Maple St. 13,Bldg-74,Apt ۳,PC 2 0074,FAM-00295,2025-01-05
ORD-0002132,ACC-000607,Central City,Maple Street 13,Building 74,Unit 3,PC-2-0074,FAM-00295,2025-04-11
ORD-0002133,ACC-000607,Central City,Maple Street 13,Building 74,Unit 3,PC-2-0074,FAM-00295,2025-07-16
ORD-0002134,ACC-000607,Central City,Maple Street 13,Building 74,Unit 3,PC-2-0074,FAM-00295,2025-10-24
ORD-0002135,ACC-000607,Central City,Maple Street 13,Building 74,Unit 3,PC-2-0074,FAM-00295,2025-01-13
ORD-0002136,ACC-000607,Central City,Maple Street 13,Building 74,Unit 3,PC-2-0074,FAM-00295,2025-10-05
ORD-0002137,ACC-000608,Central City,Mape St 13,B ۷۴,۴,,FAM-00296,2025-03-03
ORD-0002138,ACC-000608,Central City,Mape St 13,B ۷۴,۴,,FAM-00296,2025-06-10
ORD-0002139,ACC-000609,Central City,Maple Street 13,Building 74,Unit 4,PC-2-0074,FAM-00296,2025-02-06
ORD-0002140,ACC-000609,Central City,Maple Street 13,Building 74,Unit 4,PC-2-0074,FAM-00296,2025-07-07
ORD-0002141,ACC-000609,Central City,Maple Street 13,Building 74,Unit 4,PC-2-0074,FAM-00296,2025-03-01
ORD-0002142,ACC-000610,South City,Wllow St 13,B ۷۵,۲,,FAM-X-000610,2025-08-29
ORD-0002143,ACC-000610,South City,Wllow St 13,B ۷۵,۲,,FAM-X-000610,2025-11-24
ORD-0002144,ACC-000610,South City,Wllow St 13,B ۷۵,۲,,FAM-X-000610,2025-12-12
ORD-0002145,ACC-000611,South City,Willow Street 13,Building 75,Unit 2,PC-3-0075,FAM-00298,2025-04-19
ORD-0002146,ACC-000611,South City,Willow Street 13,Building 75,Unit 2,PC-3-0075,FAM-00298,2025-05-07
ORD-0002147,ACC-000611,South City,Willow Street 13,Building 75,Unit 2,PC-3-0075,FAM-00298,2025-04-13
ORD-0002148,ACC-000611,South City,Willow Street 13,Building 75,Unit 2,PC-3-0075,FAM-00298,2025-10-20
ORD-0002149,ACC-000612,South City,illow St 13,B ۷۵,۲,,FAM-00298,2025-12-13
ORD-0002150,ACC-000612,South City,illow St 13,B ۷۵,۲,,FAM-00298,2025-06-28
ORD-0002151,ACC-000612,South City,illow St 13,B ۷۵,۲,,FAM-00298,2025-09-04
ORD-0002152,ACC-000612,South City,illow St 13,B ۷۵,۲,,FAM-00298,2025-01-14
ORD-0002153,ACC-000612,South City,illow St 13,B ۷۵,۲,,FAM-00298,2025-04-11
ORD-0002154,ACC-000613,South City,Willow Street 13,Building 75,Unit 2,PC-3-0075,FAM-00298,2025-04-10
ORD-0002155,ACC-000613,South City,Willow Street 13,Building 75,Unit 2,PC-3-0075,FAM-00298,2025-07-26
ORD-0002156,ACC-000613,South City,Willow Street 13,Building 75,Unit 2,PC-3-0075,FAM-00298,2025-03-13
ORD-0002157,ACC-000613,South City,Willow Street 13,Building 75,Unit 2,PC-3-0075,FAM-00298,2025-01-16
ORD-0002158,ACC-000613,South City,Willow Street 13,Building 75,Unit 2,PC-3-0075,FAM-00298,2025-01-02
ORD-0002159,ACC-000614,SOUTH CITY,Willow St. 13,Bldg-75,Apt ۲,PC 3 0075,FAM-00298,2025-01-06
ORD-0002160,ACC-000614,SOUTH CITY,Willow St. 13,Bldg-75,Apt ۲,PC 3 0075,FAM-00298,2025-06-24
ORD-0002161,ACC-000615,South City,Willow Street 13,Building 75,Unit 3,PC-3-0075,FAM-X-000615,2025-03-10
ORD-0002162,ACC-000615,South City,Willow Street 13,Building 75,Unit 3,PC-3-0075,FAM-X-000615,2025-12-24
ORD-0002163,ACC-000615,South City,Willow Street 13,Building 75,Unit 3,PC-3-0075,FAM-X-000615,2025-10-06
ORD-0002164,ACC-000616,South City,Wllow St 13,B ۷۵,۴,PC30075,FAM-00300,2025-07-22
ORD-0002165,ACC-000616,South City,Wllow St 13,B ۷۵,۴,PC30075,FAM-00300,2025-10-27
ORD-0002166,ACC-000616,South City,Wllow St 13,B ۷۵,۴,PC30075,FAM-00300,2025-03-07
ORD-0002167,ACC-000616,South City,Wllow St 13,B ۷۵,۴,PC30075,FAM-00300,2025-06-26
ORD-0002168,ACC-000617,SOUTH CITY,Willow St. 13,Bldg-75,Apt ۴,PC 3 0075,FAM-00300,2025-02-08
ORD-0002169,ACC-000617,SOUTH CITY,Willow St. 13,Bldg-75,Apt ۴,PC 3 0075,FAM-00300,2025-08-20
ORD-0002170,ACC-000617,SOUTH CITY,Willow St. 13,Bldg-75,Apt ۴,PC 3 0075,FAM-00300,2025-08-31
ORD-0002171,ACC-000617,SOUTH CITY,Willow St. 13,Bldg-75,Apt ۴,PC 3 0075,FAM-00300,2025-06-23
ORD-0002172,ACC-000617,SOUTH CITY,Willow St. 13,Bldg-75,Apt ۴,PC 3 0075,FAM-00300,2025-01-13
ORD-0002173,ACC-000618,South City,Willow Street 13,Building 75,Unit 4,PC-3-0075,FAM-00300,2025-03-11
ORD-0002174,ACC-000618,South City,Willow Street 13,Building 75,Unit 4,PC-3-0075,FAM-00300,2025-11-03
ORD-0002175,ACC-000619,SOUTH CITY,Willow St. 13,Bldg-75,Apt ۴,PC 3 0075,FAM-00300,2025-01-14
ORD-0002176,ACC-000619,SOUTH CITY,Willow St. 13,Bldg-75,Apt ۴,PC 3 0075,FAM-00300,2025-02-02
ORD-0002177,ACC-000619,SOUTH CITY,Willow St. 13,Bldg-75,Apt ۴,PC 3 0075,FAM-00300,2025-02-18
ORD-0002178,ACC-000619,SOUTH CITY,Willow St. 13,Bldg-75,Apt ۴,PC 3 0075,FAM-00300,2025-06-08
ORD-0002179,ACC-000620,NORTH CITY,Oak St. 13,Bldg-76,Apt ۱,PC 1 0076,FAM-X-000620,2025-07-31
ORD-0002180,ACC-000620,NORTH CITY,Oak St. 13,Bldg-76,Apt ۱,PC 1 0076,FAM-X-000620,2025-07-19
ORD-0002181,ACC-000620,NORTH CITY,Oak St. 13,Bldg-76,Apt ۱,PC 1 0076,FAM-X-000620,2025-06-29
ORD-0002182,ACC-000620,NORTH CITY,Oak St. 13,Bldg-76,Apt ۱,PC 1 0076,FAM-X-000620,2025-03-28
ORD-0002183,ACC-000621,NORTH CITY,Oak St. 13,Bldg-76,Apt ۲,PC 1 0076,FAM-X-000621,2025-12-16
ORD-0002184,ACC-000621,NORTH CITY,Oak St. 13,Bldg-76,Apt ۲,PC 1 0076,FAM-X-000621,2025-07-01
ORD-0002185,ACC-000621,NORTH CITY,Oak St. 13,Bldg-76,Apt ۲,PC 1 0076,FAM-X-000621,2025-11-11
ORD-0002186,ACC-000622,North City,Oak Street 13,Building 76,Unit 2,PC-1-0076,FAM-X-000622,2025-02-19
ORD-0002187,ACC-000622,North City,Oak Street 13,Building 76,Unit 2,PC-1-0076,FAM-X-000622,2025-12-11
ORD-0002188,ACC-000622,North City,Oak Street 13,Building 76,Unit 2,PC-1-0076,FAM-X-000622,2025-06-23
ORD-0002189,ACC-000623,North City,Oak Street 13,Building 76,Unit 2,PC-1-0076,FAM-X-000623,2025-11-14
ORD-0002190,ACC-000623,North City,Oak Street 13,Building 76,Unit 2,PC-1-0076,FAM-X-000623,2025-12-31
ORD-0002191,ACC-000623,North City,Oak Street 13,Building 76,Unit 2,PC-1-0076,FAM-X-000623,2025-01-31
ORD-0002192,ACC-000624,North City,Oak Street 13,Building 76,Unit 2,PC-1-0076,FAM-X-000624,2025-12-03
ORD-0002193,ACC-000624,North City,Oak Street 13,Building 76,Unit 2,PC-1-0076,FAM-X-000624,2025-01-23
ORD-0002194,ACC-000624,North City,Oak Street 13,Building 76,Unit 2,PC-1-0076,FAM-X-000624,2025-03-17
ORD-0002195,ACC-000624,North City,Oak Street 13,Building 76,Unit 2,PC-1-0076,FAM-X-000624,2025-01-10
ORD-0002196,ACC-000625,NORTH CITY,Oak St. 13,Bldg-76,Apt ۲,PC 1 0076,FAM-X-000625,2025-01-27
ORD-0002197,ACC-000625,NORTH CITY,Oak St. 13,Bldg-76,Apt ۲,PC 1 0076,FAM-X-000625,2025-02-12
ORD-0002198,ACC-000625,NORTH CITY,Oak St. 13,Bldg-76,Apt ۲,PC 1 0076,FAM-X-000625,2025-12-07
ORD-0002199,ACC-000626,North City,Oak t 13,B ۷۶,۲,,FAM-X-000626,2025-06-27
ORD-0002200,ACC-000626,North City,Oak t 13,B ۷۶,۲,,FAM-X-000626,2025-01-24
ORD-0002201,ACC-000626,North City,Oak t 13,B ۷۶,۲,,FAM-X-000626,2025-03-12
ORD-0002202,ACC-000626,North City,Oak t 13,B ۷۶,۲,,FAM-X-000626,2025-09-27
ORD-0002203,ACC-000627,North City,Oak Street 13,Building 76,Unit 3,PC-1-0076,FAM-X-000627,2025-04-24
ORD-0002204,ACC-000627,North City,Oak Street 13,Building 76,Unit 3,PC-1-0076,FAM-X-000627,2025-04-30
ORD-0002205,ACC-000627,North City,Oak Street 13,Building 76,Unit 3,PC-1-0076,FAM-X-000627,2025-01-05
ORD-0002206,ACC-000627,North City,Oak Street 13,Building 76,Unit 3,PC-1-0076,FAM-X-000627,2025-12-21
ORD-0002207,ACC-000627,North City,Oak Street 13,Building 76,Unit 3,PC-1-0076,FAM-X-000627,2025-06-08
ORD-0002208,ACC-000628,NORTH CITY,Oak St. 13,Bldg-76,Apt ۴,PC 1 0076,FAM-X-000628,2025-11-06
ORD-0002209,ACC-000628,NORTH CITY,Oak St. 13,Bldg-76,Apt ۴,PC 1 0076,FAM-X-000628,2025-12-07
ORD-0002210,ACC-000629,North City,Oa St 13,B ۷۶,۴,,FAM-X-000629,2025-12-11
ORD-0002211,ACC-000629,North City,Oa St 13,B ۷۶,۴,,FAM-X-000629,2025-06-26
ORD-0002212,ACC-000630,North City,Oak Street 13,Building 76,Unit 4,PC-1-0076,FAM-X-000630,2025-01-30
ORD-0002213,ACC-000630,North City,Oak Street 13,Building 76,Unit 4,PC-1-0076,FAM-X-000630,2025-03-30
ORD-0002214,ACC-000630,North City,Oak Street 13,Building 76,Unit 4,PC-1-0076,FAM-X-000630,2025-06-14
ORD-0002215,ACC-000631,CENTRAL CITY,Pine St. 13,Bldg-77,Apt ۱,PC 2 0077,FAM-X-000631,2025-07-25
ORD-0002216,ACC-000631,CENTRAL CITY,Pine St. 13,Bldg-77,Apt ۱,PC 2 0077,FAM-X-000631,2025-11-19
ORD-0002217,ACC-000631,CENTRAL CITY,Pine St. 13,Bldg-77,Apt ۱,PC 2 0077,FAM-X-000631,2025-10-22
ORD-0002218,ACC-000632,Central City,Pne St 13,B ۷۷,,,FAM-00306,2025-09-03
ORD-0002219,ACC-000632,Central City,Pne St 13,B ۷۷,,,FAM-00306,2025-10-30
ORD-0002220,ACC-000632,Central City,Pne St 13,B ۷۷,,,FAM-00306,2025-10-18
ORD-0002221,ACC-000633,CENTRAL CITY,Pine St. 13,Bldg-77,Apt ۲,PC 2 0077,FAM-00306,2025-05-24
ORD-0002222,ACC-000633,CENTRAL CITY,Pine St. 13,Bldg-77,Apt ۲,PC 2 0077,FAM-00306,2025-11-21
ORD-0002223,ACC-000633,CENTRAL CITY,Pine St. 13,Bldg-77,Apt ۲,PC 2 0077,FAM-00306,2025-01-12
ORD-0002224,ACC-000634,Central City,Pine Street 13,Building 77,Unit 3,PC-2-0077,FAM-X-000634,2025-05-01
ORD-0002225,ACC-000634,Central City,Pine Street 13,Building 77,Unit 3,PC-2-0077,FAM-X-000634,2025-03-15
ORD-0002226,ACC-000635,CENTRAL CITY,Pine St. 13,Bldg-77,Apt ۴,PC 2 0077,FAM-X-000635,2025-12-08
ORD-0002227,ACC-000635,CENTRAL CITY,Pine St. 13,Bldg-77,Apt ۴,PC 2 0077,FAM-X-000635,2025-06-25
ORD-0002228,ACC-000635,CENTRAL CITY,Pine St. 13,Bldg-77,Apt ۴,PC 2 0077,FAM-X-000635,2025-07-25
ORD-0002229,ACC-000636,SOUTH CITY,Elm St. 13,Bldg-78,Apt ۱,PC 3 0078,FAM-00309,2025-11-12
ORD-0002230,ACC-000636,SOUTH CITY,Elm St. 13,Bldg-78,Apt ۱,PC 3 0078,FAM-00309,2025-08-06
ORD-0002231,ACC-000636,SOUTH CITY,Elm St. 13,Bldg-78,Apt ۱,PC 3 0078,FAM-00309,2025-02-15
ORD-0002232,ACC-000636,SOUTH CITY,Elm St. 13,Bldg-78,Apt ۱,PC 3 0078,FAM-00309,2025-04-25
ORD-0002233,ACC-000637,SOUTH CITY,Elm St. 13,Bldg-78,Apt ۱,PC 3 0078,FAM-00309,2025-08-25
ORD-0002234,ACC-000637,SOUTH CITY,Elm St. 13,Bldg-78,Apt ۱,PC 3 0078,FAM-00309,2025-05-26
ORD-0002235,ACC-000637,SOUTH CITY,Elm St. 13,Bldg-78,Apt ۱,PC 3 0078,FAM-00309,2025-02-19
ORD-0002236,ACC-000638,South City,Elm Street 13,Building 78,Unit 2,PC-3-0078,FAM-X-000638,2025-11-09
ORD-0002237,ACC-000638,South City,Elm Street 13,Building 78,Unit 2,PC-3-0078,FAM-X-000638,2025-01-05
ORD-0002238,ACC-000638,South City,Elm Street 13,Building 78,Unit 2,PC-3-0078,FAM-X-000638,2025-03-01
ORD-0002239,ACC-000638,South City,Elm Street 13,Building 78,Unit 2,PC-3-0078,FAM-X-000638,2025-05-13
ORD-0002240,ACC-000638,South City,Elm Street 13,Building 78,Unit 2,PC-3-0078,FAM-X-000638,2025-07-05
ORD-0002241,ACC-000639,SOUTH CITY,Elm St. 13,Bldg-78,Apt ۲,PC 3 0078,FAM-X-000639,2025-01-04
ORD-0002242,ACC-000639,SOUTH CITY,Elm St. 13,Bldg-78,Apt ۲,PC 3 0078,FAM-X-000639,2025-08-29
ORD-0002243,ACC-000639,SOUTH CITY,Elm St. 13,Bldg-78,Apt ۲,PC 3 0078,FAM-X-000639,2025-12-01
ORD-0002244,ACC-000639,SOUTH CITY,Elm St. 13,Bldg-78,Apt ۲,PC 3 0078,FAM-X-000639,2025-07-12
ORD-0002245,ACC-000640,South City,El St 13,B ۷۸,۳,,FAM-00311,2025-09-08
ORD-0002246,ACC-000640,South City,El St 13,B ۷۸,۳,,FAM-00311,2025-12-19
ORD-0002247,ACC-000640,South City,El St 13,B ۷۸,۳,,FAM-00311,2025-07-20
ORD-0002248,ACC-000640,South City,El St 13,B ۷۸,۳,,FAM-00311,2025-12-09
ORD-0002249,ACC-000641,SOUTH CITY,Elm St. 13,Bldg-78,Apt ۳,PC 3 0078,FAM-00311,2025-11-17
ORD-0002250,ACC-000641,SOUTH CITY,Elm St. 13,Bldg-78,Apt ۳,PC 3 0078,FAM-00311,2025-02-20
ORD-0002251,ACC-000641,SOUTH CITY,Elm St. 13,Bldg-78,Apt ۳,PC 3 0078,FAM-00311,2025-05-25
ORD-0002252,ACC-000641,SOUTH CITY,Elm St. 13,Bldg-78,Apt ۳,PC 3 0078,FAM-00311,2025-09-13
ORD-0002253,ACC-000641,SOUTH CITY,Elm St. 13,Bldg-78,Apt ۳,PC 3 0078,FAM-00311,2025-03-29
ORD-0002254,ACC-000642,South City,Elm Street 13,Building 78,Unit 3,PC-3-0078,FAM-00311,2025-11-12
ORD-0002255,ACC-000642,South City,Elm Street 13,Building 78,Unit 3,PC-3-0078,FAM-00311,2025-12-05
ORD-0002256,ACC-000642,South City,Elm Street 13,Building 78,Unit 3,PC-3-0078,FAM-00311,2025-11-07
ORD-0002257,ACC-000642,South City,Elm Street 13,Building 78,Unit 3,PC-3-0078,FAM-00311,2025-01-28
ORD-0002258,ACC-000642,South City,Elm Street 13,Building 78,Unit 3,PC-3-0078,FAM-00311,2025-09-24
ORD-0002259,ACC-000643,SOUTH CITY,Elm St. 13,Bldg-78,Apt ۳,PC 3 0078,FAM-00311,2025-11-07
ORD-0002260,ACC-000643,SOUTH CITY,Elm St. 13,Bldg-78,Apt ۳,PC 3 0078,FAM-00311,2025-01-26
ORD-0002261,ACC-000644,South City,Elm S 13,B ۷۸,۴,,FAM-00312,2025-11-16
ORD-0002262,ACC-000644,South City,Elm S 13,B ۷۸,۴,,FAM-00312,2025-07-04
ORD-0002263,ACC-000644,South City,Elm S 13,B ۷۸,۴,,FAM-00312,2025-09-22
ORD-0002264,ACC-000644,South City,Elm S 13,B ۷۸,۴,,FAM-00312,2025-02-06
ORD-0002265,ACC-000644,South City,Elm S 13,B ۷۸,۴,,FAM-00312,2025-10-15
ORD-0002266,ACC-000645,South City,Elm Street 13,Building 78,Unit 4,PC-3-0078,FAM-00312,2025-07-16
ORD-0002267,ACC-000645,South City,Elm Street 13,Building 78,Unit 4,PC-3-0078,FAM-00312,2025-01-20
ORD-0002268,ACC-000645,South City,Elm Street 13,Building 78,Unit 4,PC-3-0078,FAM-00312,2025-06-22
ORD-0002269,ACC-000645,South City,Elm Street 13,Building 78,Unit 4,PC-3-0078,FAM-00312,2025-04-20
ORD-0002270,ACC-000646,South City,Elm Street 13,Building 78,Unit 4,PC-3-0078,FAM-00312,2025-10-15
ORD-0002271,ACC-000646,South City,Elm Street 13,Building 78,Unit 4,PC-3-0078,FAM-00312,2025-09-19
ORD-0002272,ACC-000647,NORTH CITY,Cedar St. 14,Bldg-79,Apt ۱,PC 1 0079,FAM-X-000647,2025-04-10
ORD-0002273,ACC-000647,NORTH CITY,Cedar St. 14,Bldg-79,Apt ۱,PC 1 0079,FAM-X-000647,2025-08-29
ORD-0002274,ACC-000648,NORTH CITY,Cedar St. 14,Bldg-79,Apt ۱,PC 1 0079,FAM-X-000648,2025-02-26
ORD-0002275,ACC-000648,NORTH CITY,Cedar St. 14,Bldg-79,Apt ۱,PC 1 0079,FAM-X-000648,2025-05-09
ORD-0002276,ACC-000648,NORTH CITY,Cedar St. 14,Bldg-79,Apt ۱,PC 1 0079,FAM-X-000648,2025-07-12
ORD-0002277,ACC-000649,North City,Cedar Street 14,Building 79,Unit 1,PC-1-0079,FAM-X-000649,2025-11-17
ORD-0002278,ACC-000649,North City,Cedar Street 14,Building 79,Unit 1,PC-1-0079,FAM-X-000649,2025-09-10
ORD-0002279,ACC-000649,North City,Cedar Street 14,Building 79,Unit 1,PC-1-0079,FAM-X-000649,2025-12-04
ORD-0002280,ACC-000649,North City,Cedar Street 14,Building 79,Unit 1,PC-1-0079,FAM-X-000649,2025-06-06
ORD-0002281,ACC-000649,North City,Cedar Street 14,Building 79,Unit 1,PC-1-0079,FAM-X-000649,2025-10-27
ORD-0002282,ACC-000650,North City,Cedar t 14,B ۷۹,۳,,FAM-00314,2025-06-11
ORD-0002283,ACC-000650,North City,Cedar t 14,B ۷۹,۳,,FAM-00314,2025-04-28
ORD-0002284,ACC-000651,North City,Cedar Street 14,Building 79,Unit 2,PC-1-0079,FAM-00314,2025-04-07
ORD-0002285,ACC-000651,North City,Cedar Street 14,Building 79,Unit 2,PC-1-0079,FAM-00314,2025-10-05
ORD-0002286,ACC-000651,North City,Cedar Street 14,Building 79,Unit 2,PC-1-0079,FAM-00314,2025-03-10
ORD-0002287,ACC-000652,NORTH CITY,Cedar St. 14,Bldg-79,Apt ۳,PC 1 0079,FAM-X-000652,2025-11-17
ORD-0002288,ACC-000652,NORTH CITY,Cedar St. 14,Bldg-79,Apt ۳,PC 1 0079,FAM-X-000652,2025-02-24
ORD-0002289,ACC-000653,NORTH CITY,Cedar St. 14,Bldg-79,Apt ۴,PC 1 0079,FAM-X-000653,2025-12-09
ORD-0002290,ACC-000653,NORTH CITY,Cedar St. 14,Bldg-79,Apt ۴,PC 1 0079,FAM-X-000653,2025-10-27
ORD-0002291,ACC-000653,NORTH CITY,Cedar St. 14,Bldg-79,Apt ۴,PC 1 0079,FAM-X-000653,2025-01-14
ORD-0002292,ACC-000654,NORTH CITY,Cedar St. 14,Bldg-79,Apt ۴,PC 1 0079,FAM-X-000654,2025-08-22
ORD-0002293,ACC-000654,NORTH CITY,Cedar St. 14,Bldg-79,Apt ۴,PC 1 0079,FAM-X-000654,2025-01-01
ORD-0002294,ACC-000654,NORTH CITY,Cedar St. 14,Bldg-79,Apt ۴,PC 1 0079,FAM-X-000654,2025-01-11
ORD-0002295,ACC-000654,NORTH CITY,Cedar St. 14,Bldg-79,Apt ۴,PC 1 0079,FAM-X-000654,2025-01-13
ORD-0002296,ACC-000655,Central City,Mple St 14,B ۸۰,۱,,FAM-X-000655,2025-01-29
ORD-0002297,ACC-000655,Central City,Mple St 14,B ۸۰,۱,,FAM-X-000655,2025-10-17
ORD-0002298,ACC-000655,Central City,Mple St 14,B ۸۰,۱,,FAM-X-000655,2025-04-04
ORD-0002299,ACC-000655,Central City,Mple St 14,B ۸۰,۱,,FAM-X-000655,2025-06-14
ORD-0002300,ACC-000655,Central City,Mple St 14,B ۸۰,۱,,FAM-X-000655,2025-06-22
ORD-0002301,ACC-000656,Central City,Maple Street 14,Building 80,Unit 1,PC-2-0080,FAM-X-000656,2025-05-22
ORD-0002302,ACC-000656,Central City,Maple Street 14,Building 80,Unit 1,PC-2-0080,FAM-X-000656,2025-04-16
ORD-0002303,ACC-000656,Central City,Maple Street 14,Building 80,Unit 1,PC-2-0080,FAM-X-000656,2025-09-24
ORD-0002304,ACC-000656,Central City,Maple Street 14,Building 80,Unit 1,PC-2-0080,FAM-X-000656,2025-10-02
ORD-0002305,ACC-000656,Central City,Maple Street 14,Building 80,Unit 1,PC-2-0080,FAM-X-000656,2025-02-03
ORD-0002306,ACC-000657,CENTRAL CITY,Maple St. 14,Bldg-80,Apt ۱,PC 2 0080,FAM-X-000657,2025-05-23
ORD-0002307,ACC-000657,CENTRAL CITY,Maple St. 14,Bldg-80,Apt ۱,PC 2 0080,FAM-X-000657,2025-04-20
ORD-0002308,ACC-000657,CENTRAL CITY,Maple St. 14,Bldg-80,Apt ۱,PC 2 0080,FAM-X-000657,2025-06-26
ORD-0002309,ACC-000657,CENTRAL CITY,Maple St. 14,Bldg-80,Apt ۱,PC 2 0080,FAM-X-000657,2025-04-24
ORD-0002310,ACC-000657,CENTRAL CITY,Maple St. 14,Bldg-80,Apt ۱,PC 2 0080,FAM-X-000657,2025-10-17
ORD-0002311,ACC-000658,CENTRAL CITY,Maple St. 14,Bldg-80,Apt ۱,PC 2 0080,FAM-X-000658,2025-07-03
ORD-0002312,ACC-000658,CENTRAL CITY,Maple St. 14,Bldg-80,Apt ۱,PC 2 0080,FAM-X-000658,2025-06-13
ORD-0002313,ACC-000658,CENTRAL CITY,Maple St. 14,Bldg-80,Apt ۱,PC 2 0080,FAM-X-000658,2025-10-17
ORD-0002314,ACC-000658,CENTRAL CITY,Maple St. 14,Bldg-80,Apt ۱,PC 2 0080,FAM-X-000658,2025-07-21
ORD-0002315,ACC-000658,CENTRAL CITY,Maple St. 14,Bldg-80,Apt ۱,PC 2 0080,FAM-X-000658,2025-06-20
ORD-0002316,ACC-000659,CENTRAL CITY,Maple St. 14,Bldg-80,Apt ۱,PC 2 0080,FAM-X-000659,2025-09-09
ORD-0002317,ACC-000659,CENTRAL CITY,Maple St. 14,Bldg-80,Apt ۱,PC 2 0080,FAM-X-000659,2025-06-07
ORD-0002318,ACC-000659,CENTRAL CITY,Maple St. 14,Bldg-80,Apt ۱,PC 2 0080,FAM-X-000659,2025-10-22
ORD-0002319,ACC-000660,Central City,Maple t 14,B ۸۰,۱,,FAM-X-000660,2025-06-11
ORD-0002320,ACC-000660,Central City,Maple t 14,B ۸۰,۱,,FAM-X-000660,2025-05-05
ORD-0002321,ACC-000660,Central City,Maple t 14,B ۸۰,۱,,FAM-X-000660,2025-09-15
ORD-0002322,ACC-000661,CENTRAL CITY,Maple St. 14,Bldg-80,Apt ۲,PC 2 0080,FAM-00318,2025-09-04
ORD-0002323,ACC-000661,CENTRAL CITY,Maple St. 14,Bldg-80,Apt ۲,PC 2 0080,FAM-00318,2025-04-22
ORD-0002324,ACC-000662,Central City,Maple Street 14,Building 80,Unit 2,PC-2-0080,FAM-00318,2025-04-18
ORD-0002325,ACC-000662,Central City,Maple Street 14,Building 80,Unit 2,PC-2-0080,FAM-00318,2025-08-03
ORD-0002326,ACC-000662,Central City,Maple Street 14,Building 80,Unit 2,PC-2-0080,FAM-00318,2025-12-29
ORD-0002327,ACC-000662,Central City,Maple Street 14,Building 80,Unit 2,PC-2-0080,FAM-00318,2025-01-01
ORD-0002328,ACC-000663,Central City,Male St 14,B ۸۰,۲,PC20080,FAM-00318,2025-10-01
ORD-0002329,ACC-000663,Central City,Male St 14,B ۸۰,۲,PC20080,FAM-00318,2025-10-04
ORD-0002330,ACC-000664,Central City,Maple S 14,B ۸۰,۳,,FAM-X-000664,2025-08-12
ORD-0002331,ACC-000664,Central City,Maple S 14,B ۸۰,۳,,FAM-X-000664,2025-08-24
ORD-0002332,ACC-000664,Central City,Maple S 14,B ۸۰,۳,,FAM-X-000664,2025-12-20
ORD-0002333,ACC-000664,Central City,Maple S 14,B ۸۰,۳,,FAM-X-000664,2025-09-20
ORD-0002334,ACC-000665,Central City,Mape St 14,B ۸۰,۴,PC20080,FAM-00320,2025-02-15
ORD-0002335,ACC-000665,Central City,Mape St 14,B ۸۰,۴,PC20080,FAM-00320,2025-12-27
ORD-0002336,ACC-000665,Central City,Mape St 14,B ۸۰,۴,PC20080,FAM-00320,2025-03-31
ORD-0002337,ACC-000666,Central City,Maple S 14,B ۸۰,۴,,FAM-00320,2025-07-18
ORD-0002338,ACC-000666,Central City,Maple S 14,B ۸۰,۴,,FAM-00320,2025-10-23
ORD-0002339,ACC-000667,South City,Willow Street 14,Building 81,Unit 1,PC-3-0081,FAM-X-000667,2025-08-06
ORD-0002340,ACC-000667,South City,Willow Street 14,Building 81,Unit 1,PC-3-0081,FAM-X-000667,2025-05-20
ORD-0002341,ACC-000667,South City,Willow Street 14,Building 81,Unit 1,PC-3-0081,FAM-X-000667,2025-10-19
ORD-0002342,ACC-000667,South City,Willow Street 14,Building 81,Unit 1,PC-3-0081,FAM-X-000667,2025-07-04
ORD-0002343,ACC-000667,South City,Willow Street 14,Building 81,Unit 1,PC-3-0081,FAM-X-000667,2025-12-28
ORD-0002344,ACC-000668,South City,Willow Street 14,Building 81,Unit 1,PC-3-0081,FAM-X-000668,2025-12-07
ORD-0002345,ACC-000668,South City,Willow Street 14,Building 81,Unit 1,PC-3-0081,FAM-X-000668,2025-02-26
ORD-0002346,ACC-000668,South City,Willow Street 14,Building 81,Unit 1,PC-3-0081,FAM-X-000668,2025-05-19
ORD-0002347,ACC-000669,South City,Willow Street 14,Building 81,Unit 2,PC-3-0081,FAM-00322,2025-01-02
ORD-0002348,ACC-000669,South City,Willow Street 14,Building 81,Unit 2,PC-3-0081,FAM-00322,2025-03-01
ORD-0002349,ACC-000669,South City,Willow Street 14,Building 81,Unit 2,PC-3-0081,FAM-00322,2025-08-18
ORD-0002350,ACC-000669,South City,Willow Street 14,Building 81,Unit 2,PC-3-0081,FAM-00322,2025-09-15
ORD-0002351,ACC-000669,South City,Willow Street 14,Building 81,Unit 2,PC-3-0081,FAM-00322,2025-04-19
ORD-0002352,ACC-000670,South City,Willow Street 14,Building 81,Unit 2,PC-3-0081,FAM-00322,2025-10-24
ORD-0002353,ACC-000670,South City,Willow Street 14,Building 81,Unit 2,PC-3-0081,FAM-00322,2025-02-26
ORD-0002354,ACC-000670,South City,Willow Street 14,Building 81,Unit 2,PC-3-0081,FAM-00322,2025-03-26
ORD-0002355,ACC-000670,South City,Willow Street 14,Building 81,Unit 2,PC-3-0081,FAM-00322,2025-04-21
ORD-0002356,ACC-000670,South City,Willow Street 14,Building 81,Unit 2,PC-3-0081,FAM-00322,2025-05-05
ORD-0002357,ACC-000671,South City,Willow Street 14,Building 81,Unit 3,PC-3-0081,FAM-X-000671,2025-02-19
ORD-0002358,ACC-000671,South City,Willow Street 14,Building 81,Unit 3,PC-3-0081,FAM-X-000671,2025-05-01
ORD-0002359,ACC-000671,South City,Willow Street 14,Building 81,Unit 3,PC-3-0081,FAM-X-000671,2025-08-27
ORD-0002360,ACC-000671,South City,Willow Street 14,Building 81,Unit 3,PC-3-0081,FAM-X-000671,2025-06-21
ORD-0002361,ACC-000671,South City,Willow Street 14,Building 81,Unit 3,PC-3-0081,FAM-X-000671,2025-06-03
ORD-0002362,ACC-000672,South City,Wilow St 14,B ۸۱,,PC30081,FAM-X-000672,2025-11-12
ORD-0002363,ACC-000672,South City,Wilow St 14,B ۸۱,,PC30081,FAM-X-000672,2025-08-25
ORD-0002364,ACC-000672,South City,Wilow St 14,B ۸۱,,PC30081,FAM-X-000672,2025-07-21
ORD-0002365,ACC-000673,SOUTH CITY,Willow St. 14,Bldg-81,Apt ۴,PC 3 0081,FAM-X-000673,2025-04-17
ORD-0002366,ACC-000673,SOUTH CITY,Willow St. 14,Bldg-81,Apt ۴,PC 3 0081,FAM-X-000673,2025-01-15
ORD-0002367,ACC-000673,SOUTH CITY,Willow St. 14,Bldg-81,Apt ۴,PC 3 0081,FAM-X-000673,2025-10-19
ORD-0002368,ACC-000674,NORTH CITY,Oak St. 14,Bldg-82,Apt ۱,PC 1 0082,FAM-X-000674,2025-07-07
ORD-0002369,ACC-000674,NORTH CITY,Oak St. 14,Bldg-82,Apt ۱,PC 1 0082,FAM-X-000674,2025-07-10
ORD-0002370,ACC-000674,NORTH CITY,Oak St. 14,Bldg-82,Apt ۱,PC 1 0082,FAM-X-000674,2025-09-17
ORD-0002371,ACC-000675,NORTH CITY,Oak St. 14,Bldg-82,Apt ۱,PC 1 0082,FAM-X-000675,2025-11-27
ORD-0002372,ACC-000675,NORTH CITY,Oak St. 14,Bldg-82,Apt ۱,PC 1 0082,FAM-X-000675,2025-11-21
ORD-0002373,ACC-000676,North City,ak St 14,B ۸۲,۲,,FAM-X-000676,2025-11-02
ORD-0002374,ACC-000676,North City,ak St 14,B ۸۲,۲,,FAM-X-000676,2025-03-23
ORD-0002375,ACC-000676,North City,ak St 14,B ۸۲,۲,,FAM-X-000676,2025-04-22
ORD-0002376,ACC-000676,North City,ak St 14,B ۸۲,۲,,FAM-X-000676,2025-03-07
ORD-0002377,ACC-000677,North City,Oak Street 14,Building 82,Unit 2,PC-1-0082,FAM-X-000677,2025-03-27
ORD-0002378,ACC-000677,North City,Oak Street 14,Building 82,Unit 2,PC-1-0082,FAM-X-000677,2025-04-23
ORD-0002379,ACC-000677,North City,Oak Street 14,Building 82,Unit 2,PC-1-0082,FAM-X-000677,2025-11-21
ORD-0002380,ACC-000677,North City,Oak Street 14,Building 82,Unit 2,PC-1-0082,FAM-X-000677,2025-06-12
ORD-0002381,ACC-000677,North City,Oak Street 14,Building 82,Unit 2,PC-1-0082,FAM-X-000677,2025-04-13
ORD-0002382,ACC-000678,NORTH CITY,Oak St. 14,Bldg-82,Apt ۲,PC 1 0082,FAM-X-000678,2025-02-21
ORD-0002383,ACC-000678,NORTH CITY,Oak St. 14,Bldg-82,Apt ۲,PC 1 0082,FAM-X-000678,2025-10-27
ORD-0002384,ACC-000678,NORTH CITY,Oak St. 14,Bldg-82,Apt ۲,PC 1 0082,FAM-X-000678,2025-06-04
ORD-0002385,ACC-000679,NORTH CITY,Oak St. 14,Bldg-82,Apt ۲,PC 1 0082,FAM-X-000679,2025-02-26
ORD-0002386,ACC-000679,NORTH CITY,Oak St. 14,Bldg-82,Apt ۲,PC 1 0082,FAM-X-000679,2025-01-27
ORD-0002387,ACC-000679,NORTH CITY,Oak St. 14,Bldg-82,Apt ۲,PC 1 0082,FAM-X-000679,2025-01-17
ORD-0002388,ACC-000680,North City,Oak t 14,B ۸۲,۲,PC10082,FAM-X-000680,2025-12-01
ORD-0002389,ACC-000680,North City,Oak t 14,B ۸۲,۲,PC10082,FAM-X-000680,2025-11-25
ORD-0002390,ACC-000680,North City,Oak t 14,B ۸۲,۲,PC10082,FAM-X-000680,2025-10-20
ORD-0002391,ACC-000681,NORTH CITY,Oak St. 14,Bldg-82,Apt ۲,PC 1 0082,FAM-X-000681,2025-06-26
ORD-0002392,ACC-000681,NORTH CITY,Oak St. 14,Bldg-82,Apt ۲,PC 1 0082,FAM-X-000681,2025-09-30
ORD-0002393,ACC-000682,North City,Oak t 14,B ۸۲,۴,PC10082,FAM-X-000682,2025-02-01
ORD-0002394,ACC-000682,North City,Oak t 14,B ۸۲,۴,PC10082,FAM-X-000682,2025-04-06
ORD-0002395,ACC-000682,North City,Oak t 14,B ۸۲,۴,PC10082,FAM-X-000682,2025-01-17
ORD-0002396,ACC-000683,North City,Ok St 14,B ۸۲,۴,,FAM-X-000683,2025-09-06
ORD-0002397,ACC-000683,North City,Ok St 14,B ۸۲,۴,,FAM-X-000683,2025-04-15
ORD-0002398,ACC-000683,North City,Ok St 14,B ۸۲,۴,,FAM-X-000683,2025-04-07
ORD-0002399,ACC-000683,North City,Ok St 14,B ۸۲,۴,,FAM-X-000683,2025-02-17
ORD-0002400,ACC-000683,North City,Ok St 14,B ۸۲,۴,,FAM-X-000683,2025-01-02
ORD-0002401,ACC-000684,North City,Oak Street 14,Building 82,Unit 4,PC-1-0082,FAM-X-000684,2025-06-10
ORD-0002402,ACC-000684,North City,Oak Street 14,Building 82,Unit 4,PC-1-0082,FAM-X-000684,2025-12-08
ORD-0002403,ACC-000684,North City,Oak Street 14,Building 82,Unit 4,PC-1-0082,FAM-X-000684,2025-10-09
ORD-0002404,ACC-000684,North City,Oak Street 14,Building 82,Unit 4,PC-1-0082,FAM-X-000684,2025-01-02
ORD-0002405,ACC-000685,North City,Oak Street 14,Building 82,Unit 4,PC-1-0082,FAM-X-000685,2025-03-31
ORD-0002406,ACC-000685,North City,Oak Street 14,Building 82,Unit 4,PC-1-0082,FAM-X-000685,2025-08-12
ORD-0002407,ACC-000686,North City,Oak Street 14,Building 82,Unit 4,PC-1-0082,FAM-X-000686,2025-05-11
ORD-0002408,ACC-000686,North City,Oak Street 14,Building 82,Unit 4,PC-1-0082,FAM-X-000686,2025-08-28
ORD-0002409,ACC-000687,NORTH CITY,Oak St. 14,Bldg-82,Apt ۴,PC 1 0082,FAM-X-000687,2025-08-13
ORD-0002410,ACC-000687,NORTH CITY,Oak St. 14,Bldg-82,Apt ۴,PC 1 0082,FAM-X-000687,2025-01-06
ORD-0002411,ACC-000687,NORTH CITY,Oak St. 14,Bldg-82,Apt ۴,PC 1 0082,FAM-X-000687,2025-11-21
ORD-0002412,ACC-000687,NORTH CITY,Oak St. 14,Bldg-82,Apt ۴,PC 1 0082,FAM-X-000687,2025-12-01
ORD-0002413,ACC-000688,NORTH CITY,Oak St. 14,Bldg-82,Apt ۴,PC 1 0082,FAM-X-000688,2025-06-10
ORD-0002414,ACC-000688,NORTH CITY,Oak St. 14,Bldg-82,Apt ۴,PC 1 0082,FAM-X-000688,2025-05-14
ORD-0002415,ACC-000688,NORTH CITY,Oak St. 14,Bldg-82,Apt ۴,PC 1 0082,FAM-X-000688,2025-05-09
ORD-0002416,ACC-000688,NORTH CITY,Oak St. 14,Bldg-82,Apt ۴,PC 1 0082,FAM-X-000688,2025-02-28
ORD-0002417,ACC-000689,Central City,Pne St 14,B ۸۳,۱,,FAM-X-000689,2025-02-23
ORD-0002418,ACC-000689,Central City,Pne St 14,B ۸۳,۱,,FAM-X-000689,2025-11-01
ORD-0002419,ACC-000689,Central City,Pne St 14,B ۸۳,۱,,FAM-X-000689,2025-05-28
ORD-0002420,ACC-000690,CENTRAL CITY,Pine St. 14,Bldg-83,Apt ۲,PC 2 0083,FAM-X-000690,2025-11-30
ORD-0002421,ACC-000690,CENTRAL CITY,Pine St. 14,Bldg-83,Apt ۲,PC 2 0083,FAM-X-000690,2025-08-23
ORD-0002422,ACC-000690,CENTRAL CITY,Pine St. 14,Bldg-83,Apt ۲,PC 2 0083,FAM-X-000690,2025-02-22
ORD-0002423,ACC-000690,CENTRAL CITY,Pine St. 14,Bldg-83,Apt ۲,PC 2 0083,FAM-X-000690,2025-03-11
ORD-0002424,ACC-000691,Central City,Pine Street 14,Building 83,Unit 2,PC-2-0083,FAM-X-000691,2025-12-19
ORD-0002425,ACC-000691,Central City,Pine Street 14,Building 83,Unit 2,PC-2-0083,FAM-X-000691,2025-07-08
ORD-0002426,ACC-000691,Central City,Pine Street 14,Building 83,Unit 2,PC-2-0083,FAM-X-000691,2025-08-07
ORD-0002427,ACC-000691,Central City,Pine Street 14,Building 83,Unit 2,PC-2-0083,FAM-X-000691,2025-10-10
ORD-0002428,ACC-000691,Central City,Pine Street 14,Building 83,Unit 2,PC-2-0083,FAM-X-000691,2025-06-01
ORD-0002429,ACC-000692,Central City,Pne St 14,B ۸۳,۴,,FAM-00331,2025-09-18
ORD-0002430,ACC-000692,Central City,Pne St 14,B ۸۳,۴,,FAM-00331,2025-01-12
ORD-0002431,ACC-000692,Central City,Pne St 14,B ۸۳,۴,,FAM-00331,2025-02-11
ORD-0002432,ACC-000692,Central City,Pne St 14,B ۸۳,۴,,FAM-00331,2025-10-25
ORD-0002433,ACC-000692,Central City,Pne St 14,B ۸۳,۴,,FAM-00331,2025-08-29
ORD-0002434,ACC-000693,Central City,Pine Street 14,Building 83,Unit 3,PC-2-0083,FAM-00331,2025-04-12
ORD-0002435,ACC-000693,Central City,Pine Street 14,Building 83,Unit 3,PC-2-0083,FAM-00331,2025-05-08
ORD-0002436,ACC-000694,Central City,Pine Street 14,Building 83,Unit 4,PC-2-0083,FAM-X-000694,2025-11-10
ORD-0002437,ACC-000694,Central City,Pine Street 14,Building 83,Unit 4,PC-2-0083,FAM-X-000694,2025-10-06
ORD-0002438,ACC-000694,Central City,Pine Street 14,Building 83,Unit 4,PC-2-0083,FAM-X-000694,2025-04-19
ORD-0002439,ACC-000695,SOUTH CITY,Elm St. 14,Bldg-84,Apt ۱,PC 3 0084,FAM-X-000695,2025-03-16
ORD-0002440,ACC-000695,SOUTH CITY,Elm St. 14,Bldg-84,Apt ۱,PC 3 0084,FAM-X-000695,2025-10-06
ORD-0002441,ACC-000695,SOUTH CITY,Elm St. 14,Bldg-84,Apt ۱,PC 3 0084,FAM-X-000695,2025-04-26
ORD-0002442,ACC-000695,SOUTH CITY,Elm St. 14,Bldg-84,Apt ۱,PC 3 0084,FAM-X-000695,2025-11-15
ORD-0002443,ACC-000696,SOUTH CITY,Elm St. 14,Bldg-84,Apt ۲,PC 3 0084,FAM-X-000696,2025-09-04
ORD-0002444,ACC-000696,SOUTH CITY,Elm St. 14,Bldg-84,Apt ۲,PC 3 0084,FAM-X-000696,2025-11-18
ORD-0002445,ACC-000697,South City,Elm Street 14,Building 84,Unit 3,PC-3-0084,FAM-X-000697,2025-11-28
ORD-0002446,ACC-000697,South City,Elm Street 14,Building 84,Unit 3,PC-3-0084,FAM-X-000697,2025-06-24
ORD-0002447,ACC-000697,South City,Elm Street 14,Building 84,Unit 3,PC-3-0084,FAM-X-000697,2025-11-21
ORD-0002448,ACC-000697,South City,Elm Street 14,Building 84,Unit 3,PC-3-0084,FAM-X-000697,2025-03-31
ORD-0002449,ACC-000697,South City,Elm Street 14,Building 84,Unit 3,PC-3-0084,FAM-X-000697,2025-09-05
ORD-0002450,ACC-000698,SOUTH CITY,Elm St. 14,Bldg-84,Apt ۴,PC 3 0084,FAM-X-000698,2025-03-19
ORD-0002451,ACC-000698,SOUTH CITY,Elm St. 14,Bldg-84,Apt ۴,PC 3 0084,FAM-X-000698,2025-05-02
ORD-0002452,ACC-000698,SOUTH CITY,Elm St. 14,Bldg-84,Apt ۴,PC 3 0084,FAM-X-000698,2025-02-16
ORD-0002453,ACC-000699,NORTH CITY,Cedar St. 15,Bldg-85,Apt ۱,PC 1 0085,FAM-X-000699,2025-05-12
ORD-0002454,ACC-000699,NORTH CITY,Cedar St. 15,Bldg-85,Apt ۱,PC 1 0085,FAM-X-000699,2025-11-05
ORD-0002455,ACC-000699,NORTH CITY,Cedar St. 15,Bldg-85,Apt ۱,PC 1 0085,FAM-X-000699,2025-08-11
ORD-0002456,ACC-000699,NORTH CITY,Cedar St. 15,Bldg-85,Apt ۱,PC 1 0085,FAM-X-000699,2025-09-27
ORD-0002457,ACC-000699,NORTH CITY,Cedar St. 15,Bldg-85,Apt ۱,PC 1 0085,FAM-X-000699,2025-04-19
ORD-0002458,ACC-000700,North City,Cear St 15,B ۸۵,۲,,FAM-X-000700,2025-04-19
ORD-0002459,ACC-000700,North City,Cear St 15,B ۸۵,۲,,FAM-X-000700,2025-04-12
ORD-0002460,ACC-000700,North City,Cear St 15,B ۸۵,۲,,FAM-X-000700,2025-11-17
ORD-0002461,ACC-000701,NORTH CITY,Cedar St. 15,Bldg-85,Apt ۳,PC 1 0085,FAM-00339,2025-02-03
ORD-0002462,ACC-000701,NORTH CITY,Cedar St. 15,Bldg-85,Apt ۳,PC 1 0085,FAM-00339,2025-03-09
ORD-0002463,ACC-000702,North City,Cedar Street 15,Building 85,Unit 3,PC-1-0085,FAM-00339,2025-12-14
ORD-0002464,ACC-000702,North City,Cedar Street 15,Building 85,Unit 3,PC-1-0085,FAM-00339,2025-08-10
ORD-0002465,ACC-000702,North City,Cedar Street 15,Building 85,Unit 3,PC-1-0085,FAM-00339,2025-08-13
ORD-0002466,ACC-000703,NORTH CITY,Cedar St. 15,Bldg-85,Apt ۳,PC 1 0085,FAM-00339,2025-08-08
ORD-0002467,ACC-000703,NORTH CITY,Cedar St. 15,Bldg-85,Apt ۳,PC 1 0085,FAM-00339,2025-08-16
ORD-0002468,ACC-000704,NORTH CITY,Cedar St. 15,Bldg-85,Apt ۴,PC 1 0085,FAM-X-000704,2025-04-14
ORD-0002469,ACC-000704,NORTH CITY,Cedar St. 15,Bldg-85,Apt ۴,PC 1 0085,FAM-X-000704,2025-04-20
ORD-0002470,ACC-000705,North City,Cedar Street 15,Building 85,Unit 4,PC-1-0085,FAM-X-000705,2025-01-10
ORD-0002471,ACC-000705,North City,Cedar Street 15,Building 85,Unit 4,PC-1-0085,FAM-X-000705,2025-01-15
ORD-0002472,ACC-000705,North City,Cedar Street 15,Building 85,Unit 4,PC-1-0085,FAM-X-000705,2025-06-06
ORD-0002473,ACC-000706,CENTRAL CITY,Maple St. 15,Bldg-86,Apt ۱,PC 2 0086,FAM-00341,2025-01-23
ORD-0002474,ACC-000706,CENTRAL CITY,Maple St. 15,Bldg-86,Apt ۱,PC 2 0086,FAM-00341,2025-01-30
ORD-0002475,ACC-000706,CENTRAL CITY,Maple St. 15,Bldg-86,Apt ۱,PC 2 0086,FAM-00341,2025-02-25
ORD-0002476,ACC-000706,CENTRAL CITY,Maple St. 15,Bldg-86,Apt ۱,PC 2 0086,FAM-00341,2025-08-30
ORD-0002477,ACC-000707,CENTRAL CITY,Maple St. 15,Bldg-86,Apt ۱,PC 2 0086,FAM-00341,2025-11-18
ORD-0002478,ACC-000707,CENTRAL CITY,Maple St. 15,Bldg-86,Apt ۱,PC 2 0086,FAM-00341,2025-09-25
ORD-0002479,ACC-000707,CENTRAL CITY,Maple St. 15,Bldg-86,Apt ۱,PC 2 0086,FAM-00341,2025-09-19
ORD-0002480,ACC-000708,CENTRAL CITY,Maple St. 15,Bldg-86,Apt ۱,PC 2 0086,FAM-X-000708,2025-07-30
ORD-0002481,ACC-000708,CENTRAL CITY,Maple St. 15,Bldg-86,Apt ۱,PC 2 0086,FAM-X-000708,2025-10-03
ORD-0002482,ACC-000708,CENTRAL CITY,Maple St. 15,Bldg-86,Apt ۱,PC 2 0086,FAM-X-000708,2025-11-21
ORD-0002483,ACC-000708,CENTRAL CITY,Maple St. 15,Bldg-86,Apt ۱,PC 2 0086,FAM-X-000708,2025-11-08
ORD-0002484,ACC-000708,CENTRAL CITY,Maple St. 15,Bldg-86,Apt ۱,PC 2 0086,FAM-X-000708,2025-11-24
ORD-0002485,ACC-000709,CENTRAL CITY,Maple St. 15,Bldg-86,Apt ۱,PC 2 0086,FAM-00341,2025-10-23
ORD-0002486,ACC-000709,CENTRAL CITY,Maple St. 15,Bldg-86,Apt ۱,PC 2 0086,FAM-00341,2025-12-08
ORD-0002487,ACC-000709,CENTRAL CITY,Maple St. 15,Bldg-86,Apt ۱,PC 2 0086,FAM-00341,2025-08-03
ORD-0002488,ACC-000709,CENTRAL CITY,Maple St. 15,Bldg-86,Apt ۱,PC 2 0086,FAM-00341,2025-06-23
ORD-0002489,ACC-000709,CENTRAL CITY,Maple St. 15,Bldg-86,Apt ۱,PC 2 0086,FAM-00341,2025-03-02
ORD-0002490,ACC-000710,CENTRAL CITY,Maple St. 15,Bldg-86,Apt ۲,PC 2 0086,FAM-X-000710,2025-09-21
ORD-0002491,ACC-000710,CENTRAL CITY,Maple St. 15,Bldg-86,Apt ۲,PC 2 0086,FAM-X-000710,2025-10-27
ORD-0002492,ACC-000710,CENTRAL CITY,Maple St. 15,Bldg-86,Apt ۲,PC 2 0086,FAM-X-000710,2025-10-12
ORD-0002493,ACC-000710,CENTRAL CITY,Maple St. 15,Bldg-86,Apt ۲,PC 2 0086,FAM-X-000710,2025-10-19
ORD-0002494,ACC-000711,Central City,Mape St 15,B ۸۶,۳,PC20086,FAM-X-000711,2025-07-18
ORD-0002495,ACC-000711,Central City,Mape St 15,B ۸۶,۳,PC20086,FAM-X-000711,2025-12-08
ORD-0002496,ACC-000711,Central City,Mape St 15,B ۸۶,۳,PC20086,FAM-X-000711,2025-03-19
ORD-0002497,ACC-000711,Central City,Mape St 15,B ۸۶,۳,PC20086,FAM-X-000711,2025-11-28
ORD-0002498,ACC-000712,Central City,Maple Street 15,Building 86,Unit 3,PC-2-0086,FAM-X-000712,2025-04-04
ORD-0002499,ACC-000712,Central City,Maple Street 15,Building 86,Unit 3,PC-2-0086,FAM-X-000712,2025-06-23
ORD-0002500,ACC-000713,Central City,Maple t 15,B ۸۶,۳,,FAM-00343,2025-11-09
ORD-0002501,ACC-000713,Central City,Maple t 15,B ۸۶,۳,,FAM-00343,2025-10-21
ORD-0002502,ACC-000714,CENTRAL CITY,Maple St. 15,Bldg-86,Apt ۴,PC 2 0086,FAM-X-000714,2025-03-16
ORD-0002503,ACC-000714,CENTRAL CITY,Maple St. 15,Bldg-86,Apt ۴,PC 2 0086,FAM-X-000714,2025-04-02
ORD-0002504,ACC-000714,CENTRAL CITY,Maple St. 15,Bldg-86,Apt ۴,PC 2 0086,FAM-X-000714,2025-11-11
ORD-0002505,ACC-000714,CENTRAL CITY,Maple St. 15,Bldg-86,Apt ۴,PC 2 0086,FAM-X-000714,2025-11-16
ORD-0002506,ACC-000715,South City,Willow Street 15,Building 87,Unit 1,PC-3-0087,FAM-X-000715,2025-01-31
ORD-0002507,ACC-000715,South City,Willow Street 15,Building 87,Unit 1,PC-3-0087,FAM-X-000715,2025-09-29
ORD-0002508,ACC-000715,South City,Willow Street 15,Building 87,Unit 1,PC-3-0087,FAM-X-000715,2025-07-06
ORD-0002509,ACC-000715,South City,Willow Street 15,Building 87,Unit 1,PC-3-0087,FAM-X-000715,2025-10-04
ORD-0002510,ACC-000715,South City,Willow Street 15,Building 87,Unit 1,PC-3-0087,FAM-X-000715,2025-06-14
ORD-0002511,ACC-000716,SOUTH CITY,Willow St. 15,Bldg-87,Apt ۲,PC 3 0087,FAM-00346,2025-04-12
ORD-0002512,ACC-000716,SOUTH CITY,Willow St. 15,Bldg-87,Apt ۲,PC 3 0087,FAM-00346,2025-01-05
ORD-0002513,ACC-000716,SOUTH CITY,Willow St. 15,Bldg-87,Apt ۲,PC 3 0087,FAM-00346,2025-12-05
ORD-0002514,ACC-000717,South City,Willow Street 15,Building 87,Unit 2,PC-3-0087,FAM-X-000717,2025-04-30
ORD-0002515,ACC-000717,South City,Willow Street 15,Building 87,Unit 2,PC-3-0087,FAM-X-000717,2025-05-28
ORD-0002516,ACC-000717,South City,Willow Street 15,Building 87,Unit 2,PC-3-0087,FAM-X-000717,2025-02-02
ORD-0002517,ACC-000718,South City,Willow Street 15,Building 87,Unit 2,PC-3-0087,FAM-00346,2025-10-16
ORD-0002518,ACC-000718,South City,Willow Street 15,Building 87,Unit 2,PC-3-0087,FAM-00346,2025-11-01
ORD-0002519,ACC-000718,South City,Willow Street 15,Building 87,Unit 2,PC-3-0087,FAM-00346,2025-07-07
ORD-0002520,ACC-000719,SOUTH CITY,Willow St. 15,Bldg-87,Apt ۳,PC 3 0087,FAM-X-000719,2025-08-19
ORD-0002521,ACC-000719,SOUTH CITY,Willow St. 15,Bldg-87,Apt ۳,PC 3 0087,FAM-X-000719,2025-08-28
ORD-0002522,ACC-000719,SOUTH CITY,Willow St. 15,Bldg-87,Apt ۳,PC 3 0087,FAM-X-000719,2025-12-10
ORD-0002523,ACC-000720,SOUTH CITY,Willow St. 15,Bldg-87,Apt ۴,PC 3 0087,FAM-X-000720,2025-10-26
ORD-0002524,ACC-000720,SOUTH CITY,Willow St. 15,Bldg-87,Apt ۴,PC 3 0087,FAM-X-000720,2025-06-21
ORD-0002525,ACC-000720,SOUTH CITY,Willow St. 15,Bldg-87,Apt ۴,PC 3 0087,FAM-X-000720,2025-10-17
ORD-0002526,ACC-000720,SOUTH CITY,Willow St. 15,Bldg-87,Apt ۴,PC 3 0087,FAM-X-000720,2025-05-10
ORD-0002527,ACC-000721,SOUTH CITY,Willow St. 15,Bldg-87,Apt ۴,PC 3 0087,FAM-X-000721,2025-08-14
ORD-0002528,ACC-000721,SOUTH CITY,Willow St. 15,Bldg-87,Apt ۴,PC 3 0087,FAM-X-000721,2025-01-29
ORD-0002529,ACC-000721,SOUTH CITY,Willow St. 15,Bldg-87,Apt ۴,PC 3 0087,FAM-X-000721,2025-10-23
ORD-0002530,ACC-000722,South City,Willow t 15,B ۸۷,,PC30087,FAM-X-000722,2025-12-07
ORD-0002531,ACC-000722,South City,Willow t 15,B ۸۷,,PC30087,FAM-X-000722,2025-06-02
ORD-0002532,ACC-000722,South City,Willow t 15,B ۸۷,,PC30087,FAM-X-000722,2025-03-24
ORD-0002533,ACC-000723,SOUTH CITY,Willow St. 15,Bldg-87,Apt ۴,PC 3 0087,FAM-X-000723,2025-12-05
ORD-0002534,ACC-000723,SOUTH CITY,Willow St. 15,Bldg-87,Apt ۴,PC 3 0087,FAM-X-000723,2025-03-13
ORD-0002535,ACC-000723,SOUTH CITY,Willow St. 15,Bldg-87,Apt ۴,PC 3 0087,FAM-X-000723,2025-12-17
ORD-0002536,ACC-000723,SOUTH CITY,Willow St. 15,Bldg-87,Apt ۴,PC 3 0087,FAM-X-000723,2025-07-12
ORD-0002537,ACC-000724,SOUTH CITY,Willow St. 15,Bldg-87,Apt ۴,PC 3 0087,FAM-X-000724,2025-08-15
ORD-0002538,ACC-000724,SOUTH CITY,Willow St. 15,Bldg-87,Apt ۴,PC 3 0087,FAM-X-000724,2025-09-12
ORD-0002539,ACC-000725,South City,Willow Street 15,Building 87,Unit 4,PC-3-0087,FAM-X-000725,2025-04-29
ORD-0002540,ACC-000725,South City,Willow Street 15,Building 87,Unit 4,PC-3-0087,FAM-X-000725,2025-01-04
ORD-0002541,ACC-000725,South City,Willow Street 15,Building 87,Unit 4,PC-3-0087,FAM-X-000725,2025-01-09
ORD-0002542,ACC-000725,South City,Willow Street 15,Building 87,Unit 4,PC-3-0087,FAM-X-000725,2025-10-29
ORD-0002543,ACC-000726,NORTH CITY,Oak St. 15,Bldg-88,Apt ۱,PC 1 0088,FAM-X-000726,2025-06-29
ORD-0002544,ACC-000726,NORTH CITY,Oak St. 15,Bldg-88,Apt ۱,PC 1 0088,FAM-X-000726,2025-10-12
ORD-0002545,ACC-000727,NORTH CITY,Oak St. 15,Bldg-88,Apt ۱,PC 1 0088,FAM-X-000727,2025-04-10
ORD-0002546,ACC-000727,NORTH CITY,Oak St. 15,Bldg-88,Apt ۱,PC 1 0088,FAM-X-000727,2025-02-17
ORD-0002547,ACC-000728,NORTH CITY,Oak St. 15,Bldg-88,Apt ۲,PC 1 0088,FAM-X-000728,2025-07-04
ORD-0002548,ACC-000728,NORTH CITY,Oak St. 15,Bldg-88,Apt ۲,PC 1 0088,FAM-X-000728,2025-03-07
ORD-0002549,ACC-000729,North City,Oak Street 15,Building 88,Unit 3,PC-1-0088,FAM-X-000729,2025-09-01
ORD-0002550,ACC-000729,North City,Oak Street 15,Building 88,Unit 3,PC-1-0088,FAM-X-000729,2025-10-15
ORD-0002551,ACC-000729,North City,Oak Street 15,Building 88,Unit 3,PC-1-0088,FAM-X-000729,2025-08-18
ORD-0002552,ACC-000730,NORTH CITY,Oak St. 15,Bldg-88,Apt ۴,PC 1 0088,FAM-X-000730,2025-02-20
ORD-0002553,ACC-000730,NORTH CITY,Oak St. 15,Bldg-88,Apt ۴,PC 1 0088,FAM-X-000730,2025-11-17
ORD-0002554,ACC-000730,NORTH CITY,Oak St. 15,Bldg-88,Apt ۴,PC 1 0088,FAM-X-000730,2025-07-25
ORD-0002555,ACC-000730,NORTH CITY,Oak St. 15,Bldg-88,Apt ۴,PC 1 0088,FAM-X-000730,2025-03-22
ORD-0002556,ACC-000730,NORTH CITY,Oak St. 15,Bldg-88,Apt ۴,PC 1 0088,FAM-X-000730,2025-01-23
ORD-0002557,ACC-000731,NORTH CITY,Oak St. 15,Bldg-88,Apt ۴,PC 1 0088,FAM-X-000731,2025-05-23
ORD-0002558,ACC-000731,NORTH CITY,Oak St. 15,Bldg-88,Apt ۴,PC 1 0088,FAM-X-000731,2025-12-28
ORD-0002559,ACC-000731,NORTH CITY,Oak St. 15,Bldg-88,Apt ۴,PC 1 0088,FAM-X-000731,2025-06-06
ORD-0002560,ACC-000732,North City,Oak Street 15,Building 88,Unit 4,PC-1-0088,FAM-X-000732,2025-09-08
ORD-0002561,ACC-000732,North City,Oak Street 15,Building 88,Unit 4,PC-1-0088,FAM-X-000732,2025-10-20
ORD-0002562,ACC-000733,NORTH CITY,Oak St. 15,Bldg-88,Apt ۴,PC 1 0088,FAM-X-000733,2025-06-02
ORD-0002563,ACC-000733,NORTH CITY,Oak St. 15,Bldg-88,Apt ۴,PC 1 0088,FAM-X-000733,2025-08-18
ORD-0002564,ACC-000733,NORTH CITY,Oak St. 15,Bldg-88,Apt ۴,PC 1 0088,FAM-X-000733,2025-02-09
ORD-0002565,ACC-000733,NORTH CITY,Oak St. 15,Bldg-88,Apt ۴,PC 1 0088,FAM-X-000733,2025-07-16
ORD-0002566,ACC-000733,NORTH CITY,Oak St. 15,Bldg-88,Apt ۴,PC 1 0088,FAM-X-000733,2025-07-23
ORD-0002567,ACC-000734,Central City,Pine Street 15,Building 89,Unit 1,PC-2-0089,FAM-00353,2025-10-21
ORD-0002568,ACC-000734,Central City,Pine Street 15,Building 89,Unit 1,PC-2-0089,FAM-00353,2025-12-08
ORD-0002569,ACC-000735,CENTRAL CITY,Pine St. 15,Bldg-89,Apt ۱,PC 2 0089,FAM-00353,2025-08-15
ORD-0002570,ACC-000735,CENTRAL CITY,Pine St. 15,Bldg-89,Apt ۱,PC 2 0089,FAM-00353,2025-10-14
ORD-0002571,ACC-000735,CENTRAL CITY,Pine St. 15,Bldg-89,Apt ۱,PC 2 0089,FAM-00353,2025-06-01
ORD-0002572,ACC-000736,CENTRAL CITY,Pine St. 15,Bldg-89,Apt ۱,PC 2 0089,FAM-00353,2025-06-10
ORD-0002573,ACC-000736,CENTRAL CITY,Pine St. 15,Bldg-89,Apt ۱,PC 2 0089,FAM-00353,2025-09-18
ORD-0002574,ACC-000737,Central City,Pine t 15,B ۸۹,۳,PC20089,FAM-X-000737,2025-08-23
ORD-0002575,ACC-000737,Central City,Pine t 15,B ۸۹,۳,PC20089,FAM-X-000737,2025-07-07
ORD-0002576,ACC-000737,Central City,Pine t 15,B ۸۹,۳,PC20089,FAM-X-000737,2025-08-27
ORD-0002577,ACC-000737,Central City,Pine t 15,B ۸۹,۳,PC20089,FAM-X-000737,2025-01-26
ORD-0002578,ACC-000737,Central City,Pine t 15,B ۸۹,۳,PC20089,FAM-X-000737,2025-08-10
ORD-0002579,ACC-000738,CENTRAL CITY,Pine St. 15,Bldg-89,Apt ۳,PC 2 0089,FAM-00355,2025-03-28
ORD-0002580,ACC-000738,CENTRAL CITY,Pine St. 15,Bldg-89,Apt ۳,PC 2 0089,FAM-00355,2025-01-27
ORD-0002581,ACC-000738,CENTRAL CITY,Pine St. 15,Bldg-89,Apt ۳,PC 2 0089,FAM-00355,2025-04-14
ORD-0002582,ACC-000738,CENTRAL CITY,Pine St. 15,Bldg-89,Apt ۳,PC 2 0089,FAM-00355,2025-07-13
ORD-0002583,ACC-000739,Central City,Pine Street 15,Building 89,Unit 3,PC-2-0089,FAM-00355,2025-11-05
ORD-0002584,ACC-000739,Central City,Pine Street 15,Building 89,Unit 3,PC-2-0089,FAM-00355,2025-05-23
ORD-0002585,ACC-000739,Central City,Pine Street 15,Building 89,Unit 3,PC-2-0089,FAM-00355,2025-06-11
ORD-0002586,ACC-000740,Central City,Pine Street 15,Building 89,Unit 3,PC-2-0089,FAM-00355,2025-02-22
ORD-0002587,ACC-000740,Central City,Pine Street 15,Building 89,Unit 3,PC-2-0089,FAM-00355,2025-06-09
ORD-0002588,ACC-000740,Central City,Pine Street 15,Building 89,Unit 3,PC-2-0089,FAM-00355,2025-09-03
ORD-0002589,ACC-000740,Central City,Pine Street 15,Building 89,Unit 3,PC-2-0089,FAM-00355,2025-09-15
ORD-0002590,ACC-000741,Central City,Pine Street 15,Building 89,Unit 3,PC-2-0089,FAM-00355,2025-01-11
ORD-0002591,ACC-000741,Central City,Pine Street 15,Building 89,Unit 3,PC-2-0089,FAM-00355,2025-11-20
ORD-0002592,ACC-000741,Central City,Pine Street 15,Building 89,Unit 3,PC-2-0089,FAM-00355,2025-09-04
ORD-0002593,ACC-000741,Central City,Pine Street 15,Building 89,Unit 3,PC-2-0089,FAM-00355,2025-01-03
ORD-0002594,ACC-000741,Central City,Pine Street 15,Building 89,Unit 3,PC-2-0089,FAM-00355,2025-05-06
ORD-0002595,ACC-000742,CENTRAL CITY,Pine St. 15,Bldg-89,Apt ۴,PC 2 0089,FAM-00356,2025-08-15
ORD-0002596,ACC-000742,CENTRAL CITY,Pine St. 15,Bldg-89,Apt ۴,PC 2 0089,FAM-00356,2025-09-02
ORD-0002597,ACC-000743,CENTRAL CITY,Pine St. 15,Bldg-89,Apt ۴,PC 2 0089,FAM-00356,2025-03-01
ORD-0002598,ACC-000743,CENTRAL CITY,Pine St. 15,Bldg-89,Apt ۴,PC 2 0089,FAM-00356,2025-02-10
ORD-0002599,ACC-000743,CENTRAL CITY,Pine St. 15,Bldg-89,Apt ۴,PC 2 0089,FAM-00356,2025-10-26
ORD-0002600,ACC-000744,Central City,ine St 15,B ۸۹,۴,,FAM-X-000744,2025-01-08
ORD-0002601,ACC-000744,Central City,ine St 15,B ۸۹,۴,,FAM-X-000744,2025-10-25
ORD-0002602,ACC-000745,CENTRAL CITY,Pine St. 15,Bldg-89,Apt ۴,PC 2 0089,FAM-X-000745,2025-06-20
ORD-0002603,ACC-000745,CENTRAL CITY,Pine St. 15,Bldg-89,Apt ۴,PC 2 0089,FAM-X-000745,2025-09-18
ORD-0002604,ACC-000745,CENTRAL CITY,Pine St. 15,Bldg-89,Apt ۴,PC 2 0089,FAM-X-000745,2025-11-17
ORD-0002605,ACC-000746,South City,Elm Street 15,Building 90,Unit 1,PC-3-0090,FAM-X-000746,2025-07-31
ORD-0002606,ACC-000746,South City,Elm Street 15,Building 90,Unit 1,PC-3-0090,FAM-X-000746,2025-12-27
ORD-0002607,ACC-000746,South City,Elm Street 15,Building 90,Unit 1,PC-3-0090,FAM-X-000746,2025-02-01
ORD-0002608,ACC-000747,South City,Elm S 15,B ۹۰,۲,,FAM-X-000747,2025-08-31
ORD-0002609,ACC-000747,South City,Elm S 15,B ۹۰,۲,,FAM-X-000747,2025-06-26
ORD-0002610,ACC-000747,South City,Elm S 15,B ۹۰,۲,,FAM-X-000747,2025-07-08
ORD-0002611,ACC-000747,South City,Elm S 15,B ۹۰,۲,,FAM-X-000747,2025-09-17
ORD-0002612,ACC-000747,South City,Elm S 15,B ۹۰,۲,,FAM-X-000747,2025-07-10
ORD-0002613,ACC-000748,South City,Elm t 15,B ۹۰,۱,,FAM-X-000748,2025-11-15
ORD-0002614,ACC-000748,South City,Elm t 15,B ۹۰,۱,,FAM-X-000748,2025-02-18
ORD-0002615,ACC-000748,South City,Elm t 15,B ۹۰,۱,,FAM-X-000748,2025-07-19
ORD-0002616,ACC-000749,South City,Elm Street 15,Building 90,Unit 1,PC-3-0090,FAM-X-000749,2025-09-26
ORD-0002617,ACC-000749,South City,Elm Street 15,Building 90,Unit 1,PC-3-0090,FAM-X-000749,2025-10-23
ORD-0002618,ACC-000750,SOUTH CITY,Elm St. 15,Bldg-90,Apt ۱,PC 3 0090,FAM-X-000750,2025-07-13
ORD-0002619,ACC-000750,SOUTH CITY,Elm St. 15,Bldg-90,Apt ۱,PC 3 0090,FAM-X-000750,2025-02-08
ORD-0002620,ACC-000751,SOUTH CITY,Elm St. 15,Bldg-90,Apt ۱,PC 3 0090,FAM-X-000751,2025-02-05
ORD-0002621,ACC-000751,SOUTH CITY,Elm St. 15,Bldg-90,Apt ۱,PC 3 0090,FAM-X-000751,2025-10-24
ORD-0002622,ACC-000751,SOUTH CITY,Elm St. 15,Bldg-90,Apt ۱,PC 3 0090,FAM-X-000751,2025-06-17
ORD-0002623,ACC-000752,SOUTH CITY,Elm St. 15,Bldg-90,Apt ۲,PC 3 0090,FAM-X-000752,2025-01-11
ORD-0002624,ACC-000752,SOUTH CITY,Elm St. 15,Bldg-90,Apt ۲,PC 3 0090,FAM-X-000752,2025-06-23
ORD-0002625,ACC-000752,SOUTH CITY,Elm St. 15,Bldg-90,Apt ۲,PC 3 0090,FAM-X-000752,2025-10-24
ORD-0002626,ACC-000752,SOUTH CITY,Elm St. 15,Bldg-90,Apt ۲,PC 3 0090,FAM-X-000752,2025-11-12
ORD-0002627,ACC-000752,SOUTH CITY,Elm St. 15,Bldg-90,Apt ۲,PC 3 0090,FAM-X-000752,2025-04-14
ORD-0002628,ACC-000753,SOUTH CITY,Elm St. 15,Bldg-90,Apt ۲,PC 3 0090,FAM-X-000753,2025-03-06
ORD-0002629,ACC-000753,SOUTH CITY,Elm St. 15,Bldg-90,Apt ۲,PC 3 0090,FAM-X-000753,2025-04-22
ORD-0002630,ACC-000753,SOUTH CITY,Elm St. 15,Bldg-90,Apt ۲,PC 3 0090,FAM-X-000753,2025-05-28
ORD-0002631,ACC-000754,SOUTH CITY,Elm St. 15,Bldg-90,Apt ۳,PC 3 0090,FAM-X-000754,2025-06-28
ORD-0002632,ACC-000754,SOUTH CITY,Elm St. 15,Bldg-90,Apt ۳,PC 3 0090,FAM-X-000754,2025-03-21
ORD-0002633,ACC-000754,SOUTH CITY,Elm St. 15,Bldg-90,Apt ۳,PC 3 0090,FAM-X-000754,2025-11-12
ORD-0002634,ACC-000754,SOUTH CITY,Elm St. 15,Bldg-90,Apt ۳,PC 3 0090,FAM-X-000754,2025-11-13
ORD-0002635,ACC-000755,SOUTH CITY,Elm St. 15,Bldg-90,Apt ۳,PC 3 0090,FAM-X-000755,2025-12-03
ORD-0002636,ACC-000755,SOUTH CITY,Elm St. 15,Bldg-90,Apt ۳,PC 3 0090,FAM-X-000755,2025-01-24
ORD-0002637,ACC-000755,SOUTH CITY,Elm St. 15,Bldg-90,Apt ۳,PC 3 0090,FAM-X-000755,2025-03-17
ORD-0002638,ACC-000756,South City,lm St 15,B ۹۰,,,FAM-00360,2025-03-27
ORD-0002639,ACC-000756,South City,lm St 15,B ۹۰,,,FAM-00360,2025-07-06
ORD-0002640,ACC-000756,South City,lm St 15,B ۹۰,,,FAM-00360,2025-09-14
ORD-0002641,ACC-000756,South City,lm St 15,B ۹۰,,,FAM-00360,2025-01-14
ORD-0002642,ACC-000756,South City,lm St 15,B ۹۰,,,FAM-00360,2025-08-10
ORD-0002643,ACC-000757,South City,Elm Street 15,Building 90,Unit 4,PC-3-0090,FAM-00360,2025-04-16
ORD-0002644,ACC-000757,South City,Elm Street 15,Building 90,Unit 4,PC-3-0090,FAM-00360,2025-08-25
ORD-0002645,ACC-000757,South City,Elm Street 15,Building 90,Unit 4,PC-3-0090,FAM-00360,2025-05-28
ORD-0002646,ACC-000758,North City,Cedar Street 16,Building 91,Unit 1,PC-1-0091,FAM-X-000758,2025-12-05
ORD-0002647,ACC-000758,North City,Cedar Street 16,Building 91,Unit 1,PC-1-0091,FAM-X-000758,2025-03-09
ORD-0002648,ACC-000758,North City,Cedar Street 16,Building 91,Unit 1,PC-1-0091,FAM-X-000758,2025-10-27
ORD-0002649,ACC-000759,North City,Cdar St 16,B ۹۱,۳,,FAM-X-000759,2025-04-18
ORD-0002650,ACC-000759,North City,Cdar St 16,B ۹۱,۳,,FAM-X-000759,2025-02-11
ORD-0002651,ACC-000759,North City,Cdar St 16,B ۹۱,۳,,FAM-X-000759,2025-06-05
ORD-0002652,ACC-000759,North City,Cdar St 16,B ۹۱,۳,,FAM-X-000759,2025-05-03
ORD-0002653,ACC-000759,North City,Cdar St 16,B ۹۱,۳,,FAM-X-000759,2025-12-17
ORD-0002654,ACC-000760,North City,edar St 16,B ۹۱,۲,,FAM-X-000760,2025-02-18
ORD-0002655,ACC-000760,North City,edar St 16,B ۹۱,۲,,FAM-X-000760,2025-12-12
ORD-0002656,ACC-000761,NORTH CITY,Cedar St. 16,Bldg-91,Apt ۳,PC 1 0091,FAM-X-000761,2025-04-26
ORD-0002657,ACC-000761,NORTH CITY,Cedar St. 16,Bldg-91,Apt ۳,PC 1 0091,FAM-X-000761,2025-07-12
ORD-0002658,ACC-000761,NORTH CITY,Cedar St. 16,Bldg-91,Apt ۳,PC 1 0091,FAM-X-000761,2025-02-17
ORD-0002659,ACC-000762,NORTH CITY,Cedar St. 16,Bldg-91,Apt ۴,PC 1 0091,FAM-00364,2025-07-01
ORD-0002660,ACC-000762,NORTH CITY,Cedar St. 16,Bldg-91,Apt ۴,PC 1 0091,FAM-00364,2025-08-31
ORD-0002661,ACC-000762,NORTH CITY,Cedar St. 16,Bldg-91,Apt ۴,PC 1 0091,FAM-00364,2025-02-27
ORD-0002662,ACC-000763,NORTH CITY,Cedar St. 16,Bldg-91,Apt ۴,PC 1 0091,FAM-00364,2025-12-15
ORD-0002663,ACC-000763,NORTH CITY,Cedar St. 16,Bldg-91,Apt ۴,PC 1 0091,FAM-00364,2025-07-29
ORD-0002664,ACC-000763,NORTH CITY,Cedar St. 16,Bldg-91,Apt ۴,PC 1 0091,FAM-00364,2025-02-22
ORD-0002665,ACC-000763,NORTH CITY,Cedar St. 16,Bldg-91,Apt ۴,PC 1 0091,FAM-00364,2025-12-28
ORD-0002666,ACC-000764,Central City,Maple Street 16,Building 92,Unit 1,PC-2-0092,FAM-X-000764,2025-08-17
ORD-0002667,ACC-000764,Central City,Maple Street 16,Building 92,Unit 1,PC-2-0092,FAM-X-000764,2025-03-15
ORD-0002668,ACC-000764,Central City,Maple Street 16,Building 92,Unit 1,PC-2-0092,FAM-X-000764,2025-11-28
ORD-0002669,ACC-000764,Central City,Maple Street 16,Building 92,Unit 1,PC-2-0092,FAM-X-000764,2025-01-20
ORD-0002670,ACC-000765,CENTRAL CITY,Maple St. 16,Bldg-92,Apt ۲,PC 2 0092,FAM-X-000765,2025-08-26
ORD-0002671,ACC-000765,CENTRAL CITY,Maple St. 16,Bldg-92,Apt ۲,PC 2 0092,FAM-X-000765,2025-05-16
ORD-0002672,ACC-000765,CENTRAL CITY,Maple St. 16,Bldg-92,Apt ۲,PC 2 0092,FAM-X-000765,2025-02-01
ORD-0002673,ACC-000765,CENTRAL CITY,Maple St. 16,Bldg-92,Apt ۲,PC 2 0092,FAM-X-000765,2025-08-06
ORD-0002674,ACC-000765,CENTRAL CITY,Maple St. 16,Bldg-92,Apt ۲,PC 2 0092,FAM-X-000765,2025-06-10
ORD-0002675,ACC-000766,CENTRAL CITY,Maple St. 16,Bldg-92,Apt ۳,PC 2 0092,FAM-00367,2025-03-22
ORD-0002676,ACC-000766,CENTRAL CITY,Maple St. 16,Bldg-92,Apt ۳,PC 2 0092,FAM-00367,2025-02-18
ORD-0002677,ACC-000766,CENTRAL CITY,Maple St. 16,Bldg-92,Apt ۳,PC 2 0092,FAM-00367,2025-06-20
ORD-0002678,ACC-000767,Central City,Maple S 16,B ۹۲,۳,,FAM-00367,2025-11-03
ORD-0002679,ACC-000767,Central City,Maple S 16,B ۹۲,۳,,FAM-00367,2025-04-29
ORD-0002680,ACC-000767,Central City,Maple S 16,B ۹۲,۳,,FAM-00367,2025-01-03
ORD-0002681,ACC-000767,Central City,Maple S 16,B ۹۲,۳,,FAM-00367,2025-03-28
ORD-0002682,ACC-000767,Central City,Maple S 16,B ۹۲,۳,,FAM-00367,2025-03-30
ORD-0002683,ACC-000768,CENTRAL CITY,Maple St. 16,Bldg-92,Apt ۴,PC 2 0092,FAM-X-000768,2025-09-20
ORD-0002684,ACC-000768,CENTRAL CITY,Maple St. 16,Bldg-92,Apt ۴,PC 2 0092,FAM-X-000768,2025-05-04
ORD-0002685,ACC-000769,SOUTH CITY,Willow St. 16,Bldg-93,Apt ۱,PC 3 0093,FAM-X-000769,2025-05-11
ORD-0002686,ACC-000769,SOUTH CITY,Willow St. 16,Bldg-93,Apt ۱,PC 3 0093,FAM-X-000769,2025-12-11
ORD-0002687,ACC-000769,SOUTH CITY,Willow St. 16,Bldg-93,Apt ۱,PC 3 0093,FAM-X-000769,2025-11-07
ORD-0002688,ACC-000770,SOUTH CITY,Willow St. 16,Bldg-93,Apt ۲,PC 3 0093,FAM-X-000770,2025-03-09
ORD-0002689,ACC-000770,SOUTH CITY,Willow St. 16,Bldg-93,Apt ۲,PC 3 0093,FAM-X-000770,2025-01-25
ORD-0002690,ACC-000770,SOUTH CITY,Willow St. 16,Bldg-93,Apt ۲,PC 3 0093,FAM-X-000770,2025-06-30
ORD-0002691,ACC-000770,SOUTH CITY,Willow St. 16,Bldg-93,Apt ۲,PC 3 0093,FAM-X-000770,2025-10-19
ORD-0002692,ACC-000771,SOUTH CITY,Willow St. 16,Bldg-93,Apt ۳,PC 3 0093,FAM-X-000771,2025-04-15
ORD-0002693,ACC-000771,SOUTH CITY,Willow St. 16,Bldg-93,Apt ۳,PC 3 0093,FAM-X-000771,2025-04-07
ORD-0002694,ACC-000772,South City,Wilow St 16,B ۹۳,,,FAM-X-000772,2025-08-25
ORD-0002695,ACC-000772,South City,Wilow St 16,B ۹۳,,,FAM-X-000772,2025-04-02
ORD-0002696,ACC-000772,South City,Wilow St 16,B ۹۳,,,FAM-X-000772,2025-10-24
ORD-0002697,ACC-000772,South City,Wilow St 16,B ۹۳,,,FAM-X-000772,2025-06-15
ORD-0002698,ACC-000773,NORTH CITY,Oak St. 16,Bldg-94,Apt ۱,PC 1 0094,FAM-X-000773,2025-03-22
ORD-0002699,ACC-000773,NORTH CITY,Oak St. 16,Bldg-94,Apt ۱,PC 1 0094,FAM-X-000773,2025-12-24
ORD-0002700,ACC-000773,NORTH CITY,Oak St. 16,Bldg-94,Apt ۱,PC 1 0094,FAM-X-000773,2025-03-12
ORD-0002701,ACC-000773,NORTH CITY,Oak St. 16,Bldg-94,Apt ۱,PC 1 0094,FAM-X-000773,2025-06-01
ORD-0002702,ACC-000773,NORTH CITY,Oak St. 16,Bldg-94,Apt ۱,PC 1 0094,FAM-X-000773,2025-04-25
ORD-0002703,ACC-000774,North City,Oak t 16,B ۹۴,۲,,FAM-X-000774,2025-08-25
ORD-0002704,ACC-000774,North City,Oak t 16,B ۹۴,۲,,FAM-X-000774,2025-11-27
ORD-0002705,ACC-000774,North City,Oak t 16,B ۹۴,۲,,FAM-X-000774,2025-05-23
ORD-0002706,ACC-000774,North City,Oak t 16,B ۹۴,۲,,FAM-X-000774,2025-07-06
ORD-0002707,ACC-000775,NORTH CITY,Oak St. 16,Bldg-94,Apt ۲,PC 1 0094,FAM-X-000775,2025-08-22
ORD-0002708,ACC-000775,NORTH CITY,Oak St. 16,Bldg-94,Apt ۲,PC 1 0094,FAM-X-000775,2025-03-19
ORD-0002709,ACC-000775,NORTH CITY,Oak St. 16,Bldg-94,Apt ۲,PC 1 0094,FAM-X-000775,2025-07-19
ORD-0002710,ACC-000775,NORTH CITY,Oak St. 16,Bldg-94,Apt ۲,PC 1 0094,FAM-X-000775,2025-10-24
ORD-0002711,ACC-000775,NORTH CITY,Oak St. 16,Bldg-94,Apt ۲,PC 1 0094,FAM-X-000775,2025-02-15
ORD-0002712,ACC-000776,NORTH CITY,Oak St. 16,Bldg-94,Apt ۲,PC 1 0094,FAM-X-000776,2025-04-25
ORD-0002713,ACC-000776,NORTH CITY,Oak St. 16,Bldg-94,Apt ۲,PC 1 0094,FAM-X-000776,2025-10-27
ORD-0002714,ACC-000776,NORTH CITY,Oak St. 16,Bldg-94,Apt ۲,PC 1 0094,FAM-X-000776,2025-11-06
ORD-0002715,ACC-000776,NORTH CITY,Oak St. 16,Bldg-94,Apt ۲,PC 1 0094,FAM-X-000776,2025-07-14
ORD-0002716,ACC-000777,North City,Ok St 16,B ۹۴,۲,PC10094,FAM-X-000777,2025-02-19
ORD-0002717,ACC-000777,North City,Ok St 16,B ۹۴,۲,PC10094,FAM-X-000777,2025-09-03
ORD-0002718,ACC-000777,North City,Ok St 16,B ۹۴,۲,PC10094,FAM-X-000777,2025-12-04
ORD-0002719,ACC-000777,North City,Ok St 16,B ۹۴,۲,PC10094,FAM-X-000777,2025-10-02
ORD-0002720,ACC-000778,North City,Oak Street 16,Building 94,Unit 3,PC-1-0094,FAM-X-000778,2025-05-05
ORD-0002721,ACC-000778,North City,Oak Street 16,Building 94,Unit 3,PC-1-0094,FAM-X-000778,2025-04-07
ORD-0002722,ACC-000778,North City,Oak Street 16,Building 94,Unit 3,PC-1-0094,FAM-X-000778,2025-05-03
ORD-0002723,ACC-000779,NORTH CITY,Oak St. 16,Bldg-94,Apt ۴,PC 1 0094,FAM-X-000779,2025-03-07
ORD-0002724,ACC-000779,NORTH CITY,Oak St. 16,Bldg-94,Apt ۴,PC 1 0094,FAM-X-000779,2025-07-19
ORD-0002725,ACC-000779,NORTH CITY,Oak St. 16,Bldg-94,Apt ۴,PC 1 0094,FAM-X-000779,2025-06-29
ORD-0002726,ACC-000780,North City,Oa St 16,B ۹۴,۴,,FAM-X-000780,2025-12-14
ORD-0002727,ACC-000780,North City,Oa St 16,B ۹۴,۴,,FAM-X-000780,2025-02-13
ORD-0002728,ACC-000780,North City,Oa St 16,B ۹۴,۴,,FAM-X-000780,2025-05-25
ORD-0002729,ACC-000781,North City,Oak t 16,B ۹۴,۴,,FAM-X-000781,2025-06-13
ORD-0002730,ACC-000781,North City,Oak t 16,B ۹۴,۴,,FAM-X-000781,2025-08-02
ORD-0002731,ACC-000781,North City,Oak t 16,B ۹۴,۴,,FAM-X-000781,2025-03-18
ORD-0002732,ACC-000781,North City,Oak t 16,B ۹۴,۴,,FAM-X-000781,2025-02-13
ORD-0002733,ACC-000782,CENTRAL CITY,Pine St. 16,Bldg-95,Apt ۱,PC 2 0095,FAM-X-000782,2025-03-08
ORD-0002734,ACC-000782,CENTRAL CITY,Pine St. 16,Bldg-95,Apt ۱,PC 2 0095,FAM-X-000782,2025-10-08
ORD-0002735,ACC-000782,CENTRAL CITY,Pine St. 16,Bldg-95,Apt ۱,PC 2 0095,FAM-X-000782,2025-05-24
ORD-0002736,ACC-000782,CENTRAL CITY,Pine St. 16,Bldg-95,Apt ۱,PC 2 0095,FAM-X-000782,2025-05-28
ORD-0002737,ACC-000782,CENTRAL CITY,Pine St. 16,Bldg-95,Apt ۱,PC 2 0095,FAM-X-000782,2025-08-25
ORD-0002738,ACC-000783,CENTRAL CITY,Pine St. 16,Bldg-95,Apt ۱,PC 2 0095,FAM-00377,2025-01-11
ORD-0002739,ACC-000783,CENTRAL CITY,Pine St. 16,Bldg-95,Apt ۱,PC 2 0095,FAM-00377,2025-10-25
ORD-0002740,ACC-000784,CENTRAL CITY,Pine St. 16,Bldg-95,Apt ۱,PC 2 0095,FAM-00377,2025-01-22
ORD-0002741,ACC-000784,CENTRAL CITY,Pine St. 16,Bldg-95,Apt ۱,PC 2 0095,FAM-00377,2025-02-27
ORD-0002742,ACC-000784,CENTRAL CITY,Pine St. 16,Bldg-95,Apt ۱,PC 2 0095,FAM-00377,2025-12-07
ORD-0002743,ACC-000785,Central City,Pine Street 16,Building 95,Unit 2,PC-2-0095,FAM-X-000785,2025-04-18
ORD-0002744,ACC-000785,Central City,Pine Street 16,Building 95,Unit 2,PC-2-0095,FAM-X-000785,2025-09-24
ORD-0002745,ACC-000785,Central City,Pine Street 16,Building 95,Unit 2,PC-2-0095,FAM-X-000785,2025-02-08
ORD-0002746,ACC-000786,CENTRAL CITY,Pine St. 16,Bldg-95,Apt ۳,PC 2 0095,FAM-X-000786,2025-01-09
ORD-0002747,ACC-000786,CENTRAL CITY,Pine St. 16,Bldg-95,Apt ۳,PC 2 0095,FAM-X-000786,2025-08-14
ORD-0002748,ACC-000786,CENTRAL CITY,Pine St. 16,Bldg-95,Apt ۳,PC 2 0095,FAM-X-000786,2025-02-25
ORD-0002749,ACC-000787,Central City,Pine Street 16,Building 95,Unit 3,PC-2-0095,FAM-X-000787,2025-06-24
ORD-0002750,ACC-000787,Central City,Pine Street 16,Building 95,Unit 3,PC-2-0095,FAM-X-000787,2025-02-06
ORD-0002751,ACC-000788,Central City,Pine Street 16,Building 95,Unit 4,PC-2-0095,FAM-X-000788,2025-03-22
ORD-0002752,ACC-000788,Central City,Pine Street 16,Building 95,Unit 4,PC-2-0095,FAM-X-000788,2025-03-15
ORD-0002753,ACC-000789,CENTRAL CITY,Pine St. 16,Bldg-95,Apt ۴,PC 2 0095,FAM-X-000789,2025-02-24
ORD-0002754,ACC-000789,CENTRAL CITY,Pine St. 16,Bldg-95,Apt ۴,PC 2 0095,FAM-X-000789,2025-08-15
ORD-0002755,ACC-000789,CENTRAL CITY,Pine St. 16,Bldg-95,Apt ۴,PC 2 0095,FAM-X-000789,2025-05-02
ORD-0002756,ACC-000790,Central City,Pine t 16,B ۹۵,۵,PC20095,FAM-X-000790,2025-07-24
ORD-0002757,ACC-000790,Central City,Pine t 16,B ۹۵,۵,PC20095,FAM-X-000790,2025-06-21
ORD-0002758,ACC-000790,Central City,Pine t 16,B ۹۵,۵,PC20095,FAM-X-000790,2025-04-22
ORD-0002759,ACC-000791,SOUTH CITY,Elm St. 16,Bldg-96,Apt ۱,PC 3 0096,FAM-00381,2025-12-01
ORD-0002760,ACC-000791,SOUTH CITY,Elm St. 16,Bldg-96,Apt ۱,PC 3 0096,FAM-00381,2025-06-28
ORD-0002761,ACC-000791,SOUTH CITY,Elm St. 16,Bldg-96,Apt ۱,PC 3 0096,FAM-00381,2025-07-09
ORD-0002762,ACC-000791,SOUTH CITY,Elm St. 16,Bldg-96,Apt ۱,PC 3 0096,FAM-00381,2025-04-25
ORD-0002763,ACC-000792,South City,Em St 16,B ۹۶,۱,,FAM-00381,2025-04-08
ORD-0002764,ACC-000792,South City,Em St 16,B ۹۶,۱,,FAM-00381,2025-11-13
ORD-0002765,ACC-000792,South City,Em St 16,B ۹۶,۱,,FAM-00381,2025-08-04
ORD-0002766,ACC-000793,South City,El St 16,B ۹۶,۲,PC30096,FAM-00381,2025-08-06
ORD-0002767,ACC-000793,South City,El St 16,B ۹۶,۲,PC30096,FAM-00381,2025-11-20
ORD-0002768,ACC-000793,South City,El St 16,B ۹۶,۲,PC30096,FAM-00381,2025-05-28
ORD-0002769,ACC-000794,South City,Em St 16,B ۹۶,,,FAM-00381,2025-10-19
ORD-0002770,ACC-000794,South City,Em St 16,B ۹۶,,,FAM-00381,2025-07-08
ORD-0002771,ACC-000794,South City,Em St 16,B ۹۶,,,FAM-00381,2025-11-28
ORD-0002772,ACC-000794,South City,Em St 16,B ۹۶,,,FAM-00381,2025-08-21
ORD-0002773,ACC-000795,SOUTH CITY,Elm St. 16,Bldg-96,Apt ۲,PC 3 0096,FAM-00382,2025-05-06
ORD-0002774,ACC-000795,SOUTH CITY,Elm St. 16,Bldg-96,Apt ۲,PC 3 0096,FAM-00382,2025-01-08
ORD-0002775,ACC-000795,SOUTH CITY,Elm St. 16,Bldg-96,Apt ۲,PC 3 0096,FAM-00382,2025-02-15
ORD-0002776,ACC-000795,SOUTH CITY,Elm St. 16,Bldg-96,Apt ۲,PC 3 0096,FAM-00382,2025-07-03
ORD-0002777,ACC-000796,South City,lm St 16,B ۹۶,۲,,FAM-00382,2025-10-18
ORD-0002778,ACC-000796,South City,lm St 16,B ۹۶,۲,,FAM-00382,2025-01-13
ORD-0002779,ACC-000796,South City,lm St 16,B ۹۶,۲,,FAM-00382,2025-01-20
ORD-0002780,ACC-000796,South City,lm St 16,B ۹۶,۲,,FAM-00382,2025-05-20
ORD-0002781,ACC-000796,South City,lm St 16,B ۹۶,۲,,FAM-00382,2025-07-06
ORD-0002782,ACC-000797,South City,Elm Street 16,Building 96,Unit 3,PC-3-0096,FAM-X-000797,2025-02-06
ORD-0002783,ACC-000797,South City,Elm Street 16,Building 96,Unit 3,PC-3-0096,FAM-X-000797,2025-09-09
ORD-0002784,ACC-000797,South City,Elm Street 16,Building 96,Unit 3,PC-3-0096,FAM-X-000797,2025-10-14
ORD-0002785,ACC-000798,South City,Elm Street 16,Building 96,Unit 4,PC-3-0096,FAM-X-000798,2025-06-29
ORD-0002786,ACC-000798,South City,Elm Street 16,Building 96,Unit 4,PC-3-0096,FAM-X-000798,2025-07-16
ORD-0002787,ACC-000798,South City,Elm Street 16,Building 96,Unit 4,PC-3-0096,FAM-X-000798,2025-05-01
ORD-0002788,ACC-000799,North City,Cedar Street 17,Building 97,Unit 1,PC-1-0097,FAM-X-000799,2025-01-14
ORD-0002789,ACC-000799,North City,Cedar Street 17,Building 97,Unit 1,PC-1-0097,FAM-X-000799,2025-01-26
ORD-0002790,ACC-000799,North City,Cedar Street 17,Building 97,Unit 1,PC-1-0097,FAM-X-000799,2025-09-05
ORD-0002791,ACC-000800,North City,Cedar Street 17,Building 97,Unit 1,PC-1-0097,FAM-00385,2025-08-21
ORD-0002792,ACC-000800,North City,Cedar Street 17,Building 97,Unit 1,PC-1-0097,FAM-00385,2025-04-13
ORD-0002793,ACC-000800,North City,Cedar Street 17,Building 97,Unit 1,PC-1-0097,FAM-00385,2025-07-12
ORD-0002794,ACC-000801,NORTH CITY,Cedar St. 17,Bldg-97,Apt ۲,PC 1 0097,FAM-X-000801,2025-01-12
ORD-0002795,ACC-000801,NORTH CITY,Cedar St. 17,Bldg-97,Apt ۲,PC 1 0097,FAM-X-000801,2025-04-01
ORD-0002796,ACC-000801,NORTH CITY,Cedar St. 17,Bldg-97,Apt ۲,PC 1 0097,FAM-X-000801,2025-09-18
ORD-0002797,ACC-000801,NORTH CITY,Cedar St. 17,Bldg-97,Apt ۲,PC 1 0097,FAM-X-000801,2025-01-08
ORD-0002798,ACC-000801,NORTH CITY,Cedar St. 17,Bldg-97,Apt ۲,PC 1 0097,FAM-X-000801,2025-12-28
ORD-0002799,ACC-000802,North City,Cear St 17,B ۹۷,۳,PC10097,FAM-00387,2025-10-16
ORD-0002800,ACC-000802,North City,Cear St 17,B ۹۷,۳,PC10097,FAM-00387,2025-02-16
ORD-0002801,ACC-000802,North City,Cear St 17,B ۹۷,۳,PC10097,FAM-00387,2025-07-22
ORD-0002802,ACC-000802,North City,Cear St 17,B ۹۷,۳,PC10097,FAM-00387,2025-05-07
ORD-0002803,ACC-000803,North City,Ceda St 17,B ۹۷,۳,PC10097,FAM-00387,2025-02-16
ORD-0002804,ACC-000803,North City,Ceda St 17,B ۹۷,۳,PC10097,FAM-00387,2025-11-18
ORD-0002805,ACC-000803,North City,Ceda St 17,B ۹۷,۳,PC10097,FAM-00387,2025-09-13
ORD-0002806,ACC-000803,North City,Ceda St 17,B ۹۷,۳,PC10097,FAM-00387,2025-05-07
ORD-0002807,ACC-000803,North City,Ceda St 17,B ۹۷,۳,PC10097,FAM-00387,2025-06-26
ORD-0002808,ACC-000804,North City,Cedar Street 17,Building 97,Unit 4,PC-1-0097,FAM-X-000804,2025-02-18
ORD-0002809,ACC-000804,North City,Cedar Street 17,Building 97,Unit 4,PC-1-0097,FAM-X-000804,2025-03-02
ORD-0002810,ACC-000804,North City,Cedar Street 17,Building 97,Unit 4,PC-1-0097,FAM-X-000804,2025-01-26
ORD-0002811,ACC-000804,North City,Cedar Street 17,Building 97,Unit 4,PC-1-0097,FAM-X-000804,2025-12-12
ORD-0002812,ACC-000804,North City,Cedar Street 17,Building 97,Unit 4,PC-1-0097,FAM-X-000804,2025-06-30
ORD-0002813,ACC-000805,North City,Cedar Street 17,Building 97,Unit 4,PC-1-0097,FAM-X-000805,2025-09-22
ORD-0002814,ACC-000805,North City,Cedar Street 17,Building 97,Unit 4,PC-1-0097,FAM-X-000805,2025-12-30
ORD-0002815,ACC-000805,North City,Cedar Street 17,Building 97,Unit 4,PC-1-0097,FAM-X-000805,2025-07-21
ORD-0002816,ACC-000806,North City,Cedar S 17,B ۹۷,۵,,FAM-X-000806,2025-02-05
ORD-0002817,ACC-000806,North City,Cedar S 17,B ۹۷,۵,,FAM-X-000806,2025-11-19
ORD-0002818,ACC-000806,North City,Cedar S 17,B ۹۷,۵,,FAM-X-000806,2025-09-03
ORD-0002819,ACC-000806,North City,Cedar S 17,B ۹۷,۵,,FAM-X-000806,2025-03-05
ORD-0002820,ACC-000807,North City,Cedar Street 17,Building 97,Unit 4,PC-1-0097,FAM-X-000807,2025-03-16
ORD-0002821,ACC-000807,North City,Cedar Street 17,Building 97,Unit 4,PC-1-0097,FAM-X-000807,2025-01-26
ORD-0002822,ACC-000807,North City,Cedar Street 17,Building 97,Unit 4,PC-1-0097,FAM-X-000807,2025-10-22
ORD-0002823,ACC-000807,North City,Cedar Street 17,Building 97,Unit 4,PC-1-0097,FAM-X-000807,2025-11-06
ORD-0002824,ACC-000808,CENTRAL CITY,Maple St. 17,Bldg-98,Apt ۱,PC 2 0098,FAM-X-000808,2025-03-26
ORD-0002825,ACC-000808,CENTRAL CITY,Maple St. 17,Bldg-98,Apt ۱,PC 2 0098,FAM-X-000808,2025-03-11
ORD-0002826,ACC-000809,Central City,Maple Street 17,Building 98,Unit 1,PC-2-0098,FAM-X-000809,2025-06-13
ORD-0002827,ACC-000809,Central City,Maple Street 17,Building 98,Unit 1,PC-2-0098,FAM-X-000809,2025-09-29
ORD-0002828,ACC-000809,Central City,Maple Street 17,Building 98,Unit 1,PC-2-0098,FAM-X-000809,2025-03-15
ORD-0002829,ACC-000809,Central City,Maple Street 17,Building 98,Unit 1,PC-2-0098,FAM-X-000809,2025-10-06
ORD-0002830,ACC-000810,CENTRAL CITY,Maple St. 17,Bldg-98,Apt ۲,PC 2 0098,FAM-X-000810,2025-04-06
ORD-0002831,ACC-000810,CENTRAL CITY,Maple St. 17,Bldg-98,Apt ۲,PC 2 0098,FAM-X-000810,2025-02-11
ORD-0002832,ACC-000810,CENTRAL CITY,Maple St. 17,Bldg-98,Apt ۲,PC 2 0098,FAM-X-000810,2025-07-24
ORD-0002833,ACC-000810,CENTRAL CITY,Maple St. 17,Bldg-98,Apt ۲,PC 2 0098,FAM-X-000810,2025-07-27
ORD-0002834,ACC-000811,CENTRAL CITY,Maple St. 17,Bldg-98,Apt ۳,PC 2 0098,FAM-X-000811,2025-01-26
ORD-0002835,ACC-000811,CENTRAL CITY,Maple St. 17,Bldg-98,Apt ۳,PC 2 0098,FAM-X-000811,2025-03-11
ORD-0002836,ACC-000811,CENTRAL CITY,Maple St. 17,Bldg-98,Apt ۳,PC 2 0098,FAM-X-000811,2025-12-23
ORD-0002837,ACC-000812,Central City,Maple Street 17,Building 98,Unit 4,PC-2-0098,FAM-00392,2025-02-25
ORD-0002838,ACC-000812,Central City,Maple Street 17,Building 98,Unit 4,PC-2-0098,FAM-00392,2025-10-28
ORD-0002839,ACC-000812,Central City,Maple Street 17,Building 98,Unit 4,PC-2-0098,FAM-00392,2025-03-21
ORD-0002840,ACC-000813,Central City,Maple S 17,B ۹۸,۴,,FAM-00392,2025-09-29
ORD-0002841,ACC-000813,Central City,Maple S 17,B ۹۸,۴,,FAM-00392,2025-12-23
ORD-0002842,ACC-000814,SOUTH CITY,Willow St. 17,Bldg-99,Apt ۱,PC 3 0099,FAM-X-000814,2025-10-10
ORD-0002843,ACC-000814,SOUTH CITY,Willow St. 17,Bldg-99,Apt ۱,PC 3 0099,FAM-X-000814,2025-09-16
ORD-0002844,ACC-000814,SOUTH CITY,Willow St. 17,Bldg-99,Apt ۱,PC 3 0099,FAM-X-000814,2025-01-25
ORD-0002845,ACC-000815,SOUTH CITY,Willow St. 17,Bldg-99,Apt ۲,PC 3 0099,FAM-X-000815,2025-11-13
ORD-0002846,ACC-000815,SOUTH CITY,Willow St. 17,Bldg-99,Apt ۲,PC 3 0099,FAM-X-000815,2025-06-18
ORD-0002847,ACC-000815,SOUTH CITY,Willow St. 17,Bldg-99,Apt ۲,PC 3 0099,FAM-X-000815,2025-07-16
ORD-0002848,ACC-000815,SOUTH CITY,Willow St. 17,Bldg-99,Apt ۲,PC 3 0099,FAM-X-000815,2025-08-17
ORD-0002849,ACC-000815,SOUTH CITY,Willow St. 17,Bldg-99,Apt ۲,PC 3 0099,FAM-X-000815,2025-08-28
ORD-0002850,ACC-000816,SOUTH CITY,Willow St. 17,Bldg-99,Apt ۳,PC 3 0099,FAM-X-000816,2025-07-05
ORD-0002851,ACC-000816,SOUTH CITY,Willow St. 17,Bldg-99,Apt ۳,PC 3 0099,FAM-X-000816,2025-07-12
ORD-0002852,ACC-000816,SOUTH CITY,Willow St. 17,Bldg-99,Apt ۳,PC 3 0099,FAM-X-000816,2025-09-20
ORD-0002853,ACC-000817,South City,Willow Street 17,Building 99,Unit 3,PC-3-0099,FAM-X-000817,2025-11-08
ORD-0002854,ACC-000817,South City,Willow Street 17,Building 99,Unit 3,PC-3-0099,FAM-X-000817,2025-04-24
ORD-0002855,ACC-000817,South City,Willow Street 17,Building 99,Unit 3,PC-3-0099,FAM-X-000817,2025-01-08
ORD-0002856,ACC-000818,South City,Willow Street 17,Building 99,Unit 3,PC-3-0099,FAM-X-000818,2025-10-20
ORD-0002857,ACC-000818,South City,Willow Street 17,Building 99,Unit 3,PC-3-0099,FAM-X-000818,2025-04-11
ORD-0002858,ACC-000818,South City,Willow Street 17,Building 99,Unit 3,PC-3-0099,FAM-X-000818,2025-05-05
ORD-0002859,ACC-000818,South City,Willow Street 17,Building 99,Unit 3,PC-3-0099,FAM-X-000818,2025-04-13
ORD-0002860,ACC-000819,SOUTH CITY,Willow St. 17,Bldg-99,Apt ۴,PC 3 0099,FAM-X-000819,2025-01-06
ORD-0002861,ACC-000819,SOUTH CITY,Willow St. 17,Bldg-99,Apt ۴,PC 3 0099,FAM-X-000819,2025-11-05
ORD-0002862,ACC-000820,North City,Oak Street 17,Building 100,Unit 1,PC-1-0100,FAM-X-000820,2025-06-19
ORD-0002863,ACC-000820,North City,Oak Street 17,Building 100,Unit 1,PC-1-0100,FAM-X-000820,2025-07-03
ORD-0002864,ACC-000820,North City,Oak Street 17,Building 100,Unit 1,PC-1-0100,FAM-X-000820,2025-12-16
ORD-0002865,ACC-000820,North City,Oak Street 17,Building 100,Unit 1,PC-1-0100,FAM-X-000820,2025-12-05
ORD-0002866,ACC-000821,North City,Oak Street 17,Building 100,Unit 2,PC-1-0100,FAM-X-000821,2025-07-06
ORD-0002867,ACC-000821,North City,Oak Street 17,Building 100,Unit 2,PC-1-0100,FAM-X-000821,2025-10-26
ORD-0002868,ACC-000821,North City,Oak Street 17,Building 100,Unit 2,PC-1-0100,FAM-X-000821,2025-12-06
ORD-0002869,ACC-000822,NORTH CITY,Oak St. 17,Bldg-100,Apt ۲,PC 1 0100,FAM-X-000822,2025-04-27
ORD-0002870,ACC-000822,NORTH CITY,Oak St. 17,Bldg-100,Apt ۲,PC 1 0100,FAM-X-000822,2025-06-04
ORD-0002871,ACC-000822,NORTH CITY,Oak St. 17,Bldg-100,Apt ۲,PC 1 0100,FAM-X-000822,2025-07-01
ORD-0002872,ACC-000822,NORTH CITY,Oak St. 17,Bldg-100,Apt ۲,PC 1 0100,FAM-X-000822,2025-10-25
ORD-0002873,ACC-000823,North City,Oa St 17,B ۱۰۰,۲,,FAM-X-000823,2025-02-16
ORD-0002874,ACC-000823,North City,Oa St 17,B ۱۰۰,۲,,FAM-X-000823,2025-10-22
ORD-0002875,ACC-000823,North City,Oa St 17,B ۱۰۰,۲,,FAM-X-000823,2025-09-14
ORD-0002876,ACC-000823,North City,Oa St 17,B ۱۰۰,۲,,FAM-X-000823,2025-11-11
ORD-0002877,ACC-000823,North City,Oa St 17,B ۱۰۰,۲,,FAM-X-000823,2025-02-03
ORD-0002878,ACC-000824,North City,Oak Street 17,Building 100,Unit 2,PC-1-0100,FAM-X-000824,2025-07-05
ORD-0002879,ACC-000824,North City,Oak Street 17,Building 100,Unit 2,PC-1-0100,FAM-X-000824,2025-05-28
ORD-0002880,ACC-000825,NORTH CITY,Oak St. 17,Bldg-100,Apt ۳,PC 1 0100,FAM-00399,2025-05-10
ORD-0002881,ACC-000825,NORTH CITY,Oak St. 17,Bldg-100,Apt ۳,PC 1 0100,FAM-00399,2025-02-16
ORD-0002882,ACC-000825,NORTH CITY,Oak St. 17,Bldg-100,Apt ۳,PC 1 0100,FAM-00399,2025-08-13
ORD-0002883,ACC-000825,NORTH CITY,Oak St. 17,Bldg-100,Apt ۳,PC 1 0100,FAM-00399,2025-10-13
ORD-0002884,ACC-000825,NORTH CITY,Oak St. 17,Bldg-100,Apt ۳,PC 1 0100,FAM-00399,2025-02-17
ORD-0002885,ACC-000826,North City,Oak S 17,B ۱۰۰,,,FAM-X-000826,2025-11-26
ORD-0002886,ACC-000826,North City,Oak S 17,B ۱۰۰,,,FAM-X-000826,2025-08-09
ORD-0002887,ACC-000826,North City,Oak S 17,B ۱۰۰,,,FAM-X-000826,2025-03-13
ORD-0002888,ACC-000826,North City,Oak S 17,B ۱۰۰,,,FAM-X-000826,2025-01-31
ORD-0002889,ACC-000826,North City,Oak S 17,B ۱۰۰,,,FAM-X-000826,2025-04-05
ORD-0002890,ACC-000827,North City,Oak Street 17,Building 100,Unit 3,PC-1-0100,FAM-00399,2025-07-09
ORD-0002891,ACC-000827,North City,Oak Street 17,Building 100,Unit 3,PC-1-0100,FAM-00399,2025-10-23
ORD-0002892,ACC-000828,NORTH CITY,Oak St. 17,Bldg-100,Apt ۴,PC 1 0100,FAM-X-000828,2025-08-04
ORD-0002893,ACC-000828,NORTH CITY,Oak St. 17,Bldg-100,Apt ۴,PC 1 0100,FAM-X-000828,2025-12-31
ORD-0002894,ACC-000829,CENTRAL CITY,Pine St. 17,Bldg-101,Apt ۱,PC 2 0101,FAM-X-000829,2025-04-27
ORD-0002895,ACC-000829,CENTRAL CITY,Pine St. 17,Bldg-101,Apt ۱,PC 2 0101,FAM-X-000829,2025-05-08
ORD-0002896,ACC-000829,CENTRAL CITY,Pine St. 17,Bldg-101,Apt ۱,PC 2 0101,FAM-X-000829,2025-09-23
ORD-0002897,ACC-000829,CENTRAL CITY,Pine St. 17,Bldg-101,Apt ۱,PC 2 0101,FAM-X-000829,2025-01-05
ORD-0002898,ACC-000830,Central City,Pine Street 17,Building 101,Unit 1,PC-2-0101,FAM-00401,2025-05-06
ORD-0002899,ACC-000830,Central City,Pine Street 17,Building 101,Unit 1,PC-2-0101,FAM-00401,2025-10-09
ORD-0002900,ACC-000831,Central City,Pine S 17,B ۱۰۱,۳,PC20101,FAM-00402,2025-08-15
ORD-0002901,ACC-000831,Central City,Pine S 17,B ۱۰۱,۳,PC20101,FAM-00402,2025-06-11
ORD-0002902,ACC-000831,Central City,Pine S 17,B ۱۰۱,۳,PC20101,FAM-00402,2025-12-08
ORD-0002903,ACC-000832,Central City,Pine t 17,B ۱۰۱,۲,PC20101,FAM-00402,2025-01-16
ORD-0002904,ACC-000832,Central City,Pine t 17,B ۱۰۱,۲,PC20101,FAM-00402,2025-08-14
ORD-0002905,ACC-000832,Central City,Pine t 17,B ۱۰۱,۲,PC20101,FAM-00402,2025-09-06
ORD-0002906,ACC-000833,CENTRAL CITY,Pine St. 17,Bldg-101,Apt ۳,PC 2 0101,FAM-X-000833,2025-04-28
ORD-0002907,ACC-000833,CENTRAL CITY,Pine St. 17,Bldg-101,Apt ۳,PC 2 0101,FAM-X-000833,2025-01-22
ORD-0002908,ACC-000834,Central City,Pin St 17,B ۱۰۱,,,FAM-X-000834,2025-11-16
ORD-0002909,ACC-000834,Central City,Pin St 17,B ۱۰۱,,,FAM-X-000834,2025-06-23
ORD-0002910,ACC-000834,Central City,Pin St 17,B ۱۰۱,,,FAM-X-000834,2025-01-10
ORD-0002911,ACC-000834,Central City,Pin St 17,B ۱۰۱,,,FAM-X-000834,2025-11-03
ORD-0002912,ACC-000834,Central City,Pin St 17,B ۱۰۱,,,FAM-X-000834,2025-09-05
ORD-0002913,ACC-000835,Central City,Pine Street 17,Building 101,Unit 4,PC-2-0101,FAM-X-000835,2025-12-15
ORD-0002914,ACC-000835,Central City,Pine Street 17,Building 101,Unit 4,PC-2-0101,FAM-X-000835,2025-01-10
ORD-0002915,ACC-000836,CENTRAL CITY,Pine St. 17,Bldg-101,Apt ۴,PC 2 0101,FAM-X-000836,2025-10-24
ORD-0002916,ACC-000836,CENTRAL CITY,Pine St. 17,Bldg-101,Apt ۴,PC 2 0101,FAM-X-000836,2025-11-23
ORD-0002917,ACC-000836,CENTRAL CITY,Pine St. 17,Bldg-101,Apt ۴,PC 2 0101,FAM-X-000836,2025-02-16
ORD-0002918,ACC-000836,CENTRAL CITY,Pine St. 17,Bldg-101,Apt ۴,PC 2 0101,FAM-X-000836,2025-01-07
ORD-0002919,ACC-000837,SOUTH CITY,Elm St. 17,Bldg-102,Apt ۱,PC 3 0102,FAM-X-000837,2025-12-29
ORD-0002920,ACC-000837,SOUTH CITY,Elm St. 17,Bldg-102,Apt ۱,PC 3 0102,FAM-X-000837,2025-10-07
ORD-0002921,ACC-000838,South City,El St 17,B ۱۰۲,۱,,FAM-00405,2025-09-11
ORD-0002922,ACC-000838,South City,El St 17,B ۱۰۲,۱,,FAM-00405,2025-08-28
ORD-0002923,ACC-000838,South City,El St 17,B ۱۰۲,۱,,FAM-00405,2025-08-02
ORD-0002924,ACC-000838,South City,El St 17,B ۱۰۲,۱,,FAM-00405,2025-01-19
ORD-0002925,ACC-000838,South City,El St 17,B ۱۰۲,۱,,FAM-00405,2025-06-29
ORD-0002926,ACC-000839,SOUTH CITY,Elm St. 17,Bldg-102,Apt ۲,PC 3 0102,FAM-X-000839,2025-09-13
ORD-0002927,ACC-000839,SOUTH CITY,Elm St. 17,Bldg-102,Apt ۲,PC 3 0102,FAM-X-000839,2025-06-27
ORD-0002928,ACC-000839,SOUTH CITY,Elm St. 17,Bldg-102,Apt ۲,PC 3 0102,FAM-X-000839,2025-08-17
ORD-0002929,ACC-000839,SOUTH CITY,Elm St. 17,Bldg-102,Apt ۲,PC 3 0102,FAM-X-000839,2025-09-28
ORD-0002930,ACC-000839,SOUTH CITY,Elm St. 17,Bldg-102,Apt ۲,PC 3 0102,FAM-X-000839,2025-09-17
ORD-0002931,ACC-000840,SOUTH CITY,Elm St. 17,Bldg-102,Apt ۲,PC 3 0102,FAM-X-000840,2025-12-06
ORD-0002932,ACC-000840,SOUTH CITY,Elm St. 17,Bldg-102,Apt ۲,PC 3 0102,FAM-X-000840,2025-08-29
ORD-0002933,ACC-000841,SOUTH CITY,Elm St. 17,Bldg-102,Apt ۳,PC 3 0102,FAM-X-000841,2025-02-13
ORD-0002934,ACC-000841,SOUTH CITY,Elm St. 17,Bldg-102,Apt ۳,PC 3 0102,FAM-X-000841,2025-05-21
ORD-0002935,ACC-000841,SOUTH CITY,Elm St. 17,Bldg-102,Apt ۳,PC 3 0102,FAM-X-000841,2025-06-23
ORD-0002936,ACC-000841,SOUTH CITY,Elm St. 17,Bldg-102,Apt ۳,PC 3 0102,FAM-X-000841,2025-10-12
ORD-0002937,ACC-000842,South City,Elm Street 17,Building 102,Unit 3,PC-3-0102,FAM-X-000842,2025-09-19
ORD-0002938,ACC-000842,South City,Elm Street 17,Building 102,Unit 3,PC-3-0102,FAM-X-000842,2025-06-07
ORD-0002939,ACC-000842,South City,Elm Street 17,Building 102,Unit 3,PC-3-0102,FAM-X-000842,2025-01-14
ORD-0002940,ACC-000842,South City,Elm Street 17,Building 102,Unit 3,PC-3-0102,FAM-X-000842,2025-04-14
ORD-0002941,ACC-000843,South City,Elm Street 17,Building 102,Unit 3,PC-3-0102,FAM-X-000843,2025-07-06
ORD-0002942,ACC-000843,South City,Elm Street 17,Building 102,Unit 3,PC-3-0102,FAM-X-000843,2025-01-31
ORD-0002943,ACC-000843,South City,Elm Street 17,Building 102,Unit 3,PC-3-0102,FAM-X-000843,2025-03-02
ORD-0002944,ACC-000844,SOUTH CITY,Elm St. 17,Bldg-102,Apt ۳,PC 3 0102,FAM-X-000844,2025-03-03
ORD-0002945,ACC-000844,SOUTH CITY,Elm St. 17,Bldg-102,Apt ۳,PC 3 0102,FAM-X-000844,2025-06-05
ORD-0002946,ACC-000845,South City,Elm Street 17,Building 102,Unit 3,PC-3-0102,FAM-X-000845,2025-09-22
ORD-0002947,ACC-000845,South City,Elm Street 17,Building 102,Unit 3,PC-3-0102,FAM-X-000845,2025-11-24
ORD-0002948,ACC-000845,South City,Elm Street 17,Building 102,Unit 3,PC-3-0102,FAM-X-000845,2025-03-24
ORD-0002949,ACC-000845,South City,Elm Street 17,Building 102,Unit 3,PC-3-0102,FAM-X-000845,2025-01-10
ORD-0002950,ACC-000846,SOUTH CITY,Elm St. 17,Bldg-102,Apt ۳,PC 3 0102,FAM-X-000846,2025-04-27
ORD-0002951,ACC-000846,SOUTH CITY,Elm St. 17,Bldg-102,Apt ۳,PC 3 0102,FAM-X-000846,2025-04-20
ORD-0002952,ACC-000846,SOUTH CITY,Elm St. 17,Bldg-102,Apt ۳,PC 3 0102,FAM-X-000846,2025-03-24
ORD-0002953,ACC-000846,SOUTH CITY,Elm St. 17,Bldg-102,Apt ۳,PC 3 0102,FAM-X-000846,2025-03-21
ORD-0002954,ACC-000846,SOUTH CITY,Elm St. 17,Bldg-102,Apt ۳,PC 3 0102,FAM-X-000846,2025-06-22
ORD-0002955,ACC-000847,SOUTH CITY,Elm St. 17,Bldg-102,Apt ۴,PC 3 0102,FAM-X-000847,2025-02-26
ORD-0002956,ACC-000847,SOUTH CITY,Elm St. 17,Bldg-102,Apt ۴,PC 3 0102,FAM-X-000847,2025-10-28
ORD-0002957,ACC-000847,SOUTH CITY,Elm St. 17,Bldg-102,Apt ۴,PC 3 0102,FAM-X-000847,2025-09-20
ORD-0002958,ACC-000847,SOUTH CITY,Elm St. 17,Bldg-102,Apt ۴,PC 3 0102,FAM-X-000847,2025-02-23
ORD-0002959,ACC-000848,South City,Elm Street 17,Building 102,Unit 4,PC-3-0102,FAM-X-000848,2025-02-14
ORD-0002960,ACC-000848,South City,Elm Street 17,Building 102,Unit 4,PC-3-0102,FAM-X-000848,2025-10-05
ORD-0002961,ACC-000848,South City,Elm Street 17,Building 102,Unit 4,PC-3-0102,FAM-X-000848,2025-04-07
ORD-0002962,ACC-000848,South City,Elm Street 17,Building 102,Unit 4,PC-3-0102,FAM-X-000848,2025-07-09
ORD-0002963,ACC-000849,SOUTH CITY,Elm St. 17,Bldg-102,Apt ۴,PC 3 0102,FAM-X-000849,2025-05-12
ORD-0002964,ACC-000849,SOUTH CITY,Elm St. 17,Bldg-102,Apt ۴,PC 3 0102,FAM-X-000849,2025-07-19
ORD-0002965,ACC-000850,NORTH CITY,Cedar St. 18,Bldg-103,Apt ۱,PC 1 0103,FAM-X-000850,2025-05-02
ORD-0002966,ACC-000850,NORTH CITY,Cedar St. 18,Bldg-103,Apt ۱,PC 1 0103,FAM-X-000850,2025-02-27
ORD-0002967,ACC-000850,NORTH CITY,Cedar St. 18,Bldg-103,Apt ۱,PC 1 0103,FAM-X-000850,2025-11-06
ORD-0002968,ACC-000851,North City,Cedar Street 18,Building 103,Unit 2,PC-1-0103,FAM-X-000851,2025-08-06
ORD-0002969,ACC-000851,North City,Cedar Street 18,Building 103,Unit 2,PC-1-0103,FAM-X-000851,2025-04-10
ORD-0002970,ACC-000851,North City,Cedar Street 18,Building 103,Unit 2,PC-1-0103,FAM-X-000851,2025-10-10
ORD-0002971,ACC-000851,North City,Cedar Street 18,Building 103,Unit 2,PC-1-0103,FAM-X-000851,2025-06-20
ORD-0002972,ACC-000851,North City,Cedar Street 18,Building 103,Unit 2,PC-1-0103,FAM-X-000851,2025-11-27
ORD-0002973,ACC-000852,North City,Ceda St 18,B ۱۰۳,۲,PC10103,FAM-X-000852,2025-03-01
ORD-0002974,ACC-000852,North City,Ceda St 18,B ۱۰۳,۲,PC10103,FAM-X-000852,2025-06-29
ORD-0002975,ACC-000852,North City,Ceda St 18,B ۱۰۳,۲,PC10103,FAM-X-000852,2025-05-16
ORD-0002976,ACC-000852,North City,Ceda St 18,B ۱۰۳,۲,PC10103,FAM-X-000852,2025-08-25
ORD-0002977,ACC-000852,North City,Ceda St 18,B ۱۰۳,۲,PC10103,FAM-X-000852,2025-01-20
ORD-0002978,ACC-000853,NORTH CITY,Cedar St. 18,Bldg-103,Apt ۲,PC 1 0103,FAM-X-000853,2025-02-24
ORD-0002979,ACC-000853,NORTH CITY,Cedar St. 18,Bldg-103,Apt ۲,PC 1 0103,FAM-X-000853,2025-08-18
ORD-0002980,ACC-000854,North City,Cedar Street 18,Building 103,Unit 3,PC-1-0103,FAM-00411,2025-09-05
ORD-0002981,ACC-000854,North City,Cedar Street 18,Building 103,Unit 3,PC-1-0103,FAM-00411,2025-07-06
ORD-0002982,ACC-000854,North City,Cedar Street 18,Building 103,Unit 3,PC-1-0103,FAM-00411,2025-04-15
ORD-0002983,ACC-000855,North City,Cedar Street 18,Building 103,Unit 3,PC-1-0103,FAM-00411,2025-03-29
ORD-0002984,ACC-000855,North City,Cedar Street 18,Building 103,Unit 3,PC-1-0103,FAM-00411,2025-03-25
ORD-0002985,ACC-000855,North City,Cedar Street 18,Building 103,Unit 3,PC-1-0103,FAM-00411,2025-05-10
ORD-0002986,ACC-000856,NORTH CITY,Cedar St. 18,Bldg-103,Apt ۳,PC 1 0103,FAM-00411,2025-07-27
ORD-0002987,ACC-000856,NORTH CITY,Cedar St. 18,Bldg-103,Apt ۳,PC 1 0103,FAM-00411,2025-02-20
ORD-0002988,ACC-000856,NORTH CITY,Cedar St. 18,Bldg-103,Apt ۳,PC 1 0103,FAM-00411,2025-02-22
ORD-0002989,ACC-000856,NORTH CITY,Cedar St. 18,Bldg-103,Apt ۳,PC 1 0103,FAM-00411,2025-03-28
ORD-0002990,ACC-000857,NORTH CITY,Cedar St. 18,Bldg-103,Apt ۴,PC 1 0103,FAM-X-000857,2025-11-26
ORD-0002991,ACC-000857,NORTH CITY,Cedar St. 18,Bldg-103,Apt ۴,PC 1 0103,FAM-X-000857,2025-10-20
ORD-0002992,ACC-000857,NORTH CITY,Cedar St. 18,Bldg-103,Apt ۴,PC 1 0103,FAM-X-000857,2025-10-31
ORD-0002993,ACC-000857,NORTH CITY,Cedar St. 18,Bldg-103,Apt ۴,PC 1 0103,FAM-X-000857,2025-02-06
ORD-0002994,ACC-000857,NORTH CITY,Cedar St. 18,Bldg-103,Apt ۴,PC 1 0103,FAM-X-000857,2025-05-16
ORD-0002995,ACC-000858,Central City,Male St 18,B ۱۰۴,۲,,FAM-00413,2025-04-11
ORD-0002996,ACC-000858,Central City,Male St 18,B ۱۰۴,۲,,FAM-00413,2025-04-25
ORD-0002997,ACC-000858,Central City,Male St 18,B ۱۰۴,۲,,FAM-00413,2025-02-25
ORD-0002998,ACC-000859,Central City,Maple S 18,B ۱۰۴,,,FAM-00413,2025-06-28
ORD-0002999,ACC-000859,Central City,Maple S 18,B ۱۰۴,,,FAM-00413,2025-04-14
ORD-0003000,ACC-000859,Central City,Maple S 18,B ۱۰۴,,,FAM-00413,2025-07-22
ORD-0003001,ACC-000860,Central City,Mapl St 18,B ۱۰۴,۲,PC20104,FAM-X-000860,2025-05-01
ORD-0003002,ACC-000860,Central City,Mapl St 18,B ۱۰۴,۲,PC20104,FAM-X-000860,2025-07-12
ORD-0003003,ACC-000860,Central City,Mapl St 18,B ۱۰۴,۲,PC20104,FAM-X-000860,2025-03-27
ORD-0003004,ACC-000860,Central City,Mapl St 18,B ۱۰۴,۲,PC20104,FAM-X-000860,2025-05-03
ORD-0003005,ACC-000861,CENTRAL CITY,Maple St. 18,Bldg-104,Apt ۳,PC 2 0104,FAM-X-000861,2025-01-17
ORD-0003006,ACC-000861,CENTRAL CITY,Maple St. 18,Bldg-104,Apt ۳,PC 2 0104,FAM-X-000861,2025-09-15
ORD-0003007,ACC-000861,CENTRAL CITY,Maple St. 18,Bldg-104,Apt ۳,PC 2 0104,FAM-X-000861,2025-10-28
ORD-0003008,ACC-000862,CENTRAL CITY,Maple St. 18,Bldg-104,Apt ۴,PC 2 0104,FAM-X-000862,2025-04-30
ORD-0003009,ACC-000862,CENTRAL CITY,Maple St. 18,Bldg-104,Apt ۴,PC 2 0104,FAM-X-000862,2025-03-18
ORD-0003010,ACC-000862,CENTRAL CITY,Maple St. 18,Bldg-104,Apt ۴,PC 2 0104,FAM-X-000862,2025-12-20
ORD-0003011,ACC-000863,South City,Willow Street 18,Building 105,Unit 1,PC-3-0105,FAM-X-000863,2025-03-02
ORD-0003012,ACC-000863,South City,Willow Street 18,Building 105,Unit 1,PC-3-0105,FAM-X-000863,2025-05-12
ORD-0003013,ACC-000863,South City,Willow Street 18,Building 105,Unit 1,PC-3-0105,FAM-X-000863,2025-08-29
ORD-0003014,ACC-000863,South City,Willow Street 18,Building 105,Unit 1,PC-3-0105,FAM-X-000863,2025-12-31
ORD-0003015,ACC-000864,South City,Willow S 18,B ۱۰۵,۳,,FAM-X-000864,2025-01-15
ORD-0003016,ACC-000864,South City,Willow S 18,B ۱۰۵,۳,,FAM-X-000864,2025-12-09
ORD-0003017,ACC-000865,South City,Willow Street 18,Building 105,Unit 3,PC-3-0105,FAM-X-000865,2025-06-04
ORD-0003018,ACC-000865,South City,Willow Street 18,Building 105,Unit 3,PC-3-0105,FAM-X-000865,2025-12-21
ORD-0003019,ACC-000865,South City,Willow Street 18,Building 105,Unit 3,PC-3-0105,FAM-X-000865,2025-06-13
ORD-0003020,ACC-000866,SOUTH CITY,Willow St. 18,Bldg-105,Apt ۳,PC 3 0105,FAM-00419,2025-09-18
ORD-0003021,ACC-000866,SOUTH CITY,Willow St. 18,Bldg-105,Apt ۳,PC 3 0105,FAM-00419,2025-03-30
ORD-0003022,ACC-000866,SOUTH CITY,Willow St. 18,Bldg-105,Apt ۳,PC 3 0105,FAM-00419,2025-05-26
ORD-0003023,ACC-000867,SOUTH CITY,Willow St. 18,Bldg-105,Apt ۴,PC 3 0105,FAM-X-000867,2025-03-07
ORD-0003024,ACC-000867,SOUTH CITY,Willow St. 18,Bldg-105,Apt ۴,PC 3 0105,FAM-X-000867,2025-02-10
ORD-0003025,ACC-000867,SOUTH CITY,Willow St. 18,Bldg-105,Apt ۴,PC 3 0105,FAM-X-000867,2025-10-07
ORD-0003026,ACC-000867,SOUTH CITY,Willow St. 18,Bldg-105,Apt ۴,PC 3 0105,FAM-X-000867,2025-04-16
ORD-0003027,ACC-000867,SOUTH CITY,Willow St. 18,Bldg-105,Apt ۴,PC 3 0105,FAM-X-000867,2025-10-07
ORD-0003028,ACC-000868,North City,Oa St 18,B ۱۰۶,,,FAM-X-000868,2025-05-11
ORD-0003029,ACC-000868,North City,Oa St 18,B ۱۰۶,,,FAM-X-000868,2025-12-30
ORD-0003030,ACC-000869,NORTH CITY,Oak St. 18,Bldg-106,Apt ۱,PC 1 0106,FAM-X-000869,2025-03-21
ORD-0003031,ACC-000869,NORTH CITY,Oak St. 18,Bldg-106,Apt ۱,PC 1 0106,FAM-X-000869,2025-11-09
ORD-0003032,ACC-000869,NORTH CITY,Oak St. 18,Bldg-106,Apt ۱,PC 1 0106,FAM-X-000869,2025-02-03
ORD-0003033,ACC-000870,NORTH CITY,Oak St. 18,Bldg-106,Apt ۲,PC 1 0106,FAM-X-000870,2025-10-09
ORD-0003034,ACC-000870,NORTH CITY,Oak St. 18,Bldg-106,Apt ۲,PC 1 0106,FAM-X-000870,2025-08-14
ORD-0003035,ACC-000870,NORTH CITY,Oak St. 18,Bldg-106,Apt ۲,PC 1 0106,FAM-X-000870,2025-10-15
ORD-0003036,ACC-000870,NORTH CITY,Oak St. 18,Bldg-106,Apt ۲,PC 1 0106,FAM-X-000870,2025-06-18
ORD-0003037,ACC-000870,NORTH CITY,Oak St. 18,Bldg-106,Apt ۲,PC 1 0106,FAM-X-000870,2025-01-03
ORD-0003038,ACC-000871,NORTH CITY,Oak St. 18,Bldg-106,Apt ۳,PC 1 0106,FAM-X-000871,2025-11-10
ORD-0003039,ACC-000871,NORTH CITY,Oak St. 18,Bldg-106,Apt ۳,PC 1 0106,FAM-X-000871,2025-03-10
ORD-0003040,ACC-000872,NORTH CITY,Oak St. 18,Bldg-106,Apt ۴,PC 1 0106,FAM-00424,2025-11-17
ORD-0003041,ACC-000872,NORTH CITY,Oak St. 18,Bldg-106,Apt ۴,PC 1 0106,FAM-00424,2025-12-22
ORD-0003042,ACC-000872,NORTH CITY,Oak St. 18,Bldg-106,Apt ۴,PC 1 0106,FAM-00424,2025-02-14
ORD-0003043,ACC-000872,NORTH CITY,Oak St. 18,Bldg-106,Apt ۴,PC 1 0106,FAM-00424,2025-08-04
ORD-0003044,ACC-000872,NORTH CITY,Oak St. 18,Bldg-106,Apt ۴,PC 1 0106,FAM-00424,2025-02-11
ORD-0003045,ACC-000873,NORTH CITY,Oak St. 18,Bldg-106,Apt ۴,PC 1 0106,FAM-00424,2025-04-19
ORD-0003046,ACC-000873,NORTH CITY,Oak St. 18,Bldg-106,Apt ۴,PC 1 0106,FAM-00424,2025-08-14
ORD-0003047,ACC-000873,NORTH CITY,Oak St. 18,Bldg-106,Apt ۴,PC 1 0106,FAM-00424,2025-10-06
ORD-0003048,ACC-000873,NORTH CITY,Oak St. 18,Bldg-106,Apt ۴,PC 1 0106,FAM-00424,2025-12-24
ORD-0003049,ACC-000873,NORTH CITY,Oak St. 18,Bldg-106,Apt ۴,PC 1 0106,FAM-00424,2025-03-31
ORD-0003050,ACC-000874,North City,Oak Street 18,Building 106,Unit 4,PC-1-0106,FAM-00424,2025-10-10
ORD-0003051,ACC-000874,North City,Oak Street 18,Building 106,Unit 4,PC-1-0106,FAM-00424,2025-12-05
ORD-0003052,ACC-000874,North City,Oak Street 18,Building 106,Unit 4,PC-1-0106,FAM-00424,2025-11-07
ORD-0003053,ACC-000874,North City,Oak Street 18,Building 106,Unit 4,PC-1-0106,FAM-00424,2025-05-30
ORD-0003054,ACC-000874,North City,Oak Street 18,Building 106,Unit 4,PC-1-0106,FAM-00424,2025-09-25
ORD-0003055,ACC-000875,CENTRAL CITY,Pine St. 18,Bldg-107,Apt ۱,PC 2 0107,FAM-X-000875,2025-03-27
ORD-0003056,ACC-000875,CENTRAL CITY,Pine St. 18,Bldg-107,Apt ۱,PC 2 0107,FAM-X-000875,2025-12-29
ORD-0003057,ACC-000875,CENTRAL CITY,Pine St. 18,Bldg-107,Apt ۱,PC 2 0107,FAM-X-000875,2025-07-21
ORD-0003058,ACC-000875,CENTRAL CITY,Pine St. 18,Bldg-107,Apt ۱,PC 2 0107,FAM-X-000875,2025-09-04
ORD-0003059,ACC-000875,CENTRAL CITY,Pine St. 18,Bldg-107,Apt ۱,PC 2 0107,FAM-X-000875,2025-10-09
ORD-0003060,ACC-000876,CENTRAL CITY,Pine St. 18,Bldg-107,Apt ۱,PC 2 0107,FAM-X-000876,2025-08-27
ORD-0003061,ACC-000876,CENTRAL CITY,Pine St. 18,Bldg-107,Apt ۱,PC 2 0107,FAM-X-000876,2025-11-09
ORD-0003062,ACC-000876,CENTRAL CITY,Pine St. 18,Bldg-107,Apt ۱,PC 2 0107,FAM-X-000876,2025-06-25
ORD-0003063,ACC-000876,CENTRAL CITY,Pine St. 18,Bldg-107,Apt ۱,PC 2 0107,FAM-X-000876,2025-07-03
ORD-0003064,ACC-000877,CENTRAL CITY,Pine St. 18,Bldg-107,Apt ۲,PC 2 0107,FAM-X-000877,2025-06-02
ORD-0003065,ACC-000877,CENTRAL CITY,Pine St. 18,Bldg-107,Apt ۲,PC 2 0107,FAM-X-000877,2025-11-12
ORD-0003066,ACC-000877,CENTRAL CITY,Pine St. 18,Bldg-107,Apt ۲,PC 2 0107,FAM-X-000877,2025-09-14
ORD-0003067,ACC-000877,CENTRAL CITY,Pine St. 18,Bldg-107,Apt ۲,PC 2 0107,FAM-X-000877,2025-02-21
ORD-0003068,ACC-000878,Central City,Pine Street 18,Building 107,Unit 3,PC-2-0107,FAM-X-000878,2025-01-11
ORD-0003069,ACC-000878,Central City,Pine Street 18,Building 107,Unit 3,PC-2-0107,FAM-X-000878,2025-05-31
ORD-0003070,ACC-000879,Central City,Pine Street 18,Building 107,Unit 4,PC-2-0107,FAM-X-000879,2025-03-17
ORD-0003071,ACC-000879,Central City,Pine Street 18,Building 107,Unit 4,PC-2-0107,FAM-X-000879,2025-04-03
ORD-0003072,ACC-000879,Central City,Pine Street 18,Building 107,Unit 4,PC-2-0107,FAM-X-000879,2025-02-16
ORD-0003073,ACC-000879,Central City,Pine Street 18,Building 107,Unit 4,PC-2-0107,FAM-X-000879,2025-09-22
ORD-0003074,ACC-000879,Central City,Pine Street 18,Building 107,Unit 4,PC-2-0107,FAM-X-000879,2025-06-18
ORD-0003075,ACC-000880,Central City,Pine Street 18,Building 107,Unit 4,PC-2-0107,FAM-00428,2025-03-27
ORD-0003076,ACC-000880,Central City,Pine Street 18,Building 107,Unit 4,PC-2-0107,FAM-00428,2025-01-01
ORD-0003077,ACC-000880,Central City,Pine Street 18,Building 107,Unit 4,PC-2-0107,FAM-00428,2025-06-22
ORD-0003078,ACC-000881,SOUTH CITY,Elm St. 18,Bldg-108,Apt ۱,PC 3 0108,FAM-X-000881,2025-11-11
ORD-0003079,ACC-000881,SOUTH CITY,Elm St. 18,Bldg-108,Apt ۱,PC 3 0108,FAM-X-000881,2025-10-08
ORD-0003080,ACC-000881,SOUTH CITY,Elm St. 18,Bldg-108,Apt ۱,PC 3 0108,FAM-X-000881,2025-07-09
ORD-0003081,ACC-000881,SOUTH CITY,Elm St. 18,Bldg-108,Apt ۱,PC 3 0108,FAM-X-000881,2025-09-22
ORD-0003082,ACC-000882,SOUTH CITY,Elm St. 18,Bldg-108,Apt ۲,PC 3 0108,FAM-X-000882,2025-12-28
ORD-0003083,ACC-000882,SOUTH CITY,Elm St. 18,Bldg-108,Apt ۲,PC 3 0108,FAM-X-000882,2025-12-31
ORD-0003084,ACC-000882,SOUTH CITY,Elm St. 18,Bldg-108,Apt ۲,PC 3 0108,FAM-X-000882,2025-03-30
ORD-0003085,ACC-000882,SOUTH CITY,Elm St. 18,Bldg-108,Apt ۲,PC 3 0108,FAM-X-000882,2025-01-04
ORD-0003086,ACC-000883,SOUTH CITY,Elm St. 18,Bldg-108,Apt ۳,PC 3 0108,FAM-00431,2025-03-19
ORD-0003087,ACC-000883,SOUTH CITY,Elm St. 18,Bldg-108,Apt ۳,PC 3 0108,FAM-00431,2025-01-14
ORD-0003088,ACC-000883,SOUTH CITY,Elm St. 18,Bldg-108,Apt ۳,PC 3 0108,FAM-00431,2025-08-20
ORD-0003089,ACC-000884,SOUTH CITY,Elm St. 18,Bldg-108,Apt ۳,PC 3 0108,FAM-00431,2025-02-01
ORD-0003090,ACC-000884,SOUTH CITY,Elm St. 18,Bldg-108,Apt ۳,PC 3 0108,FAM-00431,2025-11-16
ORD-0003091,ACC-000884,SOUTH CITY,Elm St. 18,Bldg-108,Apt ۳,PC 3 0108,FAM-00431,2025-10-29
ORD-0003092,ACC-000884,SOUTH CITY,Elm St. 18,Bldg-108,Apt ۳,PC 3 0108,FAM-00431,2025-03-01
ORD-0003093,ACC-000885,SOUTH CITY,Elm St. 18,Bldg-108,Apt ۳,PC 3 0108,FAM-X-000885,2025-03-11
ORD-0003094,ACC-000885,SOUTH CITY,Elm St. 18,Bldg-108,Apt ۳,PC 3 0108,FAM-X-000885,2025-04-23
ORD-0003095,ACC-000885,SOUTH CITY,Elm St. 18,Bldg-108,Apt ۳,PC 3 0108,FAM-X-000885,2025-10-27
ORD-0003096,ACC-000885,SOUTH CITY,Elm St. 18,Bldg-108,Apt ۳,PC 3 0108,FAM-X-000885,2025-12-01
ORD-0003097,ACC-000885,SOUTH CITY,Elm St. 18,Bldg-108,Apt ۳,PC 3 0108,FAM-X-000885,2025-01-29
ORD-0003098,ACC-000886,SOUTH CITY,Elm St. 18,Bldg-108,Apt ۴,PC 3 0108,FAM-00432,2025-11-07
ORD-0003099,ACC-000886,SOUTH CITY,Elm St. 18,Bldg-108,Apt ۴,PC 3 0108,FAM-00432,2025-09-29
ORD-0003100,ACC-000886,SOUTH CITY,Elm St. 18,Bldg-108,Apt ۴,PC 3 0108,FAM-00432,2025-12-25
ORD-0003101,ACC-000886,SOUTH CITY,Elm St. 18,Bldg-108,Apt ۴,PC 3 0108,FAM-00432,2025-09-04
ORD-0003102,ACC-000886,SOUTH CITY,Elm St. 18,Bldg-108,Apt ۴,PC 3 0108,FAM-00432,2025-09-03
ORD-0003103,ACC-000887,SOUTH CITY,Elm St. 18,Bldg-108,Apt ۴,PC 3 0108,FAM-00432,2025-11-30
ORD-0003104,ACC-000887,SOUTH CITY,Elm St. 18,Bldg-108,Apt ۴,PC 3 0108,FAM-00432,2025-01-27
ORD-0003105,ACC-000887,SOUTH CITY,Elm St. 18,Bldg-108,Apt ۴,PC 3 0108,FAM-00432,2025-08-23
ORD-0003106,ACC-000888,NORTH CITY,Cedar St. 19,Bldg-109,Apt ۱,PC 1 0109,FAM-00433,2025-03-15
ORD-0003107,ACC-000888,NORTH CITY,Cedar St. 19,Bldg-109,Apt ۱,PC 1 0109,FAM-00433,2025-05-28
ORD-0003108,ACC-000889,North City,Cdar St 19,B ۱۰۹,۱,,FAM-00433,2025-05-26
ORD-0003109,ACC-000889,North City,Cdar St 19,B ۱۰۹,۱,,FAM-00433,2025-06-15
ORD-0003110,ACC-000890,North City,Ceda St 19,B ۱۰۹,۱,PC10109,FAM-00433,2025-04-28
ORD-0003111,ACC-000890,North City,Ceda St 19,B ۱۰۹,۱,PC10109,FAM-00433,2025-12-09
ORD-0003112,ACC-000890,North City,Ceda St 19,B ۱۰۹,۱,PC10109,FAM-00433,2025-11-09
ORD-0003113,ACC-000890,North City,Ceda St 19,B ۱۰۹,۱,PC10109,FAM-00433,2025-11-23
ORD-0003114,ACC-000891,North City,Cedar Street 19,Building 109,Unit 1,PC-1-0109,FAM-X-000891,2025-02-25
ORD-0003115,ACC-000891,North City,Cedar Street 19,Building 109,Unit 1,PC-1-0109,FAM-X-000891,2025-11-12
ORD-0003116,ACC-000892,NORTH CITY,Cedar St. 19,Bldg-109,Apt ۲,PC 1 0109,FAM-X-000892,2025-06-20
ORD-0003117,ACC-000892,NORTH CITY,Cedar St. 19,Bldg-109,Apt ۲,PC 1 0109,FAM-X-000892,2025-10-23
ORD-0003118,ACC-000892,NORTH CITY,Cedar St. 19,Bldg-109,Apt ۲,PC 1 0109,FAM-X-000892,2025-04-28
ORD-0003119,ACC-000892,NORTH CITY,Cedar St. 19,Bldg-109,Apt ۲,PC 1 0109,FAM-X-000892,2025-07-21
ORD-0003120,ACC-000893,NORTH CITY,Cedar St. 19,Bldg-109,Apt ۳,PC 1 0109,FAM-X-000893,2025-07-23
ORD-0003121,ACC-000893,NORTH CITY,Cedar St. 19,Bldg-109,Apt ۳,PC 1 0109,FAM-X-000893,2025-06-13
ORD-0003122,ACC-000893,NORTH CITY,Cedar St. 19,Bldg-109,Apt ۳,PC 1 0109,FAM-X-000893,2025-08-23
ORD-0003123,ACC-000894,North City,Cedr St 19,B ۱۰۹,۴,PC10109,FAM-X-000894,2025-02-09
ORD-0003124,ACC-000894,North City,Cedr St 19,B ۱۰۹,۴,PC10109,FAM-X-000894,2025-08-20
ORD-0003125,ACC-000894,North City,Cedr St 19,B ۱۰۹,۴,PC10109,FAM-X-000894,2025-08-16
ORD-0003126,ACC-000894,North City,Cedr St 19,B ۱۰۹,۴,PC10109,FAM-X-000894,2025-04-12
ORD-0003127,ACC-000895,Central City,Maple Street 19,Building 110,Unit 1,PC-2-0110,FAM-X-000895,2025-03-07
ORD-0003128,ACC-000895,Central City,Maple Street 19,Building 110,Unit 1,PC-2-0110,FAM-X-000895,2025-04-07
ORD-0003129,ACC-000895,Central City,Maple Street 19,Building 110,Unit 1,PC-2-0110,FAM-X-000895,2025-05-14
ORD-0003130,ACC-000895,Central City,Maple Street 19,Building 110,Unit 1,PC-2-0110,FAM-X-000895,2025-04-10
ORD-0003131,ACC-000895,Central City,Maple Street 19,Building 110,Unit 1,PC-2-0110,FAM-X-000895,2025-02-25
ORD-0003132,ACC-000896,Central City,Maple Street 19,Building 110,Unit 2,PC-2-0110,FAM-X-000896,2025-09-14
ORD-0003133,ACC-000896,Central City,Maple Street 19,Building 110,Unit 2,PC-2-0110,FAM-X-000896,2025-08-25
ORD-0003134,ACC-000896,Central City,Maple Street 19,Building 110,Unit 2,PC-2-0110,FAM-X-000896,2025-12-17
ORD-0003135,ACC-000897,CENTRAL CITY,Maple St. 19,Bldg-110,Apt ۳,PC 2 0110,FAM-X-000897,2025-03-04
ORD-0003136,ACC-000897,CENTRAL CITY,Maple St. 19,Bldg-110,Apt ۳,PC 2 0110,FAM-X-000897,2025-03-06
ORD-0003137,ACC-000898,Central City,Maple Street 19,Building 110,Unit 4,PC-2-0110,FAM-X-000898,2025-01-01
ORD-0003138,ACC-000898,Central City,Maple Street 19,Building 110,Unit 4,PC-2-0110,FAM-X-000898,2025-01-06
ORD-0003139,ACC-000899,South City,Willow Street 19,Building 111,Unit 1,PC-3-0111,FAM-X-000899,2025-07-28
ORD-0003140,ACC-000899,South City,Willow Street 19,Building 111,Unit 1,PC-3-0111,FAM-X-000899,2025-12-30
ORD-0003141,ACC-000899,South City,Willow Street 19,Building 111,Unit 1,PC-3-0111,FAM-X-000899,2025-09-10
ORD-0003142,ACC-000900,SOUTH CITY,Willow St. 19,Bldg-111,Apt ۲,PC 3 0111,FAM-X-000900,2025-11-06
ORD-0003143,ACC-000900,SOUTH CITY,Willow St. 19,Bldg-111,Apt ۲,PC 3 0111,FAM-X-000900,2025-06-19
ORD-0003144,ACC-000900,SOUTH CITY,Willow St. 19,Bldg-111,Apt ۲,PC 3 0111,FAM-X-000900,2025-03-15
ORD-0003145,ACC-000900,SOUTH CITY,Willow St. 19,Bldg-111,Apt ۲,PC 3 0111,FAM-X-000900,2025-11-05
ORD-0003146,ACC-000900,SOUTH CITY,Willow St. 19,Bldg-111,Apt ۲,PC 3 0111,FAM-X-000900,2025-07-20
ORD-0003147,ACC-000901,South City,Willow Street 19,Building 111,Unit 3,PC-3-0111,FAM-X-000901,2025-08-31
ORD-0003148,ACC-000901,South City,Willow Street 19,Building 111,Unit 3,PC-3-0111,FAM-X-000901,2025-06-02
ORD-0003149,ACC-000901,South City,Willow Street 19,Building 111,Unit 3,PC-3-0111,FAM-X-000901,2025-10-16
ORD-0003150,ACC-000901,South City,Willow Street 19,Building 111,Unit 3,PC-3-0111,FAM-X-000901,2025-11-14
ORD-0003151,ACC-000901,South City,Willow Street 19,Building 111,Unit 3,PC-3-0111,FAM-X-000901,2025-05-29
ORD-0003152,ACC-000902,SOUTH CITY,Willow St. 19,Bldg-111,Apt ۴,PC 3 0111,FAM-X-000902,2025-06-14
ORD-0003153,ACC-000902,SOUTH CITY,Willow St. 19,Bldg-111,Apt ۴,PC 3 0111,FAM-X-000902,2025-02-26
ORD-0003154,ACC-000902,SOUTH CITY,Willow St. 19,Bldg-111,Apt ۴,PC 3 0111,FAM-X-000902,2025-04-16
ORD-0003155,ACC-000902,SOUTH CITY,Willow St. 19,Bldg-111,Apt ۴,PC 3 0111,FAM-X-000902,2025-09-08
ORD-0003156,ACC-000902,SOUTH CITY,Willow St. 19,Bldg-111,Apt ۴,PC 3 0111,FAM-X-000902,2025-10-27
ORD-0003157,ACC-000903,NORTH CITY,Oak St. 19,Bldg-112,Apt ۱,PC 1 0112,FAM-00445,2025-08-23
ORD-0003158,ACC-000903,NORTH CITY,Oak St. 19,Bldg-112,Apt ۱,PC 1 0112,FAM-00445,2025-10-23
ORD-0003159,ACC-000903,NORTH CITY,Oak St. 19,Bldg-112,Apt ۱,PC 1 0112,FAM-00445,2025-12-09
ORD-0003160,ACC-000903,NORTH CITY,Oak St. 19,Bldg-112,Apt ۱,PC 1 0112,FAM-00445,2025-05-05
ORD-0003161,ACC-000903,NORTH CITY,Oak St. 19,Bldg-112,Apt ۱,PC 1 0112,FAM-00445,2025-05-23
ORD-0003162,ACC-000904,North City,Oak Street 19,Building 112,Unit 1,PC-1-0112,FAM-00445,2025-06-13
ORD-0003163,ACC-000904,North City,Oak Street 19,Building 112,Unit 1,PC-1-0112,FAM-00445,2025-04-22
ORD-0003164,ACC-000904,North City,Oak Street 19,Building 112,Unit 1,PC-1-0112,FAM-00445,2025-12-29
ORD-0003165,ACC-000904,North City,Oak Street 19,Building 112,Unit 1,PC-1-0112,FAM-00445,2025-01-13
ORD-0003166,ACC-000904,North City,Oak Street 19,Building 112,Unit 1,PC-1-0112,FAM-00445,2025-11-09
ORD-0003167,ACC-000905,North City,Oak Street 19,Building 112,Unit 2,PC-1-0112,FAM-00446,2025-09-14
ORD-0003168,ACC-000905,North City,Oak Street 19,Building 112,Unit 2,PC-1-0112,FAM-00446,2025-01-29
ORD-0003169,ACC-000905,North City,Oak Street 19,Building 112,Unit 2,PC-1-0112,FAM-00446,2025-10-15
ORD-0003170,ACC-000906,North City,Oak S 19,B ۱۱۲,,PC10112,FAM-00446,2025-12-30
ORD-0003171,ACC-000906,North City,Oak S 19,B ۱۱۲,,PC10112,FAM-00446,2025-05-01
ORD-0003172,ACC-000906,North City,Oak S 19,B ۱۱۲,,PC10112,FAM-00446,2025-05-07
ORD-0003173,ACC-000906,North City,Oak S 19,B ۱۱۲,,PC10112,FAM-00446,2025-01-09
ORD-0003174,ACC-000906,North City,Oak S 19,B ۱۱۲,,PC10112,FAM-00446,2025-04-15
ORD-0003175,ACC-000907,NORTH CITY,Oak St. 19,Bldg-112,Apt ۳,PC 1 0112,FAM-X-000907,2025-06-22
ORD-0003176,ACC-000907,NORTH CITY,Oak St. 19,Bldg-112,Apt ۳,PC 1 0112,FAM-X-000907,2025-09-24
ORD-0003177,ACC-000908,NORTH CITY,Oak St. 19,Bldg-112,Apt ۳,PC 1 0112,FAM-X-000908,2025-10-18
ORD-0003178,ACC-000908,NORTH CITY,Oak St. 19,Bldg-112,Apt ۳,PC 1 0112,FAM-X-000908,2025-11-08
ORD-0003179,ACC-000909,NORTH CITY,Oak St. 19,Bldg-112,Apt ۴,PC 1 0112,FAM-X-000909,2025-05-27
ORD-0003180,ACC-000909,NORTH CITY,Oak St. 19,Bldg-112,Apt ۴,PC 1 0112,FAM-X-000909,2025-03-03
ORD-0003181,ACC-000909,NORTH CITY,Oak St. 19,Bldg-112,Apt ۴,PC 1 0112,FAM-X-000909,2025-06-24
ORD-0003182,ACC-000910,Central City,Pine t 19,B ۱۱۳,۱,,FAM-X-000910,2025-04-05
ORD-0003183,ACC-000910,Central City,Pine t 19,B ۱۱۳,۱,,FAM-X-000910,2025-02-18
ORD-0003184,ACC-000910,Central City,Pine t 19,B ۱۱۳,۱,,FAM-X-000910,2025-11-04
ORD-0003185,ACC-000911,Central City,Pine Street 19,Building 113,Unit 1,PC-2-0113,FAM-X-000911,2025-07-02
ORD-0003186,ACC-000911,Central City,Pine Street 19,Building 113,Unit 1,PC-2-0113,FAM-X-000911,2025-06-06
ORD-0003187,ACC-000911,Central City,Pine Street 19,Building 113,Unit 1,PC-2-0113,FAM-X-000911,2025-06-10
ORD-0003188,ACC-000912,Central City,Pne St 19,B ۱۱۳,۳,,FAM-X-000912,2025-11-25
ORD-0003189,ACC-000912,Central City,Pne St 19,B ۱۱۳,۳,,FAM-X-000912,2025-06-10
ORD-0003190,ACC-000912,Central City,Pne St 19,B ۱۱۳,۳,,FAM-X-000912,2025-07-26
ORD-0003191,ACC-000913,CENTRAL CITY,Pine St. 19,Bldg-113,Apt ۳,PC 2 0113,FAM-X-000913,2025-08-04
ORD-0003192,ACC-000913,CENTRAL CITY,Pine St. 19,Bldg-113,Apt ۳,PC 2 0113,FAM-X-000913,2025-01-22
ORD-0003193,ACC-000913,CENTRAL CITY,Pine St. 19,Bldg-113,Apt ۳,PC 2 0113,FAM-X-000913,2025-07-04
ORD-0003194,ACC-000914,CENTRAL CITY,Pine St. 19,Bldg-113,Apt ۴,PC 2 0113,FAM-X-000914,2025-07-18
ORD-0003195,ACC-000914,CENTRAL CITY,Pine St. 19,Bldg-113,Apt ۴,PC 2 0113,FAM-X-000914,2025-09-30
ORD-0003196,ACC-000915,SOUTH CITY,Elm St. 19,Bldg-114,Apt ۱,PC 3 0114,FAM-00453,2025-04-02
ORD-0003197,ACC-000915,SOUTH CITY,Elm St. 19,Bldg-114,Apt ۱,PC 3 0114,FAM-00453,2025-04-05
ORD-0003198,ACC-000915,SOUTH CITY,Elm St. 19,Bldg-114,Apt ۱,PC 3 0114,FAM-00453,2025-01-22
ORD-0003199,ACC-000916,SOUTH CITY,Elm St. 19,Bldg-114,Apt ۱,PC 3 0114,FAM-00453,2025-05-28
ORD-0003200,ACC-000916,SOUTH CITY,Elm St. 19,Bldg-114,Apt ۱,PC 3 0114,FAM-00453,2025-12-01
ORD-0003201,ACC-000916,SOUTH CITY,Elm St. 19,Bldg-114,Apt ۱,PC 3 0114,FAM-00453,2025-02-15
ORD-0003202,ACC-000916,SOUTH CITY,Elm St. 19,Bldg-114,Apt ۱,PC 3 0114,FAM-00453,2025-05-06
ORD-0003203,ACC-000917,South City,Elm t 19,B ۱۱۴,۲,,FAM-X-000917,2025-05-07
ORD-0003204,ACC-000917,South City,Elm t 19,B ۱۱۴,۲,,FAM-X-000917,2025-02-17
ORD-0003205,ACC-000917,South City,Elm t 19,B ۱۱۴,۲,,FAM-X-000917,2025-04-17
ORD-0003206,ACC-000917,South City,Elm t 19,B ۱۱۴,۲,,FAM-X-000917,2025-08-21
ORD-0003207,ACC-000918,South City,Elm Street 19,Building 114,Unit 3,PC-3-0114,FAM-X-000918,2025-10-12
ORD-0003208,ACC-000918,South City,Elm Street 19,Building 114,Unit 3,PC-3-0114,FAM-X-000918,2025-05-14
ORD-0003209,ACC-000918,South City,Elm Street 19,Building 114,Unit 3,PC-3-0114,FAM-X-000918,2025-04-15
ORD-0003210,ACC-000919,South City,Elm Street 19,Building 114,Unit 4,PC-3-0114,FAM-X-000919,2025-06-11
ORD-0003211,ACC-000919,South City,Elm Street 19,Building 114,Unit 4,PC-3-0114,FAM-X-000919,2025-08-01
ORD-0003212,ACC-000919,South City,Elm Street 19,Building 114,Unit 4,PC-3-0114,FAM-X-000919,2025-08-14
ORD-0003213,ACC-000919,South City,Elm Street 19,Building 114,Unit 4,PC-3-0114,FAM-X-000919,2025-05-25
ORD-0003214,ACC-000920,North City,Cedar Street 20,Building 115,Unit 1,PC-1-0115,FAM-X-000920,2025-04-01
ORD-0003215,ACC-000920,North City,Cedar Street 20,Building 115,Unit 1,PC-1-0115,FAM-X-000920,2025-07-13
ORD-0003216,ACC-000920,North City,Cedar Street 20,Building 115,Unit 1,PC-1-0115,FAM-X-000920,2025-01-11
ORD-0003217,ACC-000920,North City,Cedar Street 20,Building 115,Unit 1,PC-1-0115,FAM-X-000920,2025-05-13
ORD-0003218,ACC-000920,North City,Cedar Street 20,Building 115,Unit 1,PC-1-0115,FAM-X-000920,2025-03-13
ORD-0003219,ACC-000921,NORTH CITY,Cedar St. 20,Bldg-115,Apt ۲,PC 1 0115,FAM-X-000921,2025-05-28
ORD-0003220,ACC-000921,NORTH CITY,Cedar St. 20,Bldg-115,Apt ۲,PC 1 0115,FAM-X-000921,2025-01-24
ORD-0003221,ACC-000921,NORTH CITY,Cedar St. 20,Bldg-115,Apt ۲,PC 1 0115,FAM-X-000921,2025-12-01
ORD-0003222,ACC-000922,NORTH CITY,Cedar St. 20,Bldg-115,Apt ۲,PC 1 0115,FAM-00458,2025-06-25
ORD-0003223,ACC-000922,NORTH CITY,Cedar St. 20,Bldg-115,Apt ۲,PC 1 0115,FAM-00458,2025-12-03
ORD-0003224,ACC-000922,NORTH CITY,Cedar St. 20,Bldg-115,Apt ۲,PC 1 0115,FAM-00458,2025-10-30
ORD-0003225,ACC-000922,NORTH CITY,Cedar St. 20,Bldg-115,Apt ۲,PC 1 0115,FAM-00458,2025-07-05
ORD-0003226,ACC-000922,NORTH CITY,Cedar St. 20,Bldg-115,Apt ۲,PC 1 0115,FAM-00458,2025-02-28
ORD-0003227,ACC-000923,North City,Cedar Street 20,Building 115,Unit 2,PC-1-0115,FAM-00458,2025-02-01
ORD-0003228,ACC-000923,North City,Cedar Street 20,Building 115,Unit 2,PC-1-0115,FAM-00458,2025-07-27
ORD-0003229,ACC-000923,North City,Cedar Street 20,Building 115,Unit 2,PC-1-0115,FAM-00458,2025-09-27
ORD-0003230,ACC-000924,NORTH CITY,Cedar St. 20,Bldg-115,Apt ۲,PC 1 0115,FAM-00458,2025-04-05
ORD-0003231,ACC-000924,NORTH CITY,Cedar St. 20,Bldg-115,Apt ۲,PC 1 0115,FAM-00458,2025-05-26
ORD-0003232,ACC-000925,NORTH CITY,Cedar St. 20,Bldg-115,Apt ۳,PC 1 0115,FAM-X-000925,2025-01-03
ORD-0003233,ACC-000925,NORTH CITY,Cedar St. 20,Bldg-115,Apt ۳,PC 1 0115,FAM-X-000925,2025-10-15
ORD-0003234,ACC-000925,NORTH CITY,Cedar St. 20,Bldg-115,Apt ۳,PC 1 0115,FAM-X-000925,2025-01-28
ORD-0003235,ACC-000925,NORTH CITY,Cedar St. 20,Bldg-115,Apt ۳,PC 1 0115,FAM-X-000925,2025-06-28
ORD-0003236,ACC-000925,NORTH CITY,Cedar St. 20,Bldg-115,Apt ۳,PC 1 0115,FAM-X-000925,2025-06-07
ORD-0003237,ACC-000926,North City,Cedar Street 20,Building 115,Unit 4,PC-1-0115,FAM-X-000926,2025-08-28
ORD-0003238,ACC-000926,North City,Cedar Street 20,Building 115,Unit 4,PC-1-0115,FAM-X-000926,2025-07-21
ORD-0003239,ACC-000926,North City,Cedar Street 20,Building 115,Unit 4,PC-1-0115,FAM-X-000926,2025-04-23
ORD-0003240,ACC-000926,North City,Cedar Street 20,Building 115,Unit 4,PC-1-0115,FAM-X-000926,2025-08-27
ORD-0003241,ACC-000926,North City,Cedar Street 20,Building 115,Unit 4,PC-1-0115,FAM-X-000926,2025-12-31
ORD-0003242,ACC-000927,Central City,Mple St 20,B ۱۱۶,۱,PC20116,FAM-00461,2025-02-19
ORD-0003243,ACC-000927,Central City,Mple St 20,B ۱۱۶,۱,PC20116,FAM-00461,2025-09-07
ORD-0003244,ACC-000927,Central City,Mple St 20,B ۱۱۶,۱,PC20116,FAM-00461,2025-06-15
ORD-0003245,ACC-000928,Central City,Maple Street 20,Building 116,Unit 1,PC-2-0116,FAM-00461,2025-12-06
ORD-0003246,ACC-000928,Central City,Maple Street 20,Building 116,Unit 1,PC-2-0116,FAM-00461,2025-12-15
ORD-0003247,ACC-000928,Central City,Maple Street 20,Building 116,Unit 1,PC-2-0116,FAM-00461,2025-07-03
ORD-0003248,ACC-000929,Central City,Maple Street 20,Building 116,Unit 1,PC-2-0116,FAM-00461,2025-06-12
ORD-0003249,ACC-000929,Central City,Maple Street 20,Building 116,Unit 1,PC-2-0116,FAM-00461,2025-06-24
ORD-0003250,ACC-000929,Central City,Maple Street 20,Building 116,Unit 1,PC-2-0116,FAM-00461,2025-09-05
ORD-0003251,ACC-000930,CENTRAL CITY,Maple St. 20,Bldg-116,Apt ۱,PC 2 0116,FAM-00461,2025-02-27
ORD-0003252,ACC-000930,CENTRAL CITY,Maple St. 20,Bldg-116,Apt ۱,PC 2 0116,FAM-00461,2025-03-18
ORD-0003253,ACC-000930,CENTRAL CITY,Maple St. 20,Bldg-116,Apt ۱,PC 2 0116,FAM-00461,2025-06-07
ORD-0003254,ACC-000930,CENTRAL CITY,Maple St. 20,Bldg-116,Apt ۱,PC 2 0116,FAM-00461,2025-01-17
ORD-0003255,ACC-000930,CENTRAL CITY,Maple St. 20,Bldg-116,Apt ۱,PC 2 0116,FAM-00461,2025-04-26
ORD-0003256,ACC-000931,CENTRAL CITY,Maple St. 20,Bldg-116,Apt ۲,PC 2 0116,FAM-X-000931,2025-09-24
ORD-0003257,ACC-000931,CENTRAL CITY,Maple St. 20,Bldg-116,Apt ۲,PC 2 0116,FAM-X-000931,2025-08-06
ORD-0003258,ACC-000931,CENTRAL CITY,Maple St. 20,Bldg-116,Apt ۲,PC 2 0116,FAM-X-000931,2025-06-17
ORD-0003259,ACC-000932,CENTRAL CITY,Maple St. 20,Bldg-116,Apt ۲,PC 2 0116,FAM-X-000932,2025-03-07
ORD-0003260,ACC-000932,CENTRAL CITY,Maple St. 20,Bldg-116,Apt ۲,PC 2 0116,FAM-X-000932,2025-07-08
ORD-0003261,ACC-000932,CENTRAL CITY,Maple St. 20,Bldg-116,Apt ۲,PC 2 0116,FAM-X-000932,2025-03-17
ORD-0003262,ACC-000933,CENTRAL CITY,Maple St. 20,Bldg-116,Apt ۲,PC 2 0116,FAM-X-000933,2025-05-22
ORD-0003263,ACC-000933,CENTRAL CITY,Maple St. 20,Bldg-116,Apt ۲,PC 2 0116,FAM-X-000933,2025-12-10
ORD-0003264,ACC-000933,CENTRAL CITY,Maple St. 20,Bldg-116,Apt ۲,PC 2 0116,FAM-X-000933,2025-08-29
ORD-0003265,ACC-000933,CENTRAL CITY,Maple St. 20,Bldg-116,Apt ۲,PC 2 0116,FAM-X-000933,2025-06-06
ORD-0003266,ACC-000934,Central City,Maple Street 20,Building 116,Unit 3,PC-2-0116,FAM-X-000934,2025-07-02
ORD-0003267,ACC-000934,Central City,Maple Street 20,Building 116,Unit 3,PC-2-0116,FAM-X-000934,2025-12-31
ORD-0003268,ACC-000934,Central City,Maple Street 20,Building 116,Unit 3,PC-2-0116,FAM-X-000934,2025-07-17
ORD-0003269,ACC-000934,Central City,Maple Street 20,Building 116,Unit 3,PC-2-0116,FAM-X-000934,2025-11-26
ORD-0003270,ACC-000935,CENTRAL CITY,Maple St. 20,Bldg-116,Apt ۴,PC 2 0116,FAM-00464,2025-12-24
ORD-0003271,ACC-000935,CENTRAL CITY,Maple St. 20,Bldg-116,Apt ۴,PC 2 0116,FAM-00464,2025-05-31
ORD-0003272,ACC-000935,CENTRAL CITY,Maple St. 20,Bldg-116,Apt ۴,PC 2 0116,FAM-00464,2025-04-18
ORD-0003273,ACC-000935,CENTRAL CITY,Maple St. 20,Bldg-116,Apt ۴,PC 2 0116,FAM-00464,2025-05-27
ORD-0003274,ACC-000936,Central City,Maple Street 20,Building 116,Unit 4,PC-2-0116,FAM-00464,2025-10-15
ORD-0003275,ACC-000936,Central City,Maple Street 20,Building 116,Unit 4,PC-2-0116,FAM-00464,2025-10-14
ORD-0003276,ACC-000936,Central City,Maple Street 20,Building 116,Unit 4,PC-2-0116,FAM-00464,2025-11-28
ORD-0003277,ACC-000936,Central City,Maple Street 20,Building 116,Unit 4,PC-2-0116,FAM-00464,2025-03-09
ORD-0003278,ACC-000936,Central City,Maple Street 20,Building 116,Unit 4,PC-2-0116,FAM-00464,2025-08-05
ORD-0003279,ACC-000937,Central City,Maple Street 20,Building 116,Unit 4,PC-2-0116,FAM-00464,2025-09-28
ORD-0003280,ACC-000937,Central City,Maple Street 20,Building 116,Unit 4,PC-2-0116,FAM-00464,2025-03-06
ORD-0003281,ACC-000937,Central City,Maple Street 20,Building 116,Unit 4,PC-2-0116,FAM-00464,2025-05-02
ORD-0003282,ACC-000937,Central City,Maple Street 20,Building 116,Unit 4,PC-2-0116,FAM-00464,2025-09-04
ORD-0003283,ACC-000938,South City,Willow Street 20,Building 117,Unit 1,PC-3-0117,FAM-X-000938,2025-10-26
ORD-0003284,ACC-000938,South City,Willow Street 20,Building 117,Unit 1,PC-3-0117,FAM-X-000938,2025-02-14
ORD-0003285,ACC-000938,South City,Willow Street 20,Building 117,Unit 1,PC-3-0117,FAM-X-000938,2025-10-28
ORD-0003286,ACC-000938,South City,Willow Street 20,Building 117,Unit 1,PC-3-0117,FAM-X-000938,2025-02-26
ORD-0003287,ACC-000938,South City,Willow Street 20,Building 117,Unit 1,PC-3-0117,FAM-X-000938,2025-01-06
ORD-0003288,ACC-000939,South City,Willow Street 20,Building 117,Unit 2,PC-3-0117,FAM-X-000939,2025-09-10
ORD-0003289,ACC-000939,South City,Willow Street 20,Building 117,Unit 2,PC-3-0117,FAM-X-000939,2025-06-06
ORD-0003290,ACC-000939,South City,Willow Street 20,Building 117,Unit 2,PC-3-0117,FAM-X-000939,2025-04-10
ORD-0003291,ACC-000939,South City,Willow Street 20,Building 117,Unit 2,PC-3-0117,FAM-X-000939,2025-05-25
ORD-0003292,ACC-000939,South City,Willow Street 20,Building 117,Unit 2,PC-3-0117,FAM-X-000939,2025-01-03
ORD-0003293,ACC-000940,SOUTH CITY,Willow St. 20,Bldg-117,Apt ۳,PC 3 0117,FAM-X-000940,2025-06-06
ORD-0003294,ACC-000940,SOUTH CITY,Willow St. 20,Bldg-117,Apt ۳,PC 3 0117,FAM-X-000940,2025-02-19
ORD-0003295,ACC-000940,SOUTH CITY,Willow St. 20,Bldg-117,Apt ۳,PC 3 0117,FAM-X-000940,2025-09-30
ORD-0003296,ACC-000941,SOUTH CITY,Willow St. 20,Bldg-117,Apt ۴,PC 3 0117,FAM-X-000941,2025-01-28
ORD-0003297,ACC-000941,SOUTH CITY,Willow St. 20,Bldg-117,Apt ۴,PC 3 0117,FAM-X-000941,2025-10-22
ORD-0003298,ACC-000941,SOUTH CITY,Willow St. 20,Bldg-117,Apt ۴,PC 3 0117,FAM-X-000941,2025-04-27
ORD-0003299,ACC-000941,SOUTH CITY,Willow St. 20,Bldg-117,Apt ۴,PC 3 0117,FAM-X-000941,2025-02-15
ORD-0003300,ACC-000941,SOUTH CITY,Willow St. 20,Bldg-117,Apt ۴,PC 3 0117,FAM-X-000941,2025-11-12
ORD-0003301,ACC-000942,NORTH CITY,Oak St. 20,Bldg-118,Apt ۱,PC 1 0118,FAM-00469,2025-07-21
ORD-0003302,ACC-000942,NORTH CITY,Oak St. 20,Bldg-118,Apt ۱,PC 1 0118,FAM-00469,2025-04-12
ORD-0003303,ACC-000943,NORTH CITY,Oak St. 20,Bldg-118,Apt ۱,PC 1 0118,FAM-X-000943,2025-04-10
ORD-0003304,ACC-000943,NORTH CITY,Oak St. 20,Bldg-118,Apt ۱,PC 1 0118,FAM-X-000943,2025-12-08
ORD-0003305,ACC-000943,NORTH CITY,Oak St. 20,Bldg-118,Apt ۱,PC 1 0118,FAM-X-000943,2025-10-10
ORD-0003306,ACC-000944,NORTH CITY,Oak St. 20,Bldg-118,Apt ۱,PC 1 0118,FAM-00469,2025-04-18
ORD-0003307,ACC-000944,NORTH CITY,Oak St. 20,Bldg-118,Apt ۱,PC 1 0118,FAM-00469,2025-05-26
ORD-0003308,ACC-000944,NORTH CITY,Oak St. 20,Bldg-118,Apt ۱,PC 1 0118,FAM-00469,2025-03-28
ORD-0003309,ACC-000944,NORTH CITY,Oak St. 20,Bldg-118,Apt ۱,PC 1 0118,FAM-00469,2025-03-16
ORD-0003310,ACC-000945,NORTH CITY,Oak St. 20,Bldg-118,Apt ۱,PC 1 0118,FAM-00469,2025-07-13
ORD-0003311,ACC-000945,NORTH CITY,Oak St. 20,Bldg-118,Apt ۱,PC 1 0118,FAM-00469,2025-03-31
ORD-0003312,ACC-000945,NORTH CITY,Oak St. 20,Bldg-118,Apt ۱,PC 1 0118,FAM-00469,2025-07-10
ORD-0003313,ACC-000946,NORTH CITY,Oak St. 20,Bldg-118,Apt ۲,PC 1 0118,FAM-00470,2025-07-29
ORD-0003314,ACC-000946,NORTH CITY,Oak St. 20,Bldg-118,Apt ۲,PC 1 0118,FAM-00470,2025-09-06
ORD-0003315,ACC-000946,NORTH CITY,Oak St. 20,Bldg-118,Apt ۲,PC 1 0118,FAM-00470,2025-04-28
ORD-0003316,ACC-000946,NORTH CITY,Oak St. 20,Bldg-118,Apt ۲,PC 1 0118,FAM-00470,2025-05-22
ORD-0003317,ACC-000947,NORTH CITY,Oak St. 20,Bldg-118,Apt ۲,PC 1 0118,FAM-00470,2025-08-06
ORD-0003318,ACC-000947,NORTH CITY,Oak St. 20,Bldg-118,Apt ۲,PC 1 0118,FAM-00470,2025-10-05
ORD-0003319,ACC-000947,NORTH CITY,Oak St. 20,Bldg-118,Apt ۲,PC 1 0118,FAM-00470,2025-08-08
ORD-0003320,ACC-000947,NORTH CITY,Oak St. 20,Bldg-118,Apt ۲,PC 1 0118,FAM-00470,2025-05-10
ORD-0003321,ACC-000947,NORTH CITY,Oak St. 20,Bldg-118,Apt ۲,PC 1 0118,FAM-00470,2025-05-05
ORD-0003322,ACC-000948,North City,Oak Street 20,Building 118,Unit 3,PC-1-0118,FAM-X-000948,2025-09-11
ORD-0003323,ACC-000948,North City,Oak Street 20,Building 118,Unit 3,PC-1-0118,FAM-X-000948,2025-11-04
ORD-0003324,ACC-000949,North City,Ok St 20,B ۱۱۸,۴,,FAM-X-000949,2025-06-11
ORD-0003325,ACC-000949,North City,Ok St 20,B ۱۱۸,۴,,FAM-X-000949,2025-07-10
ORD-0003326,ACC-000949,North City,Ok St 20,B ۱۱۸,۴,,FAM-X-000949,2025-04-09
ORD-0003327,ACC-000950,NORTH CITY,Oak St. 20,Bldg-118,Apt ۳,PC 1 0118,FAM-X-000950,2025-06-25
ORD-0003328,ACC-000950,NORTH CITY,Oak St. 20,Bldg-118,Apt ۳,PC 1 0118,FAM-X-000950,2025-01-21
ORD-0003329,ACC-000951,North City,Ok St 20,B ۱۱۸,۴,,FAM-X-000951,2025-03-07
ORD-0003330,ACC-000951,North City,Ok St 20,B ۱۱۸,۴,,FAM-X-000951,2025-11-19
ORD-0003331,ACC-000951,North City,Ok St 20,B ۱۱۸,۴,,FAM-X-000951,2025-11-17
ORD-0003332,ACC-000951,North City,Ok St 20,B ۱۱۸,۴,,FAM-X-000951,2025-02-21
ORD-0003333,ACC-000951,North City,Ok St 20,B ۱۱۸,۴,,FAM-X-000951,2025-09-17
ORD-0003334,ACC-000952,NORTH CITY,Oak St. 20,Bldg-118,Apt ۴,PC 1 0118,FAM-X-000952,2025-11-17
ORD-0003335,ACC-000952,NORTH CITY,Oak St. 20,Bldg-118,Apt ۴,PC 1 0118,FAM-X-000952,2025-07-07
ORD-0003336,ACC-000952,NORTH CITY,Oak St. 20,Bldg-118,Apt ۴,PC 1 0118,FAM-X-000952,2025-02-14
ORD-0003337,ACC-000953,Central City,Pine Street 20,Building 119,Unit 1,PC-2-0119,FAM-00473,2025-05-22
ORD-0003338,ACC-000953,Central City,Pine Street 20,Building 119,Unit 1,PC-2-0119,FAM-00473,2025-11-29
ORD-0003339,ACC-000954,CENTRAL CITY,Pine St. 20,Bldg-119,Apt ۱,PC 2 0119,FAM-00473,2025-05-17
ORD-0003340,ACC-000954,CENTRAL CITY,Pine St. 20,Bldg-119,Apt ۱,PC 2 0119,FAM-00473,2025-10-01
ORD-0003341,ACC-000954,CENTRAL CITY,Pine St. 20,Bldg-119,Apt ۱,PC 2 0119,FAM-00473,2025-02-13
ORD-0003342,ACC-000954,CENTRAL CITY,Pine St. 20,Bldg-119,Apt ۱,PC 2 0119,FAM-00473,2025-09-01
ORD-0003343,ACC-000954,CENTRAL CITY,Pine St. 20,Bldg-119,Apt ۱,PC 2 0119,FAM-00473,2025-08-03
ORD-0003344,ACC-000955,CENTRAL CITY,Pine St. 20,Bldg-119,Apt ۲,PC 2 0119,FAM-X-000955,2025-08-29
ORD-0003345,ACC-000955,CENTRAL CITY,Pine St. 20,Bldg-119,Apt ۲,PC 2 0119,FAM-X-000955,2025-02-28
ORD-0003346,ACC-000955,CENTRAL CITY,Pine St. 20,Bldg-119,Apt ۲,PC 2 0119,FAM-X-000955,2025-09-23
ORD-0003347,ACC-000955,CENTRAL CITY,Pine St. 20,Bldg-119,Apt ۲,PC 2 0119,FAM-X-000955,2025-04-11
ORD-0003348,ACC-000955,CENTRAL CITY,Pine St. 20,Bldg-119,Apt ۲,PC 2 0119,FAM-X-000955,2025-07-28
ORD-0003349,ACC-000956,Central City,Pine Street 20,Building 119,Unit 3,PC-2-0119,FAM-00475,2025-04-28
ORD-0003350,ACC-000956,Central City,Pine Street 20,Building 119,Unit 3,PC-2-0119,FAM-00475,2025-09-19
ORD-0003351,ACC-000956,Central City,Pine Street 20,Building 119,Unit 3,PC-2-0119,FAM-00475,2025-05-13
ORD-0003352,ACC-000956,Central City,Pine Street 20,Building 119,Unit 3,PC-2-0119,FAM-00475,2025-04-15
ORD-0003353,ACC-000956,Central City,Pine Street 20,Building 119,Unit 3,PC-2-0119,FAM-00475,2025-07-13
ORD-0003354,ACC-000957,CENTRAL CITY,Pine St. 20,Bldg-119,Apt ۳,PC 2 0119,FAM-00475,2025-04-09
ORD-0003355,ACC-000957,CENTRAL CITY,Pine St. 20,Bldg-119,Apt ۳,PC 2 0119,FAM-00475,2025-04-02
ORD-0003356,ACC-000957,CENTRAL CITY,Pine St. 20,Bldg-119,Apt ۳,PC 2 0119,FAM-00475,2025-06-26
ORD-0003357,ACC-000957,CENTRAL CITY,Pine St. 20,Bldg-119,Apt ۳,PC 2 0119,FAM-00475,2025-08-19
ORD-0003358,ACC-000957,CENTRAL CITY,Pine St. 20,Bldg-119,Apt ۳,PC 2 0119,FAM-00475,2025-08-24
ORD-0003359,ACC-000958,CENTRAL CITY,Pine St. 20,Bldg-119,Apt ۴,PC 2 0119,FAM-X-000958,2025-12-25
ORD-0003360,ACC-000958,CENTRAL CITY,Pine St. 20,Bldg-119,Apt ۴,PC 2 0119,FAM-X-000958,2025-08-19
ORD-0003361,ACC-000959,South City,Em St 20,B ۱۲۰,,PC30120,FAM-X-000959,2025-12-07
ORD-0003362,ACC-000959,South City,Em St 20,B ۱۲۰,,PC30120,FAM-X-000959,2025-07-13
ORD-0003363,ACC-000959,South City,Em St 20,B ۱۲۰,,PC30120,FAM-X-000959,2025-07-22
ORD-0003364,ACC-000959,South City,Em St 20,B ۱۲۰,,PC30120,FAM-X-000959,2025-10-20
ORD-0003365,ACC-000960,SOUTH CITY,Elm St. 20,Bldg-120,Apt ۲,PC 3 0120,FAM-X-000960,2025-09-10
ORD-0003366,ACC-000960,SOUTH CITY,Elm St. 20,Bldg-120,Apt ۲,PC 3 0120,FAM-X-000960,2025-07-31
ORD-0003367,ACC-000960,SOUTH CITY,Elm St. 20,Bldg-120,Apt ۲,PC 3 0120,FAM-X-000960,2025-03-25
ORD-0003368,ACC-000960,SOUTH CITY,Elm St. 20,Bldg-120,Apt ۲,PC 3 0120,FAM-X-000960,2025-04-14
ORD-0003369,ACC-000961,South City,Elm Street 20,Building 120,Unit 2,PC-3-0120,FAM-X-000961,2025-11-17
ORD-0003370,ACC-000961,South City,Elm Street 20,Building 120,Unit 2,PC-3-0120,FAM-X-000961,2025-12-24
ORD-0003371,ACC-000961,South City,Elm Street 20,Building 120,Unit 2,PC-3-0120,FAM-X-000961,2025-08-17
ORD-0003372,ACC-000961,South City,Elm Street 20,Building 120,Unit 2,PC-3-0120,FAM-X-000961,2025-03-25
ORD-0003373,ACC-000962,South City,lm St 20,B ۱۲۰,۴,PC30120,FAM-X-000962,2025-03-23
ORD-0003374,ACC-000962,South City,lm St 20,B ۱۲۰,۴,PC30120,FAM-X-000962,2025-02-27
ORD-0003375,ACC-000962,South City,lm St 20,B ۱۲۰,۴,PC30120,FAM-X-000962,2025-09-14
ORD-0003376,ACC-000963,South City,Elm Street 20,Building 120,Unit 4,PC-3-0120,FAM-00480,2025-01-05
ORD-0003377,ACC-000963,South City,Elm Street 20,Building 120,Unit 4,PC-3-0120,FAM-00480,2025-05-16
ORD-0003378,ACC-000964,SOUTH CITY,Elm St. 20,Bldg-120,Apt ۴,PC 3 0120,FAM-00480,2025-08-15
ORD-0003379,ACC-000964,SOUTH CITY,Elm St. 20,Bldg-120,Apt ۴,PC 3 0120,FAM-00480,2025-07-29
ORD-0003380,ACC-000964,SOUTH CITY,Elm St. 20,Bldg-120,Apt ۴,PC 3 0120,FAM-00480,2025-08-17
ORD-0003381,ACC-000964,SOUTH CITY,Elm St. 20,Bldg-120,Apt ۴,PC 3 0120,FAM-00480,2025-10-23
ORD-0003382,ACC-000965,North City,edar St 21,B ۱۲۱,۱,,FAM-X-000965,2025-06-19
ORD-0003383,ACC-000965,North City,edar St 21,B ۱۲۱,۱,,FAM-X-000965,2025-07-07
ORD-0003384,ACC-000966,North City,Cdar St 21,B ۱۲۱,۳,,FAM-X-000966,2025-02-28
ORD-0003385,ACC-000966,North City,Cdar St 21,B ۱۲۱,۳,,FAM-X-000966,2025-03-31
ORD-0003386,ACC-000966,North City,Cdar St 21,B ۱۲۱,۳,,FAM-X-000966,2025-04-23
ORD-0003387,ACC-000966,North City,Cdar St 21,B ۱۲۱,۳,,FAM-X-000966,2025-03-14
ORD-0003388,ACC-000966,North City,Cdar St 21,B ۱۲۱,۳,,FAM-X-000966,2025-05-02
ORD-0003389,ACC-000967,NORTH CITY,Cedar St. 21,Bldg-121,Apt ۲,PC 1 0121,FAM-X-000967,2025-03-11
ORD-0003390,ACC-000967,NORTH CITY,Cedar St. 21,Bldg-121,Apt ۲,PC 1 0121,FAM-X-000967,2025-03-15
ORD-0003391,ACC-000967,NORTH CITY,Cedar St. 21,Bldg-121,Apt ۲,PC 1 0121,FAM-X-000967,2025-12-02
ORD-0003392,ACC-000967,NORTH CITY,Cedar St. 21,Bldg-121,Apt ۲,PC 1 0121,FAM-X-000967,2025-04-02
ORD-0003393,ACC-000968,North City,Cedar Street 21,Building 121,Unit 2,PC-1-0121,FAM-X-000968,2025-05-06
ORD-0003394,ACC-000968,North City,Cedar Street 21,Building 121,Unit 2,PC-1-0121,FAM-X-000968,2025-11-09
ORD-0003395,ACC-000969,NORTH CITY,Cedar St. 21,Bldg-121,Apt ۳,PC 1 0121,FAM-00483,2025-03-03
ORD-0003396,ACC-000969,NORTH CITY,Cedar St. 21,Bldg-121,Apt ۳,PC 1 0121,FAM-00483,2025-12-17
ORD-0003397,ACC-000969,NORTH CITY,Cedar St. 21,Bldg-121,Apt ۳,PC 1 0121,FAM-00483,2025-06-21
ORD-0003398,ACC-000969,NORTH CITY,Cedar St. 21,Bldg-121,Apt ۳,PC 1 0121,FAM-00483,2025-12-30
ORD-0003399,ACC-000969,NORTH CITY,Cedar St. 21,Bldg-121,Apt ۳,PC 1 0121,FAM-00483,2025-05-09
ORD-0003400,ACC-000970,NORTH CITY,Cedar St. 21,Bldg-121,Apt ۳,PC 1 0121,FAM-00483,2025-08-30
ORD-0003401,ACC-000970,NORTH CITY,Cedar St. 21,Bldg-121,Apt ۳,PC 1 0121,FAM-00483,2025-04-06
ORD-0003402,ACC-000970,NORTH CITY,Cedar St. 21,Bldg-121,Apt ۳,PC 1 0121,FAM-00483,2025-10-07
ORD-0003403,ACC-000970,NORTH CITY,Cedar St. 21,Bldg-121,Apt ۳,PC 1 0121,FAM-00483,2025-08-22
ORD-0003404,ACC-000971,North City,Cedar Street 21,Building 121,Unit 3,PC-1-0121,FAM-00483,2025-08-27
ORD-0003405,ACC-000971,North City,Cedar Street 21,Building 121,Unit 3,PC-1-0121,FAM-00483,2025-10-10
ORD-0003406,ACC-000972,NORTH CITY,Cedar St. 21,Bldg-121,Apt ۴,PC 1 0121,FAM-X-000972,2025-03-27
ORD-0003407,ACC-000972,NORTH CITY,Cedar St. 21,Bldg-121,Apt ۴,PC 1 0121,FAM-X-000972,2025-08-12
ORD-0003408,ACC-000973,North City,Cedar Street 21,Building 121,Unit 4,PC-1-0121,FAM-X-000973,2025-12-20
ORD-0003409,ACC-000973,North City,Cedar Street 21,Building 121,Unit 4,PC-1-0121,FAM-X-000973,2025-09-23
ORD-0003410,ACC-000973,North City,Cedar Street 21,Building 121,Unit 4,PC-1-0121,FAM-X-000973,2025-10-03
ORD-0003411,ACC-000973,North City,Cedar Street 21,Building 121,Unit 4,PC-1-0121,FAM-X-000973,2025-03-13
ORD-0003412,ACC-000974,CENTRAL CITY,Maple St. 21,Bldg-122,Apt ۱,PC 2 0122,FAM-X-000974,2025-06-27
ORD-0003413,ACC-000974,CENTRAL CITY,Maple St. 21,Bldg-122,Apt ۱,PC 2 0122,FAM-X-000974,2025-06-28
ORD-0003414,ACC-000974,CENTRAL CITY,Maple St. 21,Bldg-122,Apt ۱,PC 2 0122,FAM-X-000974,2025-08-08
ORD-0003415,ACC-000974,CENTRAL CITY,Maple St. 21,Bldg-122,Apt ۱,PC 2 0122,FAM-X-000974,2025-12-17
ORD-0003416,ACC-000974,CENTRAL CITY,Maple St. 21,Bldg-122,Apt ۱,PC 2 0122,FAM-X-000974,2025-06-09
ORD-0003417,ACC-000975,Central City,Male St 21,B ۱۲۲,۲,,FAM-X-000975,2025-10-15
ORD-0003418,ACC-000975,Central City,Male St 21,B ۱۲۲,۲,,FAM-X-000975,2025-06-08
ORD-0003419,ACC-000975,Central City,Male St 21,B ۱۲۲,۲,,FAM-X-000975,2025-06-06
ORD-0003420,ACC-000975,Central City,Male St 21,B ۱۲۲,۲,,FAM-X-000975,2025-04-28
ORD-0003421,ACC-000976,CENTRAL CITY,Maple St. 21,Bldg-122,Apt ۲,PC 2 0122,FAM-X-000976,2025-01-10
ORD-0003422,ACC-000976,CENTRAL CITY,Maple St. 21,Bldg-122,Apt ۲,PC 2 0122,FAM-X-000976,2025-02-10
ORD-0003423,ACC-000976,CENTRAL CITY,Maple St. 21,Bldg-122,Apt ۲,PC 2 0122,FAM-X-000976,2025-01-03
ORD-0003424,ACC-000976,CENTRAL CITY,Maple St. 21,Bldg-122,Apt ۲,PC 2 0122,FAM-X-000976,2025-11-07
ORD-0003425,ACC-000977,Central City,Maple Street 21,Building 122,Unit 2,PC-2-0122,FAM-X-000977,2025-10-13
ORD-0003426,ACC-000977,Central City,Maple Street 21,Building 122,Unit 2,PC-2-0122,FAM-X-000977,2025-07-11
ORD-0003427,ACC-000977,Central City,Maple Street 21,Building 122,Unit 2,PC-2-0122,FAM-X-000977,2025-04-23
ORD-0003428,ACC-000977,Central City,Maple Street 21,Building 122,Unit 2,PC-2-0122,FAM-X-000977,2025-08-13
ORD-0003429,ACC-000977,Central City,Maple Street 21,Building 122,Unit 2,PC-2-0122,FAM-X-000977,2025-03-28
ORD-0003430,ACC-000978,Central City,Mple St 21,B ۱۲۲,۳,PC20122,FAM-X-000978,2025-10-06
ORD-0003431,ACC-000978,Central City,Mple St 21,B ۱۲۲,۳,PC20122,FAM-X-000978,2025-02-17
ORD-0003432,ACC-000978,Central City,Mple St 21,B ۱۲۲,۳,PC20122,FAM-X-000978,2025-03-29
ORD-0003433,ACC-000978,Central City,Mple St 21,B ۱۲۲,۳,PC20122,FAM-X-000978,2025-03-21
ORD-0003434,ACC-000978,Central City,Mple St 21,B ۱۲۲,۳,PC20122,FAM-X-000978,2025-02-25
ORD-0003435,ACC-000979,CENTRAL CITY,Maple St. 21,Bldg-122,Apt ۳,PC 2 0122,FAM-X-000979,2025-03-31
ORD-0003436,ACC-000979,CENTRAL CITY,Maple St. 21,Bldg-122,Apt ۳,PC 2 0122,FAM-X-000979,2025-02-25
ORD-0003437,ACC-000979,CENTRAL CITY,Maple St. 21,Bldg-122,Apt ۳,PC 2 0122,FAM-X-000979,2025-12-31
ORD-0003438,ACC-000980,Central City,Mapl St 21,B ۱۲۲,,,FAM-X-000980,2025-11-22
ORD-0003439,ACC-000980,Central City,Mapl St 21,B ۱۲۲,,,FAM-X-000980,2025-06-03
ORD-0003440,ACC-000980,Central City,Mapl St 21,B ۱۲۲,,,FAM-X-000980,2025-06-28
ORD-0003441,ACC-000980,Central City,Mapl St 21,B ۱۲۲,,,FAM-X-000980,2025-07-23
ORD-0003442,ACC-000980,Central City,Mapl St 21,B ۱۲۲,,,FAM-X-000980,2025-10-09
ORD-0003443,ACC-000981,SOUTH CITY,Willow St. 21,Bldg-123,Apt ۱,PC 3 0123,FAM-00489,2025-12-24
ORD-0003444,ACC-000981,SOUTH CITY,Willow St. 21,Bldg-123,Apt ۱,PC 3 0123,FAM-00489,2025-08-08
ORD-0003445,ACC-000982,South City,Willow Street 21,Building 123,Unit 1,PC-3-0123,FAM-00489,2025-02-28
ORD-0003446,ACC-000982,South City,Willow Street 21,Building 123,Unit 1,PC-3-0123,FAM-00489,2025-11-27
ORD-0003447,ACC-000982,South City,Willow Street 21,Building 123,Unit 1,PC-3-0123,FAM-00489,2025-04-21
ORD-0003448,ACC-000982,South City,Willow Street 21,Building 123,Unit 1,PC-3-0123,FAM-00489,2025-06-08
ORD-0003449,ACC-000983,South City,Wllow St 21,B ۱۲۳,۱,,FAM-00489,2025-04-11
ORD-0003450,ACC-000983,South City,Wllow St 21,B ۱۲۳,۱,,FAM-00489,2025-03-30
ORD-0003451,ACC-000983,South City,Wllow St 21,B ۱۲۳,۱,,FAM-00489,2025-07-03
ORD-0003452,ACC-000984,SOUTH CITY,Willow St. 21,Bldg-123,Apt ۲,PC 3 0123,FAM-X-000984,2025-06-15
ORD-0003453,ACC-000984,SOUTH CITY,Willow St. 21,Bldg-123,Apt ۲,PC 3 0123,FAM-X-000984,2025-12-10
ORD-0003454,ACC-000985,South City,Willow Street 21,Building 123,Unit 3,PC-3-0123,FAM-X-000985,2025-05-26
ORD-0003455,ACC-000985,South City,Willow Street 21,Building 123,Unit 3,PC-3-0123,FAM-X-000985,2025-06-28
ORD-0003456,ACC-000985,South City,Willow Street 21,Building 123,Unit 3,PC-3-0123,FAM-X-000985,2025-06-23
ORD-0003457,ACC-000985,South City,Willow Street 21,Building 123,Unit 3,PC-3-0123,FAM-X-000985,2025-02-24
ORD-0003458,ACC-000986,SOUTH CITY,Willow St. 21,Bldg-123,Apt ۳,PC 3 0123,FAM-X-000986,2025-09-19
ORD-0003459,ACC-000986,SOUTH CITY,Willow St. 21,Bldg-123,Apt ۳,PC 3 0123,FAM-X-000986,2025-11-04
ORD-0003460,ACC-000986,SOUTH CITY,Willow St. 21,Bldg-123,Apt ۳,PC 3 0123,FAM-X-000986,2025-03-05
ORD-0003461,ACC-000986,SOUTH CITY,Willow St. 21,Bldg-123,Apt ۳,PC 3 0123,FAM-X-000986,2025-06-01
ORD-0003462,ACC-000986,SOUTH CITY,Willow St. 21,Bldg-123,Apt ۳,PC 3 0123,FAM-X-000986,2025-08-01
ORD-0003463,ACC-000987,SOUTH CITY,Willow St. 21,Bldg-123,Apt ۳,PC 3 0123,FAM-X-000987,2025-01-19
ORD-0003464,ACC-000987,SOUTH CITY,Willow St. 21,Bldg-123,Apt ۳,PC 3 0123,FAM-X-000987,2025-11-09
ORD-0003465,ACC-000987,SOUTH CITY,Willow St. 21,Bldg-123,Apt ۳,PC 3 0123,FAM-X-000987,2025-12-07
ORD-0003466,ACC-000988,SOUTH CITY,Willow St. 21,Bldg-123,Apt ۳,PC 3 0123,FAM-X-000988,2025-10-14
ORD-0003467,ACC-000988,SOUTH CITY,Willow St. 21,Bldg-123,Apt ۳,PC 3 0123,FAM-X-000988,2025-12-27
ORD-0003468,ACC-000988,SOUTH CITY,Willow St. 21,Bldg-123,Apt ۳,PC 3 0123,FAM-X-000988,2025-06-01
ORD-0003469,ACC-000988,SOUTH CITY,Willow St. 21,Bldg-123,Apt ۳,PC 3 0123,FAM-X-000988,2025-10-01
ORD-0003470,ACC-000989,South City,Willow Street 21,Building 123,Unit 3,PC-3-0123,FAM-X-000989,2025-10-26
ORD-0003471,ACC-000989,South City,Willow Street 21,Building 123,Unit 3,PC-3-0123,FAM-X-000989,2025-05-31
ORD-0003472,ACC-000989,South City,Willow Street 21,Building 123,Unit 3,PC-3-0123,FAM-X-000989,2025-01-07
ORD-0003473,ACC-000989,South City,Willow Street 21,Building 123,Unit 3,PC-3-0123,FAM-X-000989,2025-10-04
ORD-0003474,ACC-000989,South City,Willow Street 21,Building 123,Unit 3,PC-3-0123,FAM-X-000989,2025-11-01
ORD-0003475,ACC-000990,SOUTH CITY,Willow St. 21,Bldg-123,Apt ۳,PC 3 0123,FAM-X-000990,2025-02-12
ORD-0003476,ACC-000990,SOUTH CITY,Willow St. 21,Bldg-123,Apt ۳,PC 3 0123,FAM-X-000990,2025-12-30
ORD-0003477,ACC-000990,SOUTH CITY,Willow St. 21,Bldg-123,Apt ۳,PC 3 0123,FAM-X-000990,2025-01-09
ORD-0003478,ACC-000991,South City,Willw St 21,B ۱۲۳,۴,,FAM-00492,2025-01-09
ORD-0003479,ACC-000991,South City,Willw St 21,B ۱۲۳,۴,,FAM-00492,2025-11-17
ORD-0003480,ACC-000991,South City,Willw St 21,B ۱۲۳,۴,,FAM-00492,2025-08-13
ORD-0003481,ACC-000991,South City,Willw St 21,B ۱۲۳,۴,,FAM-00492,2025-09-29
ORD-0003482,ACC-000992,SOUTH CITY,Willow St. 21,Bldg-123,Apt ۴,PC 3 0123,FAM-00492,2025-10-28
ORD-0003483,ACC-000992,SOUTH CITY,Willow St. 21,Bldg-123,Apt ۴,PC 3 0123,FAM-00492,2025-04-16
ORD-0003484,ACC-000992,SOUTH CITY,Willow St. 21,Bldg-123,Apt ۴,PC 3 0123,FAM-00492,2025-07-30
ORD-0003485,ACC-000992,SOUTH CITY,Willow St. 21,Bldg-123,Apt ۴,PC 3 0123,FAM-00492,2025-07-06
ORD-0003486,ACC-000992,SOUTH CITY,Willow St. 21,Bldg-123,Apt ۴,PC 3 0123,FAM-00492,2025-09-08
ORD-0003487,ACC-000993,NORTH CITY,Oak St. 21,Bldg-124,Apt ۱,PC 1 0124,FAM-X-000993,2025-10-01
ORD-0003488,ACC-000993,NORTH CITY,Oak St. 21,Bldg-124,Apt ۱,PC 1 0124,FAM-X-000993,2025-10-02
ORD-0003489,ACC-000993,NORTH CITY,Oak St. 21,Bldg-124,Apt ۱,PC 1 0124,FAM-X-000993,2025-05-05
ORD-0003490,ACC-000993,NORTH CITY,Oak St. 21,Bldg-124,Apt ۱,PC 1 0124,FAM-X-000993,2025-12-08
ORD-0003491,ACC-000993,NORTH CITY,Oak St. 21,Bldg-124,Apt ۱,PC 1 0124,FAM-X-000993,2025-01-31
ORD-0003492,ACC-000994,NORTH CITY,Oak St. 21,Bldg-124,Apt ۲,PC 1 0124,FAM-00494,2025-05-29
ORD-0003493,ACC-000994,NORTH CITY,Oak St. 21,Bldg-124,Apt ۲,PC 1 0124,FAM-00494,2025-07-04
ORD-0003494,ACC-000995,NORTH CITY,Oak St. 21,Bldg-124,Apt ۲,PC 1 0124,FAM-00494,2025-06-07
ORD-0003495,ACC-000995,NORTH CITY,Oak St. 21,Bldg-124,Apt ۲,PC 1 0124,FAM-00494,2025-04-05
ORD-0003496,ACC-000996,NORTH CITY,Oak St. 21,Bldg-124,Apt ۲,PC 1 0124,FAM-00494,2025-08-24
ORD-0003497,ACC-000996,NORTH CITY,Oak St. 21,Bldg-124,Apt ۲,PC 1 0124,FAM-00494,2025-06-10
ORD-0003498,ACC-000996,NORTH CITY,Oak St. 21,Bldg-124,Apt ۲,PC 1 0124,FAM-00494,2025-02-15
ORD-0003499,ACC-000996,NORTH CITY,Oak St. 21,Bldg-124,Apt ۲,PC 1 0124,FAM-00494,2025-03-20
ORD-0003500,ACC-000997,North City,ak St 21,B ۱۲۴,۲,,FAM-00494,2025-05-01
ORD-0003501,ACC-000997,North City,ak St 21,B ۱۲۴,۲,,FAM-00494,2025-06-24
ORD-0003502,ACC-000997,North City,ak St 21,B ۱۲۴,۲,,FAM-00494,2025-05-12
ORD-0003503,ACC-000998,North City,Oak Street 21,Building 124,Unit 3,PC-1-0124,FAM-00495,2025-05-05
ORD-0003504,ACC-000998,North City,Oak Street 21,Building 124,Unit 3,PC-1-0124,FAM-00495,2025-11-04
ORD-0003505,ACC-000998,North City,Oak Street 21,Building 124,Unit 3,PC-1-0124,FAM-00495,2025-09-18
ORD-0003506,ACC-000998,North City,Oak Street 21,Building 124,Unit 3,PC-1-0124,FAM-00495,2025-08-15
ORD-0003507,ACC-000998,North City,Oak Street 21,Building 124,Unit 3,PC-1-0124,FAM-00495,2025-01-15
ORD-0003508,ACC-000999,NORTH CITY,Oak St. 21,Bldg-124,Apt ۳,PC 1 0124,FAM-X-000999,2025-04-05
ORD-0003509,ACC-000999,NORTH CITY,Oak St. 21,Bldg-124,Apt ۳,PC 1 0124,FAM-X-000999,2025-05-01
ORD-0003510,ACC-000999,NORTH CITY,Oak St. 21,Bldg-124,Apt ۳,PC 1 0124,FAM-X-000999,2025-04-28
ORD-0003511,ACC-000999,NORTH CITY,Oak St. 21,Bldg-124,Apt ۳,PC 1 0124,FAM-X-000999,2025-11-01
ORD-0003512,ACC-001000,North City,ak St 21,B ۱۲۴,۵,,FAM-00496,2025-08-26
ORD-0003513,ACC-001000,North City,ak St 21,B ۱۲۴,۵,,FAM-00496,2025-03-21
ORD-0003514,ACC-001000,North City,ak St 21,B ۱۲۴,۵,,FAM-00496,2025-02-07
ORD-0003515,ACC-001000,North City,ak St 21,B ۱۲۴,۵,,FAM-00496,2025-01-23
ORD-0003516,ACC-001001,North City,Oak Street 21,Building 124,Unit 4,PC-1-0124,FAM-00496,2025-08-04
ORD-0003517,ACC-001001,North City,Oak Street 21,Building 124,Unit 4,PC-1-0124,FAM-00496,2025-04-23
ORD-0003518,ACC-001001,North City,Oak Street 21,Building 124,Unit 4,PC-1-0124,FAM-00496,2025-06-16
ORD-0003519,ACC-001001,North City,Oak Street 21,Building 124,Unit 4,PC-1-0124,FAM-00496,2025-01-29
ORD-0003520,ACC-001002,North City,Ok St 21,B ۱۲۴,۴,,FAM-00496,2025-08-25
ORD-0003521,ACC-001002,North City,Ok St 21,B ۱۲۴,۴,,FAM-00496,2025-04-23
ORD-0003522,ACC-001002,North City,Ok St 21,B ۱۲۴,۴,,FAM-00496,2025-09-25
ORD-0003523,ACC-001002,North City,Ok St 21,B ۱۲۴,۴,,FAM-00496,2025-07-02
ORD-0003524,ACC-001003,NORTH CITY,Oak St. 21,Bldg-124,Apt ۴,PC 1 0124,FAM-00496,2025-11-18
ORD-0003525,ACC-001003,NORTH CITY,Oak St. 21,Bldg-124,Apt ۴,PC 1 0124,FAM-00496,2025-05-02
ORD-0003526,ACC-001003,NORTH CITY,Oak St. 21,Bldg-124,Apt ۴,PC 1 0124,FAM-00496,2025-08-22
ORD-0003527,ACC-001004,Central City,Pine Street 21,Building 125,Unit 1,PC-2-0125,FAM-X-001004,2025-09-29
ORD-0003528,ACC-001004,Central City,Pine Street 21,Building 125,Unit 1,PC-2-0125,FAM-X-001004,2025-03-05
ORD-0003529,ACC-001004,Central City,Pine Street 21,Building 125,Unit 1,PC-2-0125,FAM-X-001004,2025-11-22
ORD-0003530,ACC-001004,Central City,Pine Street 21,Building 125,Unit 1,PC-2-0125,FAM-X-001004,2025-01-18
ORD-0003531,ACC-001005,Central City,Pine Street 21,Building 125,Unit 1,PC-2-0125,FAM-X-001005,2025-01-02
ORD-0003532,ACC-001005,Central City,Pine Street 21,Building 125,Unit 1,PC-2-0125,FAM-X-001005,2025-01-07
ORD-0003533,ACC-001005,Central City,Pine Street 21,Building 125,Unit 1,PC-2-0125,FAM-X-001005,2025-07-04
ORD-0003534,ACC-001005,Central City,Pine Street 21,Building 125,Unit 1,PC-2-0125,FAM-X-001005,2025-12-21
ORD-0003535,ACC-001006,Central City,Pine Street 21,Building 125,Unit 2,PC-2-0125,FAM-00498,2025-05-05
ORD-0003536,ACC-001006,Central City,Pine Street 21,Building 125,Unit 2,PC-2-0125,FAM-00498,2025-01-20
ORD-0003537,ACC-001006,Central City,Pine Street 21,Building 125,Unit 2,PC-2-0125,FAM-00498,2025-02-15
ORD-0003538,ACC-001006,Central City,Pine Street 21,Building 125,Unit 2,PC-2-0125,FAM-00498,2025-11-13
ORD-0003539,ACC-001007,Central City,Pine Street 21,Building 125,Unit 2,PC-2-0125,FAM-00498,2025-11-23
ORD-0003540,ACC-001007,Central City,Pine Street 21,Building 125,Unit 2,PC-2-0125,FAM-00498,2025-04-25
ORD-0003541,ACC-001007,Central City,Pine Street 21,Building 125,Unit 2,PC-2-0125,FAM-00498,2025-07-28
ORD-0003542,ACC-001008,Central City,Pine Street 21,Building 125,Unit 3,PC-2-0125,FAM-X-001008,2025-09-04
ORD-0003543,ACC-001008,Central City,Pine Street 21,Building 125,Unit 3,PC-2-0125,FAM-X-001008,2025-02-13
ORD-0003544,ACC-001009,Central City,Pine S 21,B ۱۲۵,۳,,FAM-X-001009,2025-10-02
ORD-0003545,ACC-001009,Central City,Pine S 21,B ۱۲۵,۳,,FAM-X-001009,2025-03-18
ORD-0003546,ACC-001009,Central City,Pine S 21,B ۱۲۵,۳,,FAM-X-001009,2025-07-18
ORD-0003547,ACC-001009,Central City,Pine S 21,B ۱۲۵,۳,,FAM-X-001009,2025-12-29
ORD-0003548,ACC-001010,Central City,Pine Street 21,Building 125,Unit 4,PC-2-0125,FAM-X-001010,2025-04-19
ORD-0003549,ACC-001010,Central City,Pine Street 21,Building 125,Unit 4,PC-2-0125,FAM-X-001010,2025-06-17
ORD-0003550,ACC-001010,Central City,Pine Street 21,Building 125,Unit 4,PC-2-0125,FAM-X-001010,2025-05-16
ORD-0003551,ACC-001011,South City,Elm Street 21,Building 126,Unit 1,PC-3-0126,FAM-X-001011,2025-05-02
ORD-0003552,ACC-001011,South City,Elm Street 21,Building 126,Unit 1,PC-3-0126,FAM-X-001011,2025-12-06
ORD-0003553,ACC-001012,South City,Elm Street 21,Building 126,Unit 2,PC-3-0126,FAM-X-001012,2025-06-14
ORD-0003554,ACC-001012,South City,Elm Street 21,Building 126,Unit 2,PC-3-0126,FAM-X-001012,2025-11-14
ORD-0003555,ACC-001012,South City,Elm Street 21,Building 126,Unit 2,PC-3-0126,FAM-X-001012,2025-03-31
ORD-0003556,ACC-001012,South City,Elm Street 21,Building 126,Unit 2,PC-3-0126,FAM-X-001012,2025-02-21
ORD-0003557,ACC-001012,South City,Elm Street 21,Building 126,Unit 2,PC-3-0126,FAM-X-001012,2025-12-18
ORD-0003558,ACC-001013,SOUTH CITY,Elm St. 21,Bldg-126,Apt ۳,PC 3 0126,FAM-00503,2025-01-14
ORD-0003559,ACC-001013,SOUTH CITY,Elm St. 21,Bldg-126,Apt ۳,PC 3 0126,FAM-00503,2025-05-03
ORD-0003560,ACC-001013,SOUTH CITY,Elm St. 21,Bldg-126,Apt ۳,PC 3 0126,FAM-00503,2025-04-17
ORD-0003561,ACC-001013,SOUTH CITY,Elm St. 21,Bldg-126,Apt ۳,PC 3 0126,FAM-00503,2025-01-26
ORD-0003562,ACC-001014,South City,Elm Street 21,Building 126,Unit 3,PC-3-0126,FAM-00503,2025-11-15
ORD-0003563,ACC-001014,South City,Elm Street 21,Building 126,Unit 3,PC-3-0126,FAM-00503,2025-02-06
ORD-0003564,ACC-001015,South City,Elm Street 21,Building 126,Unit 3,PC-3-0126,FAM-00503,2025-06-11
ORD-0003565,ACC-001015,South City,Elm Street 21,Building 126,Unit 3,PC-3-0126,FAM-00503,2025-12-08
ORD-0003566,ACC-001015,South City,Elm Street 21,Building 126,Unit 3,PC-3-0126,FAM-00503,2025-02-20
ORD-0003567,ACC-001015,South City,Elm Street 21,Building 126,Unit 3,PC-3-0126,FAM-00503,2025-01-20
ORD-0003568,ACC-001015,South City,Elm Street 21,Building 126,Unit 3,PC-3-0126,FAM-00503,2025-01-02
ORD-0003569,ACC-001016,South City,Elm Street 21,Building 126,Unit 3,PC-3-0126,FAM-00503,2025-10-20
ORD-0003570,ACC-001016,South City,Elm Street 21,Building 126,Unit 3,PC-3-0126,FAM-00503,2025-01-07
ORD-0003571,ACC-001016,South City,Elm Street 21,Building 126,Unit 3,PC-3-0126,FAM-00503,2025-12-01
ORD-0003572,ACC-001016,South City,Elm Street 21,Building 126,Unit 3,PC-3-0126,FAM-00503,2025-03-16
ORD-0003573,ACC-001016,South City,Elm Street 21,Building 126,Unit 3,PC-3-0126,FAM-00503,2025-05-29
ORD-0003574,ACC-001017,SOUTH CITY,Elm St. 21,Bldg-126,Apt ۴,PC 3 0126,FAM-X-001017,2025-08-17
ORD-0003575,ACC-001017,SOUTH CITY,Elm St. 21,Bldg-126,Apt ۴,PC 3 0126,FAM-X-001017,2025-09-23
ORD-0003576,ACC-001017,SOUTH CITY,Elm St. 21,Bldg-126,Apt ۴,PC 3 0126,FAM-X-001017,2025-03-09
ORD-0003577,ACC-001017,SOUTH CITY,Elm St. 21,Bldg-126,Apt ۴,PC 3 0126,FAM-X-001017,2025-05-25
ORD-0003578,ACC-001018,NORTH CITY,Cedar St. 22,Bldg-127,Apt ۱,PC 1 0127,FAM-X-001018,2025-04-10
ORD-0003579,ACC-001018,NORTH CITY,Cedar St. 22,Bldg-127,Apt ۱,PC 1 0127,FAM-X-001018,2025-02-20
ORD-0003580,ACC-001019,NORTH CITY,Cedar St. 22,Bldg-127,Apt ۲,PC 1 0127,FAM-X-001019,2025-04-06
ORD-0003581,ACC-001019,NORTH CITY,Cedar St. 22,Bldg-127,Apt ۲,PC 1 0127,FAM-X-001019,2025-12-27
ORD-0003582,ACC-001019,NORTH CITY,Cedar St. 22,Bldg-127,Apt ۲,PC 1 0127,FAM-X-001019,2025-06-18
ORD-0003583,ACC-001019,NORTH CITY,Cedar St. 22,Bldg-127,Apt ۲,PC 1 0127,FAM-X-001019,2025-11-11
ORD-0003584,ACC-001019,NORTH CITY,Cedar St. 22,Bldg-127,Apt ۲,PC 1 0127,FAM-X-001019,2025-08-27
ORD-0003585,ACC-001020,North City,Cedar Street 22,Building 127,Unit 3,PC-1-0127,FAM-X-001020,2025-06-24
ORD-0003586,ACC-001020,North City,Cedar Street 22,Building 127,Unit 3,PC-1-0127,FAM-X-001020,2025-08-28
ORD-0003587,ACC-001021,North City,Cedar Street 22,Building 127,Unit 3,PC-1-0127,FAM-00507,2025-06-12
ORD-0003588,ACC-001021,North City,Cedar Street 22,Building 127,Unit 3,PC-1-0127,FAM-00507,2025-10-02
ORD-0003589,ACC-001022,NORTH CITY,Cedar St. 22,Bldg-127,Apt ۴,PC 1 0127,FAM-00508,2025-03-12
ORD-0003590,ACC-001022,NORTH CITY,Cedar St. 22,Bldg-127,Apt ۴,PC 1 0127,FAM-00508,2025-12-28
ORD-0003591,ACC-001022,NORTH CITY,Cedar St. 22,Bldg-127,Apt ۴,PC 1 0127,FAM-00508,2025-08-26
ORD-0003592,ACC-001022,NORTH CITY,Cedar St. 22,Bldg-127,Apt ۴,PC 1 0127,FAM-00508,2025-05-01
ORD-0003593,ACC-001023,North City,Cedar Street 22,Building 127,Unit 4,PC-1-0127,FAM-X-001023,2025-11-01
ORD-0003594,ACC-001023,North City,Cedar Street 22,Building 127,Unit 4,PC-1-0127,FAM-X-001023,2025-05-15
ORD-0003595,ACC-001023,North City,Cedar Street 22,Building 127,Unit 4,PC-1-0127,FAM-X-001023,2025-04-04
ORD-0003596,ACC-001023,North City,Cedar Street 22,Building 127,Unit 4,PC-1-0127,FAM-X-001023,2025-01-19
ORD-0003597,ACC-001024,NORTH CITY,Cedar St. 22,Bldg-127,Apt ۴,PC 1 0127,FAM-X-001024,2025-12-01
ORD-0003598,ACC-001024,NORTH CITY,Cedar St. 22,Bldg-127,Apt ۴,PC 1 0127,FAM-X-001024,2025-02-21
ORD-0003599,ACC-001025,North City,Cedr St 22,B ۱۲۷,۴,PC10127,FAM-X-001025,2025-05-20
ORD-0003600,ACC-001025,North City,Cedr St 22,B ۱۲۷,۴,PC10127,FAM-X-001025,2025-12-26
ORD-0003601,ACC-001025,North City,Cedr St 22,B ۱۲۷,۴,PC10127,FAM-X-001025,2025-10-04
ORD-0003602,ACC-001026,Central City,Maple Street 22,Building 128,Unit 1,PC-2-0128,FAM-X-001026,2025-09-24
ORD-0003603,ACC-001026,Central City,Maple Street 22,Building 128,Unit 1,PC-2-0128,FAM-X-001026,2025-10-05
ORD-0003604,ACC-001026,Central City,Maple Street 22,Building 128,Unit 1,PC-2-0128,FAM-X-001026,2025-12-16
ORD-0003605,ACC-001026,Central City,Maple Street 22,Building 128,Unit 1,PC-2-0128,FAM-X-001026,2025-04-30
ORD-0003606,ACC-001027,Central City,Male St 22,B ۱۲۸,۱,,FAM-X-001027,2025-02-10
ORD-0003607,ACC-001027,Central City,Male St 22,B ۱۲۸,۱,,FAM-X-001027,2025-03-07
ORD-0003608,ACC-001027,Central City,Male St 22,B ۱۲۸,۱,,FAM-X-001027,2025-10-14
ORD-0003609,ACC-001027,Central City,Male St 22,B ۱۲۸,۱,,FAM-X-001027,2025-08-10
ORD-0003610,ACC-001027,Central City,Male St 22,B ۱۲۸,۱,,FAM-X-001027,2025-07-22
ORD-0003611,ACC-001028,CENTRAL CITY,Maple St. 22,Bldg-128,Apt ۲,PC 2 0128,FAM-X-001028,2025-05-02
ORD-0003612,ACC-001028,CENTRAL CITY,Maple St. 22,Bldg-128,Apt ۲,PC 2 0128,FAM-X-001028,2025-08-20
ORD-0003613,ACC-001028,CENTRAL CITY,Maple St. 22,Bldg-128,Apt ۲,PC 2 0128,FAM-X-001028,2025-06-13
ORD-0003614,ACC-001028,CENTRAL CITY,Maple St. 22,Bldg-128,Apt ۲,PC 2 0128,FAM-X-001028,2025-07-17
ORD-0003615,ACC-001029,CENTRAL CITY,Maple St. 22,Bldg-128,Apt ۳,PC 2 0128,FAM-X-001029,2025-04-13
ORD-0003616,ACC-001029,CENTRAL CITY,Maple St. 22,Bldg-128,Apt ۳,PC 2 0128,FAM-X-001029,2025-12-28
ORD-0003617,ACC-001029,CENTRAL CITY,Maple St. 22,Bldg-128,Apt ۳,PC 2 0128,FAM-X-001029,2025-08-24
ORD-0003618,ACC-001029,CENTRAL CITY,Maple St. 22,Bldg-128,Apt ۳,PC 2 0128,FAM-X-001029,2025-03-30
ORD-0003619,ACC-001029,CENTRAL CITY,Maple St. 22,Bldg-128,Apt ۳,PC 2 0128,FAM-X-001029,2025-04-26
ORD-0003620,ACC-001030,Central City,Maple Street 22,Building 128,Unit 3,PC-2-0128,FAM-X-001030,2025-09-28
ORD-0003621,ACC-001030,Central City,Maple Street 22,Building 128,Unit 3,PC-2-0128,FAM-X-001030,2025-07-22
ORD-0003622,ACC-001030,Central City,Maple Street 22,Building 128,Unit 3,PC-2-0128,FAM-X-001030,2025-01-27
ORD-0003623,ACC-001031,Central City,Maple Street 22,Building 128,Unit 4,PC-2-0128,FAM-00512,2025-01-14
ORD-0003624,ACC-001031,Central City,Maple Street 22,Building 128,Unit 4,PC-2-0128,FAM-00512,2025-12-31
ORD-0003625,ACC-001031,Central City,Maple Street 22,Building 128,Unit 4,PC-2-0128,FAM-00512,2025-08-02
ORD-0003626,ACC-001031,Central City,Maple Street 22,Building 128,Unit 4,PC-2-0128,FAM-00512,2025-04-18
ORD-0003627,ACC-001032,Central City,Maple Street 22,Building 128,Unit 4,PC-2-0128,FAM-00512,2025-06-05
ORD-0003628,ACC-001032,Central City,Maple Street 22,Building 128,Unit 4,PC-2-0128,FAM-00512,2025-12-30
ORD-0003629,ACC-001032,Central City,Maple Street 22,Building 128,Unit 4,PC-2-0128,FAM-00512,2025-04-02
ORD-0003630,ACC-001033,CENTRAL CITY,Maple St. 22,Bldg-128,Apt ۴,PC 2 0128,FAM-00512,2025-05-06
ORD-0003631,ACC-001033,CENTRAL CITY,Maple St. 22,Bldg-128,Apt ۴,PC 2 0128,FAM-00512,2025-02-18
ORD-0003632,ACC-001033,CENTRAL CITY,Maple St. 22,Bldg-128,Apt ۴,PC 2 0128,FAM-00512,2025-05-25
ORD-0003633,ACC-001033,CENTRAL CITY,Maple St. 22,Bldg-128,Apt ۴,PC 2 0128,FAM-00512,2025-07-17
ORD-0003634,ACC-001034,SOUTH CITY,Willow St. 22,Bldg-129,Apt ۱,PC 3 0129,FAM-00513,2025-10-17
ORD-0003635,ACC-001034,SOUTH CITY,Willow St. 22,Bldg-129,Apt ۱,PC 3 0129,FAM-00513,2025-08-20
ORD-0003636,ACC-001035,South City,Wilow St 22,B ۱۲۹,,,FAM-00513,2025-04-03
ORD-0003637,ACC-001035,South City,Wilow St 22,B ۱۲۹,,,FAM-00513,2025-12-03
ORD-0003638,ACC-001036,SOUTH CITY,Willow St. 22,Bldg-129,Apt ۱,PC 3 0129,FAM-00513,2025-10-07
ORD-0003639,ACC-001036,SOUTH CITY,Willow St. 22,Bldg-129,Apt ۱,PC 3 0129,FAM-00513,2025-04-06
ORD-0003640,ACC-001036,SOUTH CITY,Willow St. 22,Bldg-129,Apt ۱,PC 3 0129,FAM-00513,2025-09-29
ORD-0003641,ACC-001036,SOUTH CITY,Willow St. 22,Bldg-129,Apt ۱,PC 3 0129,FAM-00513,2025-04-14
ORD-0003642,ACC-001037,South City,Willow Street 22,Building 129,Unit 1,PC-3-0129,FAM-00513,2025-04-13
ORD-0003643,ACC-001037,South City,Willow Street 22,Building 129,Unit 1,PC-3-0129,FAM-00513,2025-10-11
ORD-0003644,ACC-001038,South City,Willow t 22,B ۱۲۹,۳,,FAM-X-001038,2025-08-13
ORD-0003645,ACC-001038,South City,Willow t 22,B ۱۲۹,۳,,FAM-X-001038,2025-11-14
ORD-0003646,ACC-001038,South City,Willow t 22,B ۱۲۹,۳,,FAM-X-001038,2025-09-16
ORD-0003647,ACC-001039,South City,Willow Street 22,Building 129,Unit 2,PC-3-0129,FAM-X-001039,2025-05-18
ORD-0003648,ACC-001039,South City,Willow Street 22,Building 129,Unit 2,PC-3-0129,FAM-X-001039,2025-01-26
ORD-0003649,ACC-001039,South City,Willow Street 22,Building 129,Unit 2,PC-3-0129,FAM-X-001039,2025-09-12
ORD-0003650,ACC-001039,South City,Willow Street 22,Building 129,Unit 2,PC-3-0129,FAM-X-001039,2025-09-22
ORD-0003651,ACC-001040,South City,Willow Street 22,Building 129,Unit 3,PC-3-0129,FAM-X-001040,2025-11-30
ORD-0003652,ACC-001040,South City,Willow Street 22,Building 129,Unit 3,PC-3-0129,FAM-X-001040,2025-06-01
ORD-0003653,ACC-001040,South City,Willow Street 22,Building 129,Unit 3,PC-3-0129,FAM-X-001040,2025-10-02
ORD-0003654,ACC-001041,SOUTH CITY,Willow St. 22,Bldg-129,Apt ۳,PC 3 0129,FAM-X-001041,2025-08-26
ORD-0003655,ACC-001041,SOUTH CITY,Willow St. 22,Bldg-129,Apt ۳,PC 3 0129,FAM-X-001041,2025-10-12
ORD-0003656,ACC-001041,SOUTH CITY,Willow St. 22,Bldg-129,Apt ۳,PC 3 0129,FAM-X-001041,2025-11-27
ORD-0003657,ACC-001041,SOUTH CITY,Willow St. 22,Bldg-129,Apt ۳,PC 3 0129,FAM-X-001041,2025-04-18
ORD-0003658,ACC-001042,SOUTH CITY,Willow St. 22,Bldg-129,Apt ۳,PC 3 0129,FAM-X-001042,2025-04-30
ORD-0003659,ACC-001042,SOUTH CITY,Willow St. 22,Bldg-129,Apt ۳,PC 3 0129,FAM-X-001042,2025-06-02
ORD-0003660,ACC-001042,SOUTH CITY,Willow St. 22,Bldg-129,Apt ۳,PC 3 0129,FAM-X-001042,2025-08-26
ORD-0003661,ACC-001042,SOUTH CITY,Willow St. 22,Bldg-129,Apt ۳,PC 3 0129,FAM-X-001042,2025-05-13
ORD-0003662,ACC-001042,SOUTH CITY,Willow St. 22,Bldg-129,Apt ۳,PC 3 0129,FAM-X-001042,2025-04-15
ORD-0003663,ACC-001043,South City,Willow Street 22,Building 129,Unit 4,PC-3-0129,FAM-X-001043,2025-06-25
ORD-0003664,ACC-001043,South City,Willow Street 22,Building 129,Unit 4,PC-3-0129,FAM-X-001043,2025-11-19
ORD-0003665,ACC-001043,South City,Willow Street 22,Building 129,Unit 4,PC-3-0129,FAM-X-001043,2025-06-05
ORD-0003666,ACC-001043,South City,Willow Street 22,Building 129,Unit 4,PC-3-0129,FAM-X-001043,2025-12-14
ORD-0003667,ACC-001043,South City,Willow Street 22,Building 129,Unit 4,PC-3-0129,FAM-X-001043,2025-03-28
ORD-0003668,ACC-001044,South City,Wilow St 22,B ۱۲۹,۴,,FAM-00516,2025-12-30
ORD-0003669,ACC-001044,South City,Wilow St 22,B ۱۲۹,۴,,FAM-00516,2025-10-28
ORD-0003670,ACC-001044,South City,Wilow St 22,B ۱۲۹,۴,,FAM-00516,2025-01-12
ORD-0003671,ACC-001045,NORTH CITY,Oak St. 22,Bldg-130,Apt ۱,PC 1 0130,FAM-X-001045,2025-04-04
ORD-0003672,ACC-001045,NORTH CITY,Oak St. 22,Bldg-130,Apt ۱,PC 1 0130,FAM-X-001045,2025-09-26
ORD-0003673,ACC-001045,NORTH CITY,Oak St. 22,Bldg-130,Apt ۱,PC 1 0130,FAM-X-001045,2025-09-21
ORD-0003674,ACC-001046,North City,Oak Street 22,Building 130,Unit 1,PC-1-0130,FAM-X-001046,2025-10-30
ORD-0003675,ACC-001046,North City,Oak Street 22,Building 130,Unit 1,PC-1-0130,FAM-X-001046,2025-03-15
ORD-0003676,ACC-001046,North City,Oak Street 22,Building 130,Unit 1,PC-1-0130,FAM-X-001046,2025-03-21
ORD-0003677,ACC-001046,North City,Oak Street 22,Building 130,Unit 1,PC-1-0130,FAM-X-001046,2025-10-22
ORD-0003678,ACC-001047,North City,Oak Street 22,Building 130,Unit 2,PC-1-0130,FAM-00518,2025-08-30
ORD-0003679,ACC-001047,North City,Oak Street 22,Building 130,Unit 2,PC-1-0130,FAM-00518,2025-02-01
ORD-0003680,ACC-001047,North City,Oak Street 22,Building 130,Unit 2,PC-1-0130,FAM-00518,2025-03-14
ORD-0003681,ACC-001047,North City,Oak Street 22,Building 130,Unit 2,PC-1-0130,FAM-00518,2025-03-11
ORD-0003682,ACC-001048,NORTH CITY,Oak St. 22,Bldg-130,Apt ۲,PC 1 0130,FAM-X-001048,2025-07-25
ORD-0003683,ACC-001048,NORTH CITY,Oak St. 22,Bldg-130,Apt ۲,PC 1 0130,FAM-X-001048,2025-06-09
ORD-0003684,ACC-001049,North City,Ok St 22,B ۱۳۰,۲,,FAM-00518,2025-04-24
ORD-0003685,ACC-001049,North City,Ok St 22,B ۱۳۰,۲,,FAM-00518,2025-04-20
ORD-0003686,ACC-001049,North City,Ok St 22,B ۱۳۰,۲,,FAM-00518,2025-04-29
ORD-0003687,ACC-001050,NORTH CITY,Oak St. 22,Bldg-130,Apt ۳,PC 1 0130,FAM-00519,2025-05-21
ORD-0003688,ACC-001050,NORTH CITY,Oak St. 22,Bldg-130,Apt ۳,PC 1 0130,FAM-00519,2025-09-26
ORD-0003689,ACC-001050,NORTH CITY,Oak St. 22,Bldg-130,Apt ۳,PC 1 0130,FAM-00519,2025-02-23
ORD-0003690,ACC-001050,NORTH CITY,Oak St. 22,Bldg-130,Apt ۳,PC 1 0130,FAM-00519,2025-02-14
ORD-0003691,ACC-001051,NORTH CITY,Oak St. 22,Bldg-130,Apt ۳,PC 1 0130,FAM-00519,2025-02-28
ORD-0003692,ACC-001051,NORTH CITY,Oak St. 22,Bldg-130,Apt ۳,PC 1 0130,FAM-00519,2025-03-01
ORD-0003693,ACC-001051,NORTH CITY,Oak St. 22,Bldg-130,Apt ۳,PC 1 0130,FAM-00519,2025-10-03
ORD-0003694,ACC-001051,NORTH CITY,Oak St. 22,Bldg-130,Apt ۳,PC 1 0130,FAM-00519,2025-03-24
ORD-0003695,ACC-001052,NORTH CITY,Oak St. 22,Bldg-130,Apt ۴,PC 1 0130,FAM-00520,2025-03-10
ORD-0003696,ACC-001052,NORTH CITY,Oak St. 22,Bldg-130,Apt ۴,PC 1 0130,FAM-00520,2025-09-13
ORD-0003697,ACC-001052,NORTH CITY,Oak St. 22,Bldg-130,Apt ۴,PC 1 0130,FAM-00520,2025-09-23
ORD-0003698,ACC-001052,NORTH CITY,Oak St. 22,Bldg-130,Apt ۴,PC 1 0130,FAM-00520,2025-04-20
ORD-0003699,ACC-001053,North City,Oak Street 22,Building 130,Unit 4,PC-1-0130,FAM-X-001053,2025-06-16
ORD-0003700,ACC-001053,North City,Oak Street 22,Building 130,Unit 4,PC-1-0130,FAM-X-001053,2025-02-23
ORD-0003701,ACC-001053,North City,Oak Street 22,Building 130,Unit 4,PC-1-0130,FAM-X-001053,2025-01-17
ORD-0003702,ACC-001054,NORTH CITY,Oak St. 22,Bldg-130,Apt ۴,PC 1 0130,FAM-00520,2025-10-06
ORD-0003703,ACC-001054,NORTH CITY,Oak St. 22,Bldg-130,Apt ۴,PC 1 0130,FAM-00520,2025-10-14
ORD-0003704,ACC-001054,NORTH CITY,Oak St. 22,Bldg-130,Apt ۴,PC 1 0130,FAM-00520,2025-01-11
ORD-0003705,ACC-001055,Central City,ine St 22,B ۱۳۱,۱,PC20131,FAM-00521,2025-05-11
ORD-0003706,ACC-001055,Central City,ine St 22,B ۱۳۱,۱,PC20131,FAM-00521,2025-01-05
ORD-0003707,ACC-001056,CENTRAL CITY,Pine St. 22,Bldg-131,Apt ۱,PC 2 0131,FAM-00521,2025-05-15
ORD-0003708,ACC-001056,CENTRAL CITY,Pine St. 22,Bldg-131,Apt ۱,PC 2 0131,FAM-00521,2025-09-25
ORD-0003709,ACC-001056,CENTRAL CITY,Pine St. 22,Bldg-131,Apt ۱,PC 2 0131,FAM-00521,2025-04-08
ORD-0003710,ACC-001057,Central City,ine St 22,B ۱۳۱,۲,PC20131,FAM-00521,2025-02-17
ORD-0003711,ACC-001057,Central City,ine St 22,B ۱۳۱,۲,PC20131,FAM-00521,2025-05-18
ORD-0003712,ACC-001058,Central City,Pine t 22,B ۱۳۱,۱,PC20131,FAM-00521,2025-10-29
ORD-0003713,ACC-001058,Central City,Pine t 22,B ۱۳۱,۱,PC20131,FAM-00521,2025-05-28
ORD-0003714,ACC-001059,Central City,Pine Street 22,Building 131,Unit 2,PC-2-0131,FAM-00522,2025-07-07
ORD-0003715,ACC-001059,Central City,Pine Street 22,Building 131,Unit 2,PC-2-0131,FAM-00522,2025-09-30
ORD-0003716,ACC-001059,Central City,Pine Street 22,Building 131,Unit 2,PC-2-0131,FAM-00522,2025-11-23
ORD-0003717,ACC-001060,Central City,Pne St 22,B ۱۳۱,۲,,FAM-00522,2025-03-12
ORD-0003718,ACC-001060,Central City,Pne St 22,B ۱۳۱,۲,,FAM-00522,2025-02-18
ORD-0003719,ACC-001060,Central City,Pne St 22,B ۱۳۱,۲,,FAM-00522,2025-01-24
ORD-0003720,ACC-001061,Central City,Pine Street 22,Building 131,Unit 3,PC-2-0131,FAM-00523,2025-01-21
ORD-0003721,ACC-001061,Central City,Pine Street 22,Building 131,Unit 3,PC-2-0131,FAM-00523,2025-04-27
ORD-0003722,ACC-001061,Central City,Pine Street 22,Building 131,Unit 3,PC-2-0131,FAM-00523,2025-10-23
ORD-0003723,ACC-001062,Central City,Pine S 22,B ۱۳۱,,,FAM-00523,2025-08-24
ORD-0003724,ACC-001062,Central City,Pine S 22,B ۱۳۱,,,FAM-00523,2025-01-23
ORD-0003725,ACC-001062,Central City,Pine S 22,B ۱۳۱,,,FAM-00523,2025-08-09
ORD-0003726,ACC-001062,Central City,Pine S 22,B ۱۳۱,,,FAM-00523,2025-12-11
ORD-0003727,ACC-001063,CENTRAL CITY,Pine St. 22,Bldg-131,Apt ۴,PC 2 0131,FAM-X-001063,2025-02-16
ORD-0003728,ACC-001063,CENTRAL CITY,Pine St. 22,Bldg-131,Apt ۴,PC 2 0131,FAM-X-001063,2025-12-03
ORD-0003729,ACC-001064,South City,Em St 22,B ۱۳۲,,,FAM-00525,2025-05-14
ORD-0003730,ACC-001064,South City,Em St 22,B ۱۳۲,,,FAM-00525,2025-01-12
ORD-0003731,ACC-001064,South City,Em St 22,B ۱۳۲,,,FAM-00525,2025-11-19
ORD-0003732,ACC-001064,South City,Em St 22,B ۱۳۲,,,FAM-00525,2025-04-05
ORD-0003733,ACC-001064,South City,Em St 22,B ۱۳۲,,,FAM-00525,2025-11-30
ORD-0003734,ACC-001065,South City,Elm t 22,B ۱۳۲,,PC30132,FAM-00525,2025-12-01
ORD-0003735,ACC-001065,South City,Elm t 22,B ۱۳۲,,PC30132,FAM-00525,2025-08-31
ORD-0003736,ACC-001065,South City,Elm t 22,B ۱۳۲,,PC30132,FAM-00525,2025-11-20
ORD-0003737,ACC-001066,South City,Em St 22,B ۱۳۲,۳,PC30132,FAM-X-001066,2025-04-22
ORD-0003738,ACC-001066,South City,Em St 22,B ۱۳۲,۳,PC30132,FAM-X-001066,2025-03-25
ORD-0003739,ACC-001066,South City,Em St 22,B ۱۳۲,۳,PC30132,FAM-X-001066,2025-01-09
ORD-0003740,ACC-001067,South City,Elm Street 22,Building 132,Unit 3,PC-3-0132,FAM-X-001067,2025-07-04
ORD-0003741,ACC-001067,South City,Elm Street 22,Building 132,Unit 3,PC-3-0132,FAM-X-001067,2025-08-12
ORD-0003742,ACC-001067,South City,Elm Street 22,Building 132,Unit 3,PC-3-0132,FAM-X-001067,2025-02-11
ORD-0003743,ACC-001067,South City,Elm Street 22,Building 132,Unit 3,PC-3-0132,FAM-X-001067,2025-06-20
ORD-0003744,ACC-001068,South City,Elm Street 22,Building 132,Unit 4,PC-3-0132,FAM-00528,2025-11-15
ORD-0003745,ACC-001068,South City,Elm Street 22,Building 132,Unit 4,PC-3-0132,FAM-00528,2025-10-14
ORD-0003746,ACC-001068,South City,Elm Street 22,Building 132,Unit 4,PC-3-0132,FAM-00528,2025-02-28
ORD-0003747,ACC-001068,South City,Elm Street 22,Building 132,Unit 4,PC-3-0132,FAM-00528,2025-08-04
ORD-0003748,ACC-001069,South City,Elm Street 22,Building 132,Unit 4,PC-3-0132,FAM-00528,2025-06-20
ORD-0003749,ACC-001069,South City,Elm Street 22,Building 132,Unit 4,PC-3-0132,FAM-00528,2025-09-25
ORD-0003750,ACC-001070,South City,Elm Street 22,Building 132,Unit 4,PC-3-0132,FAM-X-001070,2025-08-15
ORD-0003751,ACC-001070,South City,Elm Street 22,Building 132,Unit 4,PC-3-0132,FAM-X-001070,2025-03-06
ORD-0003752,ACC-001070,South City,Elm Street 22,Building 132,Unit 4,PC-3-0132,FAM-X-001070,2025-06-26
ORD-0003753,ACC-001071,South City,Elm Street 22,Building 132,Unit 4,PC-3-0132,FAM-00528,2025-08-20
ORD-0003754,ACC-001071,South City,Elm Street 22,Building 132,Unit 4,PC-3-0132,FAM-00528,2025-06-11
ORD-0003755,ACC-001072,NORTH CITY,Cedar St. 23,Bldg-133,Apt ۱,PC 1 0133,FAM-X-001072,2025-09-03
ORD-0003756,ACC-001072,NORTH CITY,Cedar St. 23,Bldg-133,Apt ۱,PC 1 0133,FAM-X-001072,2025-01-20
ORD-0003757,ACC-001072,NORTH CITY,Cedar St. 23,Bldg-133,Apt ۱,PC 1 0133,FAM-X-001072,2025-04-13
ORD-0003758,ACC-001073,North City,Cedar Street 23,Building 133,Unit 2,PC-1-0133,FAM-X-001073,2025-10-23
ORD-0003759,ACC-001073,North City,Cedar Street 23,Building 133,Unit 2,PC-1-0133,FAM-X-001073,2025-09-24
ORD-0003760,ACC-001073,North City,Cedar Street 23,Building 133,Unit 2,PC-1-0133,FAM-X-001073,2025-05-06
ORD-0003761,ACC-001073,North City,Cedar Street 23,Building 133,Unit 2,PC-1-0133,FAM-X-001073,2025-06-23
ORD-0003762,ACC-001073,North City,Cedar Street 23,Building 133,Unit 2,PC-1-0133,FAM-X-001073,2025-11-04
ORD-0003763,ACC-001074,NORTH CITY,Cedar St. 23,Bldg-133,Apt ۲,PC 1 0133,FAM-00530,2025-11-03
ORD-0003764,ACC-001074,NORTH CITY,Cedar St. 23,Bldg-133,Apt ۲,PC 1 0133,FAM-00530,2025-05-18
ORD-0003765,ACC-001074,NORTH CITY,Cedar St. 23,Bldg-133,Apt ۲,PC 1 0133,FAM-00530,2025-10-02
ORD-0003766,ACC-001075,North City,Cedar Street 23,Building 133,Unit 2,PC-1-0133,FAM-00530,2025-05-15
ORD-0003767,ACC-001075,North City,Cedar Street 23,Building 133,Unit 2,PC-1-0133,FAM-00530,2025-09-29
ORD-0003768,ACC-001075,North City,Cedar Street 23,Building 133,Unit 2,PC-1-0133,FAM-00530,2025-01-01
ORD-0003769,ACC-001076,North City,edar St 23,B ۱۳۳,۲,,FAM-00530,2025-07-30
ORD-0003770,ACC-001076,North City,edar St 23,B ۱۳۳,۲,,FAM-00530,2025-04-16
ORD-0003771,ACC-001076,North City,edar St 23,B ۱۳۳,۲,,FAM-00530,2025-01-20
ORD-0003772,ACC-001076,North City,edar St 23,B ۱۳۳,۲,,FAM-00530,2025-12-21
ORD-0003773,ACC-001077,NORTH CITY,Cedar St. 23,Bldg-133,Apt ۳,PC 1 0133,FAM-X-001077,2025-04-16
ORD-0003774,ACC-001077,NORTH CITY,Cedar St. 23,Bldg-133,Apt ۳,PC 1 0133,FAM-X-001077,2025-12-21
ORD-0003775,ACC-001077,NORTH CITY,Cedar St. 23,Bldg-133,Apt ۳,PC 1 0133,FAM-X-001077,2025-01-24
ORD-0003776,ACC-001077,NORTH CITY,Cedar St. 23,Bldg-133,Apt ۳,PC 1 0133,FAM-X-001077,2025-05-01
ORD-0003777,ACC-001077,NORTH CITY,Cedar St. 23,Bldg-133,Apt ۳,PC 1 0133,FAM-X-001077,2025-05-08
ORD-0003778,ACC-001078,North City,Cedar Street 23,Building 133,Unit 3,PC-1-0133,FAM-X-001078,2025-08-30
ORD-0003779,ACC-001078,North City,Cedar Street 23,Building 133,Unit 3,PC-1-0133,FAM-X-001078,2025-04-14
ORD-0003780,ACC-001079,NORTH CITY,Cedar St. 23,Bldg-133,Apt ۴,PC 1 0133,FAM-X-001079,2025-05-06
ORD-0003781,ACC-001079,NORTH CITY,Cedar St. 23,Bldg-133,Apt ۴,PC 1 0133,FAM-X-001079,2025-09-02
ORD-0003782,ACC-001079,NORTH CITY,Cedar St. 23,Bldg-133,Apt ۴,PC 1 0133,FAM-X-001079,2025-04-17
ORD-0003783,ACC-001079,NORTH CITY,Cedar St. 23,Bldg-133,Apt ۴,PC 1 0133,FAM-X-001079,2025-02-24
ORD-0003784,ACC-001079,NORTH CITY,Cedar St. 23,Bldg-133,Apt ۴,PC 1 0133,FAM-X-001079,2025-04-05
ORD-0003785,ACC-001080,Central City,Maple Street 23,Building 134,Unit 1,PC-2-0134,FAM-X-001080,2025-04-08
ORD-0003786,ACC-001080,Central City,Maple Street 23,Building 134,Unit 1,PC-2-0134,FAM-X-001080,2025-03-05
ORD-0003787,ACC-001080,Central City,Maple Street 23,Building 134,Unit 1,PC-2-0134,FAM-X-001080,2025-12-04
ORD-0003788,ACC-001080,Central City,Maple Street 23,Building 134,Unit 1,PC-2-0134,FAM-X-001080,2025-12-07
ORD-0003789,ACC-001080,Central City,Maple Street 23,Building 134,Unit 1,PC-2-0134,FAM-X-001080,2025-10-03
ORD-0003790,ACC-001081,Central City,Maple Street 23,Building 134,Unit 2,PC-2-0134,FAM-X-001081,2025-01-23
ORD-0003791,ACC-001081,Central City,Maple Street 23,Building 134,Unit 2,PC-2-0134,FAM-X-001081,2025-02-24
ORD-0003792,ACC-001082,Central City,Maple Street 23,Building 134,Unit 2,PC-2-0134,FAM-00534,2025-11-11
ORD-0003793,ACC-001082,Central City,Maple Street 23,Building 134,Unit 2,PC-2-0134,FAM-00534,2025-11-06
ORD-0003794,ACC-001082,Central City,Maple Street 23,Building 134,Unit 2,PC-2-0134,FAM-00534,2025-04-29
ORD-0003795,ACC-001083,Central City,Mple St 23,B ۱۳۴,۳,PC20134,FAM-X-001083,2025-06-20
ORD-0003796,ACC-001083,Central City,Mple St 23,B ۱۳۴,۳,PC20134,FAM-X-001083,2025-09-12
ORD-0003797,ACC-001083,Central City,Mple St 23,B ۱۳۴,۳,PC20134,FAM-X-001083,2025-07-18
ORD-0003798,ACC-001083,Central City,Mple St 23,B ۱۳۴,۳,PC20134,FAM-X-001083,2025-05-21
ORD-0003799,ACC-001083,Central City,Mple St 23,B ۱۳۴,۳,PC20134,FAM-X-001083,2025-08-05
ORD-0003800,ACC-001084,Central City,Male St 23,B ۱۳۴,۴,,FAM-X-001084,2025-06-28
ORD-0003801,ACC-001084,Central City,Male St 23,B ۱۳۴,۴,,FAM-X-001084,2025-12-10
ORD-0003802,ACC-001084,Central City,Male St 23,B ۱۳۴,۴,,FAM-X-001084,2025-08-13
ORD-0003803,ACC-001084,Central City,Male St 23,B ۱۳۴,۴,,FAM-X-001084,2025-05-31
ORD-0003804,ACC-001085,Central City,Male St 23,B ۱۳۴,۴,,FAM-X-001085,2025-07-27
ORD-0003805,ACC-001085,Central City,Male St 23,B ۱۳۴,۴,,FAM-X-001085,2025-03-30
ORD-0003806,ACC-001085,Central City,Male St 23,B ۱۳۴,۴,,FAM-X-001085,2025-08-20
ORD-0003807,ACC-001085,Central City,Male St 23,B ۱۳۴,۴,,FAM-X-001085,2025-09-05
ORD-0003808,ACC-001085,Central City,Male St 23,B ۱۳۴,۴,,FAM-X-001085,2025-12-01
ORD-0003809,ACC-001086,CENTRAL CITY,Maple St. 23,Bldg-134,Apt ۴,PC 2 0134,FAM-X-001086,2025-07-29
ORD-0003810,ACC-001086,CENTRAL CITY,Maple St. 23,Bldg-134,Apt ۴,PC 2 0134,FAM-X-001086,2025-07-03
ORD-0003811,ACC-001087,South City,Wilow St 23,B ۱۳۵,۱,,FAM-00537,2025-01-22
ORD-0003812,ACC-001087,South City,Wilow St 23,B ۱۳۵,۱,,FAM-00537,2025-06-23
ORD-0003813,ACC-001088,SOUTH CITY,Willow St. 23,Bldg-135,Apt ۱,PC 3 0135,FAM-00537,2025-08-09
ORD-0003814,ACC-001088,SOUTH CITY,Willow St. 23,Bldg-135,Apt ۱,PC 3 0135,FAM-00537,2025-01-18
ORD-0003815,ACC-001088,SOUTH CITY,Willow St. 23,Bldg-135,Apt ۱,PC 3 0135,FAM-00537,2025-06-15
ORD-0003816,ACC-001088,SOUTH CITY,Willow St. 23,Bldg-135,Apt ۱,PC 3 0135,FAM-00537,2025-09-17
ORD-0003817,ACC-001089,SOUTH CITY,Willow St. 23,Bldg-135,Apt ۲,PC 3 0135,FAM-X-001089,2025-08-17
ORD-0003818,ACC-001089,SOUTH CITY,Willow St. 23,Bldg-135,Apt ۲,PC 3 0135,FAM-X-001089,2025-11-15
ORD-0003819,ACC-001089,SOUTH CITY,Willow St. 23,Bldg-135,Apt ۲,PC 3 0135,FAM-X-001089,2025-03-24
ORD-0003820,ACC-001090,SOUTH CITY,Willow St. 23,Bldg-135,Apt ۳,PC 3 0135,FAM-X-001090,2025-01-26
ORD-0003821,ACC-001090,SOUTH CITY,Willow St. 23,Bldg-135,Apt ۳,PC 3 0135,FAM-X-001090,2025-08-19
ORD-0003822,ACC-001090,SOUTH CITY,Willow St. 23,Bldg-135,Apt ۳,PC 3 0135,FAM-X-001090,2025-06-11
ORD-0003823,ACC-001090,SOUTH CITY,Willow St. 23,Bldg-135,Apt ۳,PC 3 0135,FAM-X-001090,2025-04-12
ORD-0003824,ACC-001090,SOUTH CITY,Willow St. 23,Bldg-135,Apt ۳,PC 3 0135,FAM-X-001090,2025-04-24
ORD-0003825,ACC-001091,SOUTH CITY,Willow St. 23,Bldg-135,Apt ۳,PC 3 0135,FAM-X-001091,2025-08-13
ORD-0003826,ACC-001091,SOUTH CITY,Willow St. 23,Bldg-135,Apt ۳,PC 3 0135,FAM-X-001091,2025-12-05
ORD-0003827,ACC-001092,SOUTH CITY,Willow St. 23,Bldg-135,Apt ۴,PC 3 0135,FAM-X-001092,2025-01-30
ORD-0003828,ACC-001092,SOUTH CITY,Willow St. 23,Bldg-135,Apt ۴,PC 3 0135,FAM-X-001092,2025-01-22
ORD-0003829,ACC-001093,SOUTH CITY,Willow St. 23,Bldg-135,Apt ۴,PC 3 0135,FAM-X-001093,2025-06-03
ORD-0003830,ACC-001093,SOUTH CITY,Willow St. 23,Bldg-135,Apt ۴,PC 3 0135,FAM-X-001093,2025-09-22
ORD-0003831,ACC-001094,North City,Oak Street 23,Building 136,Unit 1,PC-1-0136,FAM-X-001094,2025-11-09
ORD-0003832,ACC-001094,North City,Oak Street 23,Building 136,Unit 1,PC-1-0136,FAM-X-001094,2025-02-11
ORD-0003833,ACC-001095,NORTH CITY,Oak St. 23,Bldg-136,Apt ۲,PC 1 0136,FAM-00542,2025-07-25
ORD-0003834,ACC-001095,NORTH CITY,Oak St. 23,Bldg-136,Apt ۲,PC 1 0136,FAM-00542,2025-03-03
ORD-0003835,ACC-001096,North City,Ok St 23,B ۱۳۶,۲,,FAM-00542,2025-03-25
ORD-0003836,ACC-001096,North City,Ok St 23,B ۱۳۶,۲,,FAM-00542,2025-10-08
ORD-0003837,ACC-001096,North City,Ok St 23,B ۱۳۶,۲,,FAM-00542,2025-07-31
ORD-0003838,ACC-001096,North City,Ok St 23,B ۱۳۶,۲,,FAM-00542,2025-10-28
ORD-0003839,ACC-001096,North City,Ok St 23,B ۱۳۶,۲,,FAM-00542,2025-01-30
ORD-0003840,ACC-001097,North City,Oak Street 23,Building 136,Unit 3,PC-1-0136,FAM-X-001097,2025-11-19
ORD-0003841,ACC-001097,North City,Oak Street 23,Building 136,Unit 3,PC-1-0136,FAM-X-001097,2025-02-17
ORD-0003842,ACC-001097,North City,Oak Street 23,Building 136,Unit 3,PC-1-0136,FAM-X-001097,2025-06-12
ORD-0003843,ACC-001097,North City,Oak Street 23,Building 136,Unit 3,PC-1-0136,FAM-X-001097,2025-09-25
ORD-0003844,ACC-001097,North City,Oak Street 23,Building 136,Unit 3,PC-1-0136,FAM-X-001097,2025-08-04
ORD-0003845,ACC-001098,North City,Oak Street 23,Building 136,Unit 4,PC-1-0136,FAM-X-001098,2025-03-16
ORD-0003846,ACC-001098,North City,Oak Street 23,Building 136,Unit 4,PC-1-0136,FAM-X-001098,2025-09-15
ORD-0003847,ACC-001098,North City,Oak Street 23,Building 136,Unit 4,PC-1-0136,FAM-X-001098,2025-11-29
ORD-0003848,ACC-001098,North City,Oak Street 23,Building 136,Unit 4,PC-1-0136,FAM-X-001098,2025-10-18
ORD-0003849,ACC-001098,North City,Oak Street 23,Building 136,Unit 4,PC-1-0136,FAM-X-001098,2025-10-19
ORD-0003850,ACC-001099,CENTRAL CITY,Pine St. 23,Bldg-137,Apt ۱,PC 2 0137,FAM-X-001099,2025-06-02
ORD-0003851,ACC-001099,CENTRAL CITY,Pine St. 23,Bldg-137,Apt ۱,PC 2 0137,FAM-X-001099,2025-07-11
ORD-0003852,ACC-001099,CENTRAL CITY,Pine St. 23,Bldg-137,Apt ۱,PC 2 0137,FAM-X-001099,2025-01-06
ORD-0003853,ACC-001099,CENTRAL CITY,Pine St. 23,Bldg-137,Apt ۱,PC 2 0137,FAM-X-001099,2025-04-17
ORD-0003854,ACC-001100,Central City,Pine Street 23,Building 137,Unit 2,PC-2-0137,FAM-X-001100,2025-12-29
ORD-0003855,ACC-001100,Central City,Pine Street 23,Building 137,Unit 2,PC-2-0137,FAM-X-001100,2025-09-12
ORD-0003856,ACC-001100,Central City,Pine Street 23,Building 137,Unit 2,PC-2-0137,FAM-X-001100,2025-12-13
ORD-0003857,ACC-001100,Central City,Pine Street 23,Building 137,Unit 2,PC-2-0137,FAM-X-001100,2025-04-04
ORD-0003858,ACC-001101,Central City,Pin St 23,B ۱۳۷,۳,,FAM-X-001101,2025-08-19
ORD-0003859,ACC-001101,Central City,Pin St 23,B ۱۳۷,۳,,FAM-X-001101,2025-07-20
ORD-0003860,ACC-001101,Central City,Pin St 23,B ۱۳۷,۳,,FAM-X-001101,2025-03-25
ORD-0003861,ACC-001101,Central City,Pin St 23,B ۱۳۷,۳,,FAM-X-001101,2025-07-08
ORD-0003862,ACC-001101,Central City,Pin St 23,B ۱۳۷,۳,,FAM-X-001101,2025-08-16
ORD-0003863,ACC-001102,Central City,Pine Street 23,Building 137,Unit 3,PC-2-0137,FAM-X-001102,2025-12-27
ORD-0003864,ACC-001102,Central City,Pine Street 23,Building 137,Unit 3,PC-2-0137,FAM-X-001102,2025-07-30
ORD-0003865,ACC-001102,Central City,Pine Street 23,Building 137,Unit 3,PC-2-0137,FAM-X-001102,2025-04-15
ORD-0003866,ACC-001102,Central City,Pine Street 23,Building 137,Unit 3,PC-2-0137,FAM-X-001102,2025-10-03
ORD-0003867,ACC-001102,Central City,Pine Street 23,Building 137,Unit 3,PC-2-0137,FAM-X-001102,2025-05-21
ORD-0003868,ACC-001103,Central City,Pie St 23,B ۱۳۷,۳,,FAM-X-001103,2025-08-02
ORD-0003869,ACC-001103,Central City,Pie St 23,B ۱۳۷,۳,,FAM-X-001103,2025-11-08
ORD-0003870,ACC-001103,Central City,Pie St 23,B ۱۳۷,۳,,FAM-X-001103,2025-06-03
ORD-0003871,ACC-001103,Central City,Pie St 23,B ۱۳۷,۳,,FAM-X-001103,2025-10-31
ORD-0003872,ACC-001104,Central City,Pine Street 23,Building 137,Unit 3,PC-2-0137,FAM-X-001104,2025-08-23
ORD-0003873,ACC-001104,Central City,Pine Street 23,Building 137,Unit 3,PC-2-0137,FAM-X-001104,2025-03-13
ORD-0003874,ACC-001105,CENTRAL CITY,Pine St. 23,Bldg-137,Apt ۴,PC 2 0137,FAM-X-001105,2025-02-08
ORD-0003875,ACC-001105,CENTRAL CITY,Pine St. 23,Bldg-137,Apt ۴,PC 2 0137,FAM-X-001105,2025-03-30
ORD-0003876,ACC-001106,Central City,Pin St 23,B ۱۳۷,۴,,FAM-X-001106,2025-02-15
ORD-0003877,ACC-001106,Central City,Pin St 23,B ۱۳۷,۴,,FAM-X-001106,2025-08-02
ORD-0003878,ACC-001107,Central City,Pine S 23,B ۱۳۷,,PC20137,FAM-X-001107,2025-02-05
ORD-0003879,ACC-001107,Central City,Pine S 23,B ۱۳۷,,PC20137,FAM-X-001107,2025-11-01
ORD-0003880,ACC-001108,SOUTH CITY,Elm St. 23,Bldg-138,Apt ۱,PC 3 0138,FAM-X-001108,2025-06-13
ORD-0003881,ACC-001108,SOUTH CITY,Elm St. 23,Bldg-138,Apt ۱,PC 3 0138,FAM-X-001108,2025-11-03
ORD-0003882,ACC-001109,South City,Elm Street 23,Building 138,Unit 1,PC-3-0138,FAM-00549,2025-10-09
ORD-0003883,ACC-001109,South City,Elm Street 23,Building 138,Unit 1,PC-3-0138,FAM-00549,2025-11-21
ORD-0003884,ACC-001109,South City,Elm Street 23,Building 138,Unit 1,PC-3-0138,FAM-00549,2025-07-20
ORD-0003885,ACC-001109,South City,Elm Street 23,Building 138,Unit 1,PC-3-0138,FAM-00549,2025-04-27
ORD-0003886,ACC-001110,SOUTH CITY,Elm St. 23,Bldg-138,Apt ۱,PC 3 0138,FAM-00549,2025-05-27
ORD-0003887,ACC-001110,SOUTH CITY,Elm St. 23,Bldg-138,Apt ۱,PC 3 0138,FAM-00549,2025-03-14
ORD-0003888,ACC-001110,SOUTH CITY,Elm St. 23,Bldg-138,Apt ۱,PC 3 0138,FAM-00549,2025-07-07
ORD-0003889,ACC-001110,SOUTH CITY,Elm St. 23,Bldg-138,Apt ۱,PC 3 0138,FAM-00549,2025-10-29
ORD-0003890,ACC-001110,SOUTH CITY,Elm St. 23,Bldg-138,Apt ۱,PC 3 0138,FAM-00549,2025-03-23
ORD-0003891,ACC-001111,South City,Elm Street 23,Building 138,Unit 2,PC-3-0138,FAM-X-001111,2025-09-26
ORD-0003892,ACC-001111,South City,Elm Street 23,Building 138,Unit 2,PC-3-0138,FAM-X-001111,2025-10-06
ORD-0003893,ACC-001111,South City,Elm Street 23,Building 138,Unit 2,PC-3-0138,FAM-X-001111,2025-05-01
ORD-0003894,ACC-001111,South City,Elm Street 23,Building 138,Unit 2,PC-3-0138,FAM-X-001111,2025-01-24
ORD-0003895,ACC-001111,South City,Elm Street 23,Building 138,Unit 2,PC-3-0138,FAM-X-001111,2025-04-23
ORD-0003896,ACC-001112,South City,lm St 23,B ۱۳۸,۳,,FAM-X-001112,2025-11-27
ORD-0003897,ACC-001112,South City,lm St 23,B ۱۳۸,۳,,FAM-X-001112,2025-04-24
ORD-0003898,ACC-001112,South City,lm St 23,B ۱۳۸,۳,,FAM-X-001112,2025-04-20
ORD-0003899,ACC-001113,South City,Elm Street 23,Building 138,Unit 3,PC-3-0138,FAM-X-001113,2025-11-20
ORD-0003900,ACC-001113,South City,Elm Street 23,Building 138,Unit 3,PC-3-0138,FAM-X-001113,2025-02-19
ORD-0003901,ACC-001113,South City,Elm Street 23,Building 138,Unit 3,PC-3-0138,FAM-X-001113,2025-09-06
ORD-0003902,ACC-001113,South City,Elm Street 23,Building 138,Unit 3,PC-3-0138,FAM-X-001113,2025-10-07
ORD-0003903,ACC-001114,South City,Elm Street 23,Building 138,Unit 3,PC-3-0138,FAM-X-001114,2025-06-28
ORD-0003904,ACC-001114,South City,Elm Street 23,Building 138,Unit 3,PC-3-0138,FAM-X-001114,2025-12-14
ORD-0003905,ACC-001114,South City,Elm Street 23,Building 138,Unit 3,PC-3-0138,FAM-X-001114,2025-11-28
ORD-0003906,ACC-001114,South City,Elm Street 23,Building 138,Unit 3,PC-3-0138,FAM-X-001114,2025-08-12
ORD-0003907,ACC-001114,South City,Elm Street 23,Building 138,Unit 3,PC-3-0138,FAM-X-001114,2025-12-18
ORD-0003908,ACC-001115,South City,Elm t 23,B ۱۳۸,۳,PC30138,FAM-X-001115,2025-08-22
ORD-0003909,ACC-001115,South City,Elm t 23,B ۱۳۸,۳,PC30138,FAM-X-001115,2025-11-12
ORD-0003910,ACC-001116,South City,Elm Street 23,Building 138,Unit 4,PC-3-0138,FAM-X-001116,2025-01-02
ORD-0003911,ACC-001116,South City,Elm Street 23,Building 138,Unit 4,PC-3-0138,FAM-X-001116,2025-03-08
ORD-0003912,ACC-001116,South City,Elm Street 23,Building 138,Unit 4,PC-3-0138,FAM-X-001116,2025-12-08
ORD-0003913,ACC-001116,South City,Elm Street 23,Building 138,Unit 4,PC-3-0138,FAM-X-001116,2025-12-15
ORD-0003914,ACC-001116,South City,Elm Street 23,Building 138,Unit 4,PC-3-0138,FAM-X-001116,2025-05-30
ORD-0003915,ACC-001117,South City,Elm S 23,B ۱۳۸,,,FAM-X-001117,2025-10-05
ORD-0003916,ACC-001117,South City,Elm S 23,B ۱۳۸,,,FAM-X-001117,2025-05-02
ORD-0003917,ACC-001117,South City,Elm S 23,B ۱۳۸,,,FAM-X-001117,2025-10-02
ORD-0003918,ACC-001118,South City,Elm Street 23,Building 138,Unit 4,PC-3-0138,FAM-X-001118,2025-08-11
ORD-0003919,ACC-001118,South City,Elm Street 23,Building 138,Unit 4,PC-3-0138,FAM-X-001118,2025-03-24
ORD-0003920,ACC-001118,South City,Elm Street 23,Building 138,Unit 4,PC-3-0138,FAM-X-001118,2025-02-22
ORD-0003921,ACC-001119,SOUTH CITY,Elm St. 23,Bldg-138,Apt ۴,PC 3 0138,FAM-X-001119,2025-03-29
ORD-0003922,ACC-001119,SOUTH CITY,Elm St. 23,Bldg-138,Apt ۴,PC 3 0138,FAM-X-001119,2025-01-07
ORD-0003923,ACC-001119,SOUTH CITY,Elm St. 23,Bldg-138,Apt ۴,PC 3 0138,FAM-X-001119,2025-01-20
ORD-0003924,ACC-001120,North City,Cear St 24,B ۱۳۹,۱,,FAM-X-001120,2025-09-07
ORD-0003925,ACC-001120,North City,Cear St 24,B ۱۳۹,۱,,FAM-X-001120,2025-05-31
ORD-0003926,ACC-001120,North City,Cear St 24,B ۱۳۹,۱,,FAM-X-001120,2025-12-11
ORD-0003927,ACC-001120,North City,Cear St 24,B ۱۳۹,۱,,FAM-X-001120,2025-05-11
ORD-0003928,ACC-001120,North City,Cear St 24,B ۱۳۹,۱,,FAM-X-001120,2025-11-02
ORD-0003929,ACC-001121,NORTH CITY,Cedar St. 24,Bldg-139,Apt ۲,PC 1 0139,FAM-X-001121,2025-10-25
ORD-0003930,ACC-001121,NORTH CITY,Cedar St. 24,Bldg-139,Apt ۲,PC 1 0139,FAM-X-001121,2025-10-20
ORD-0003931,ACC-001121,NORTH CITY,Cedar St. 24,Bldg-139,Apt ۲,PC 1 0139,FAM-X-001121,2025-02-27
ORD-0003932,ACC-001121,NORTH CITY,Cedar St. 24,Bldg-139,Apt ۲,PC 1 0139,FAM-X-001121,2025-11-16
ORD-0003933,ACC-001122,NORTH CITY,Cedar St. 24,Bldg-139,Apt ۳,PC 1 0139,FAM-X-001122,2025-03-23
ORD-0003934,ACC-001122,NORTH CITY,Cedar St. 24,Bldg-139,Apt ۳,PC 1 0139,FAM-X-001122,2025-05-14
ORD-0003935,ACC-001122,NORTH CITY,Cedar St. 24,Bldg-139,Apt ۳,PC 1 0139,FAM-X-001122,2025-01-14
ORD-0003936,ACC-001123,NORTH CITY,Cedar St. 24,Bldg-139,Apt ۴,PC 1 0139,FAM-00556,2025-12-30
ORD-0003937,ACC-001123,NORTH CITY,Cedar St. 24,Bldg-139,Apt ۴,PC 1 0139,FAM-00556,2025-11-11
ORD-0003938,ACC-001123,NORTH CITY,Cedar St. 24,Bldg-139,Apt ۴,PC 1 0139,FAM-00556,2025-12-29
ORD-0003939,ACC-001124,NORTH CITY,Cedar St. 24,Bldg-139,Apt ۴,PC 1 0139,FAM-X-001124,2025-03-30
ORD-0003940,ACC-001124,NORTH CITY,Cedar St. 24,Bldg-139,Apt ۴,PC 1 0139,FAM-X-001124,2025-02-02
ORD-0003941,ACC-001124,NORTH CITY,Cedar St. 24,Bldg-139,Apt ۴,PC 1 0139,FAM-X-001124,2025-09-27
ORD-0003942,ACC-001124,NORTH CITY,Cedar St. 24,Bldg-139,Apt ۴,PC 1 0139,FAM-X-001124,2025-10-24
ORD-0003943,ACC-001125,North City,Cedar S 24,B ۱۳۹,۴,,FAM-00556,2025-09-10
ORD-0003944,ACC-001125,North City,Cedar S 24,B ۱۳۹,۴,,FAM-00556,2025-05-04
ORD-0003945,ACC-001126,CENTRAL CITY,Maple St. 24,Bldg-140,Apt ۱,PC 2 0140,FAM-X-001126,2025-02-07
ORD-0003946,ACC-001126,CENTRAL CITY,Maple St. 24,Bldg-140,Apt ۱,PC 2 0140,FAM-X-001126,2025-08-17
ORD-0003947,ACC-001127,CENTRAL CITY,Maple St. 24,Bldg-140,Apt ۲,PC 2 0140,FAM-X-001127,2025-05-25
ORD-0003948,ACC-001127,CENTRAL CITY,Maple St. 24,Bldg-140,Apt ۲,PC 2 0140,FAM-X-001127,2025-11-22
ORD-0003949,ACC-001127,CENTRAL CITY,Maple St. 24,Bldg-140,Apt ۲,PC 2 0140,FAM-X-001127,2025-06-01
ORD-0003950,ACC-001127,CENTRAL CITY,Maple St. 24,Bldg-140,Apt ۲,PC 2 0140,FAM-X-001127,2025-10-19
ORD-0003951,ACC-001128,CENTRAL CITY,Maple St. 24,Bldg-140,Apt ۲,PC 2 0140,FAM-X-001128,2025-09-26
ORD-0003952,ACC-001128,CENTRAL CITY,Maple St. 24,Bldg-140,Apt ۲,PC 2 0140,FAM-X-001128,2025-07-25
ORD-0003953,ACC-001128,CENTRAL CITY,Maple St. 24,Bldg-140,Apt ۲,PC 2 0140,FAM-X-001128,2025-08-13
ORD-0003954,ACC-001128,CENTRAL CITY,Maple St. 24,Bldg-140,Apt ۲,PC 2 0140,FAM-X-001128,2025-07-05
ORD-0003955,ACC-001129,Central City,Male St 24,B ۱۴۰,,,FAM-X-001129,2025-10-12
ORD-0003956,ACC-001129,Central City,Male St 24,B ۱۴۰,,,FAM-X-001129,2025-01-28
ORD-0003957,ACC-001129,Central City,Male St 24,B ۱۴۰,,,FAM-X-001129,2025-08-24
ORD-0003958,ACC-001129,Central City,Male St 24,B ۱۴۰,,,FAM-X-001129,2025-09-05
ORD-0003959,ACC-001129,Central City,Male St 24,B ۱۴۰,,,FAM-X-001129,2025-07-05
ORD-0003960,ACC-001130,CENTRAL CITY,Maple St. 24,Bldg-140,Apt ۳,PC 2 0140,FAM-X-001130,2025-08-09
ORD-0003961,ACC-001130,CENTRAL CITY,Maple St. 24,Bldg-140,Apt ۳,PC 2 0140,FAM-X-001130,2025-10-17
ORD-0003962,ACC-001130,CENTRAL CITY,Maple St. 24,Bldg-140,Apt ۳,PC 2 0140,FAM-X-001130,2025-04-01
ORD-0003963,ACC-001130,CENTRAL CITY,Maple St. 24,Bldg-140,Apt ۳,PC 2 0140,FAM-X-001130,2025-04-20
ORD-0003964,ACC-001131,Central City,Maple Street 24,Building 140,Unit 3,PC-2-0140,FAM-X-001131,2025-05-09
ORD-0003965,ACC-001131,Central City,Maple Street 24,Building 140,Unit 3,PC-2-0140,FAM-X-001131,2025-04-25
ORD-0003966,ACC-001131,Central City,Maple Street 24,Building 140,Unit 3,PC-2-0140,FAM-X-001131,2025-05-30
ORD-0003967,ACC-001132,CENTRAL CITY,Maple St. 24,Bldg-140,Apt ۴,PC 2 0140,FAM-X-001132,2025-03-05
ORD-0003968,ACC-001132,CENTRAL CITY,Maple St. 24,Bldg-140,Apt ۴,PC 2 0140,FAM-X-001132,2025-06-15
ORD-0003969,ACC-001133,Central City,Maple Street 24,Building 140,Unit 4,PC-2-0140,FAM-X-001133,2025-06-22
ORD-0003970,ACC-001133,Central City,Maple Street 24,Building 140,Unit 4,PC-2-0140,FAM-X-001133,2025-09-08
ORD-0003971,ACC-001133,Central City,Maple Street 24,Building 140,Unit 4,PC-2-0140,FAM-X-001133,2025-09-23
ORD-0003972,ACC-001134,SOUTH CITY,Willow St. 24,Bldg-141,Apt ۱,PC 3 0141,FAM-X-001134,2025-11-19
ORD-0003973,ACC-001134,SOUTH CITY,Willow St. 24,Bldg-141,Apt ۱,PC 3 0141,FAM-X-001134,2025-04-19
ORD-0003974,ACC-001135,SOUTH CITY,Willow St. 24,Bldg-141,Apt ۱,PC 3 0141,FAM-X-001135,2025-08-27
ORD-0003975,ACC-001135,SOUTH CITY,Willow St. 24,Bldg-141,Apt ۱,PC 3 0141,FAM-X-001135,2025-08-15
ORD-0003976,ACC-001135,SOUTH CITY,Willow St. 24,Bldg-141,Apt ۱,PC 3 0141,FAM-X-001135,2025-07-20
ORD-0003977,ACC-001136,South City,Willow S 24,B ۱۴۱,۲,,FAM-X-001136,2025-04-10
ORD-0003978,ACC-001136,South City,Willow S 24,B ۱۴۱,۲,,FAM-X-001136,2025-05-18
ORD-0003979,ACC-001136,South City,Willow S 24,B ۱۴۱,۲,,FAM-X-001136,2025-12-09
ORD-0003980,ACC-001137,SOUTH CITY,Willow St. 24,Bldg-141,Apt ۳,PC 3 0141,FAM-X-001137,2025-02-24
ORD-0003981,ACC-001137,SOUTH CITY,Willow St. 24,Bldg-141,Apt ۳,PC 3 0141,FAM-X-001137,2025-06-18
ORD-0003982,ACC-001137,SOUTH CITY,Willow St. 24,Bldg-141,Apt ۳,PC 3 0141,FAM-X-001137,2025-02-08
ORD-0003983,ACC-001138,South City,Willow Street 24,Building 141,Unit 4,PC-3-0141,FAM-00564,2025-09-06
ORD-0003984,ACC-001138,South City,Willow Street 24,Building 141,Unit 4,PC-3-0141,FAM-00564,2025-12-30
ORD-0003985,ACC-001138,South City,Willow Street 24,Building 141,Unit 4,PC-3-0141,FAM-00564,2025-11-06
ORD-0003986,ACC-001138,South City,Willow Street 24,Building 141,Unit 4,PC-3-0141,FAM-00564,2025-11-12
ORD-0003987,ACC-001138,South City,Willow Street 24,Building 141,Unit 4,PC-3-0141,FAM-00564,2025-02-06
ORD-0003988,ACC-001139,South City,Willow Street 24,Building 141,Unit 4,PC-3-0141,FAM-00564,2025-08-16
ORD-0003989,ACC-001139,South City,Willow Street 24,Building 141,Unit 4,PC-3-0141,FAM-00564,2025-10-27
ORD-0003990,ACC-001140,SOUTH CITY,Willow St. 24,Bldg-141,Apt ۴,PC 3 0141,FAM-00564,2025-07-22
ORD-0003991,ACC-001140,SOUTH CITY,Willow St. 24,Bldg-141,Apt ۴,PC 3 0141,FAM-00564,2025-12-08
ORD-0003992,ACC-001140,SOUTH CITY,Willow St. 24,Bldg-141,Apt ۴,PC 3 0141,FAM-00564,2025-04-03
ORD-0003993,ACC-001141,SOUTH CITY,Willow St. 24,Bldg-141,Apt ۴,PC 3 0141,FAM-00564,2025-08-24
ORD-0003994,ACC-001141,SOUTH CITY,Willow St. 24,Bldg-141,Apt ۴,PC 3 0141,FAM-00564,2025-09-11
ORD-0003995,ACC-001141,SOUTH CITY,Willow St. 24,Bldg-141,Apt ۴,PC 3 0141,FAM-00564,2025-09-26
ORD-0003996,ACC-001142,North City,ak St 24,B ۱۴۲,۱,,FAM-00565,2025-07-23
ORD-0003997,ACC-001142,North City,ak St 24,B ۱۴۲,۱,,FAM-00565,2025-04-16
ORD-0003998,ACC-001143,North City,Oak Street 24,Building 142,Unit 1,PC-1-0142,FAM-00565,2025-03-02
ORD-0003999,ACC-001143,North City,Oak Street 24,Building 142,Unit 1,PC-1-0142,FAM-00565,2025-02-10
ORD-0004000,ACC-001144,NORTH CITY,Oak St. 24,Bldg-142,Apt ۲,PC 1 0142,FAM-00566,2025-03-16
ORD-0004001,ACC-001144,NORTH CITY,Oak St. 24,Bldg-142,Apt ۲,PC 1 0142,FAM-00566,2025-04-24
ORD-0004002,ACC-001144,NORTH CITY,Oak St. 24,Bldg-142,Apt ۲,PC 1 0142,FAM-00566,2025-03-20
ORD-0004003,ACC-001145,North City,Ok St 24,B ۱۴۲,۲,,FAM-00566,2025-04-06
ORD-0004004,ACC-001145,North City,Ok St 24,B ۱۴۲,۲,,FAM-00566,2025-06-24
ORD-0004005,ACC-001145,North City,Ok St 24,B ۱۴۲,۲,,FAM-00566,2025-02-27
ORD-0004006,ACC-001146,North City,Ok St 24,B ۱۴۲,۳,PC10142,FAM-00567,2025-09-13
ORD-0004007,ACC-001146,North City,Ok St 24,B ۱۴۲,۳,PC10142,FAM-00567,2025-10-11
ORD-0004008,ACC-001146,North City,Ok St 24,B ۱۴۲,۳,PC10142,FAM-00567,2025-04-19
ORD-0004009,ACC-001146,North City,Ok St 24,B ۱۴۲,۳,PC10142,FAM-00567,2025-02-12
ORD-0004010,ACC-001147,North City,Oak S 24,B ۱۴۲,۳,PC10142,FAM-00567,2025-09-14
ORD-0004011,ACC-001147,North City,Oak S 24,B ۱۴۲,۳,PC10142,FAM-00567,2025-02-20
ORD-0004012,ACC-001148,North City,Ok St 24,B ۱۴۲,۳,,FAM-00567,2025-07-31
ORD-0004013,ACC-001148,North City,Ok St 24,B ۱۴۲,۳,,FAM-00567,2025-04-17
ORD-0004014,ACC-001148,North City,Ok St 24,B ۱۴۲,۳,,FAM-00567,2025-10-07
ORD-0004015,ACC-001148,North City,Ok St 24,B ۱۴۲,۳,,FAM-00567,2025-02-18
ORD-0004016,ACC-001148,North City,Ok St 24,B ۱۴۲,۳,,FAM-00567,2025-09-20
ORD-0004017,ACC-001149,NORTH CITY,Oak St. 24,Bldg-142,Apt ۴,PC 1 0142,FAM-X-001149,2025-07-21
ORD-0004018,ACC-001149,NORTH CITY,Oak St. 24,Bldg-142,Apt ۴,PC 1 0142,FAM-X-001149,2025-04-10
ORD-0004019,ACC-001149,NORTH CITY,Oak St. 24,Bldg-142,Apt ۴,PC 1 0142,FAM-X-001149,2025-08-17
ORD-0004020,ACC-001149,NORTH CITY,Oak St. 24,Bldg-142,Apt ۴,PC 1 0142,FAM-X-001149,2025-04-07
ORD-0004021,ACC-001149,NORTH CITY,Oak St. 24,Bldg-142,Apt ۴,PC 1 0142,FAM-X-001149,2025-07-23
ORD-0004022,ACC-001150,Central City,Pin St 24,B ۱۴۳,۲,,FAM-X-001150,2025-01-04
ORD-0004023,ACC-001150,Central City,Pin St 24,B ۱۴۳,۲,,FAM-X-001150,2025-02-20
ORD-0004024,ACC-001150,Central City,Pin St 24,B ۱۴۳,۲,,FAM-X-001150,2025-09-30
ORD-0004025,ACC-001150,Central City,Pin St 24,B ۱۴۳,۲,,FAM-X-001150,2025-10-28
ORD-0004026,ACC-001151,CENTRAL CITY,Pine St. 24,Bldg-143,Apt ۱,PC 2 0143,FAM-X-001151,2025-06-24
ORD-0004027,ACC-001151,CENTRAL CITY,Pine St. 24,Bldg-143,Apt ۱,PC 2 0143,FAM-X-001151,2025-03-03
ORD-0004028,ACC-001151,CENTRAL CITY,Pine St. 24,Bldg-143,Apt ۱,PC 2 0143,FAM-X-001151,2025-07-02
ORD-0004029,ACC-001152,Central City,Pine t 24,B ۱۴۳,۱,,FAM-X-001152,2025-12-29
ORD-0004030,ACC-001152,Central City,Pine t 24,B ۱۴۳,۱,,FAM-X-001152,2025-08-22
ORD-0004031,ACC-001153,Central City,Pine Street 24,Building 143,Unit 2,PC-2-0143,FAM-X-001153,2025-02-04
ORD-0004032,ACC-001153,Central City,Pine Street 24,Building 143,Unit 2,PC-2-0143,FAM-X-001153,2025-04-08
ORD-0004033,ACC-001154,CENTRAL CITY,Pine St. 24,Bldg-143,Apt ۳,PC 2 0143,FAM-00571,2025-11-02
ORD-0004034,ACC-001154,CENTRAL CITY,Pine St. 24,Bldg-143,Apt ۳,PC 2 0143,FAM-00571,2025-03-25
ORD-0004035,ACC-001154,CENTRAL CITY,Pine St. 24,Bldg-143,Apt ۳,PC 2 0143,FAM-00571,2025-09-10
ORD-0004036,ACC-001154,CENTRAL CITY,Pine St. 24,Bldg-143,Apt ۳,PC 2 0143,FAM-00571,2025-08-17
ORD-0004037,ACC-001154,CENTRAL CITY,Pine St. 24,Bldg-143,Apt ۳,PC 2 0143,FAM-00571,2025-08-05
ORD-0004038,ACC-001155,Central City,Pine Street 24,Building 143,Unit 3,PC-2-0143,FAM-00571,2025-01-14
ORD-0004039,ACC-001155,Central City,Pine Street 24,Building 143,Unit 3,PC-2-0143,FAM-00571,2025-06-22
ORD-0004040,ACC-001155,Central City,Pine Street 24,Building 143,Unit 3,PC-2-0143,FAM-00571,2025-04-07
ORD-0004041,ACC-001155,Central City,Pine Street 24,Building 143,Unit 3,PC-2-0143,FAM-00571,2025-03-03
ORD-0004042,ACC-001155,Central City,Pine Street 24,Building 143,Unit 3,PC-2-0143,FAM-00571,2025-01-21
ORD-0004043,ACC-001156,CENTRAL CITY,Pine St. 24,Bldg-143,Apt ۴,PC 2 0143,FAM-00572,2025-06-16
ORD-0004044,ACC-001156,CENTRAL CITY,Pine St. 24,Bldg-143,Apt ۴,PC 2 0143,FAM-00572,2025-07-05
ORD-0004045,ACC-001157,Central City,Pine Street 24,Building 143,Unit 4,PC-2-0143,FAM-00572,2025-03-18
ORD-0004046,ACC-001157,Central City,Pine Street 24,Building 143,Unit 4,PC-2-0143,FAM-00572,2025-08-22
ORD-0004047,ACC-001157,Central City,Pine Street 24,Building 143,Unit 4,PC-2-0143,FAM-00572,2025-10-20
ORD-0004048,ACC-001158,SOUTH CITY,Elm St. 24,Bldg-144,Apt ۱,PC 3 0144,FAM-X-001158,2025-04-25
ORD-0004049,ACC-001158,SOUTH CITY,Elm St. 24,Bldg-144,Apt ۱,PC 3 0144,FAM-X-001158,2025-04-23
ORD-0004050,ACC-001158,SOUTH CITY,Elm St. 24,Bldg-144,Apt ۱,PC 3 0144,FAM-X-001158,2025-11-10
ORD-0004051,ACC-001158,SOUTH CITY,Elm St. 24,Bldg-144,Apt ۱,PC 3 0144,FAM-X-001158,2025-01-06
ORD-0004052,ACC-001159,SOUTH CITY,Elm St. 24,Bldg-144,Apt ۲,PC 3 0144,FAM-X-001159,2025-04-24
ORD-0004053,ACC-001159,SOUTH CITY,Elm St. 24,Bldg-144,Apt ۲,PC 3 0144,FAM-X-001159,2025-12-20
ORD-0004054,ACC-001160,SOUTH CITY,Elm St. 24,Bldg-144,Apt ۳,PC 3 0144,FAM-X-001160,2025-02-20
ORD-0004055,ACC-001160,SOUTH CITY,Elm St. 24,Bldg-144,Apt ۳,PC 3 0144,FAM-X-001160,2025-04-15
ORD-0004056,ACC-001160,SOUTH CITY,Elm St. 24,Bldg-144,Apt ۳,PC 3 0144,FAM-X-001160,2025-05-08
ORD-0004057,ACC-001160,SOUTH CITY,Elm St. 24,Bldg-144,Apt ۳,PC 3 0144,FAM-X-001160,2025-08-15
ORD-0004058,ACC-001161,South City,Elm Street 24,Building 144,Unit 4,PC-3-0144,FAM-00576,2025-12-30
ORD-0004059,ACC-001161,South City,Elm Street 24,Building 144,Unit 4,PC-3-0144,FAM-00576,2025-03-07
ORD-0004060,ACC-001161,South City,Elm Street 24,Building 144,Unit 4,PC-3-0144,FAM-00576,2025-12-20
ORD-0004061,ACC-001162,South City,Elm Street 24,Building 144,Unit 4,PC-3-0144,FAM-00576,2025-05-06
ORD-0004062,ACC-001162,South City,Elm Street 24,Building 144,Unit 4,PC-3-0144,FAM-00576,2025-11-01
ORD-0004063,ACC-001162,South City,Elm Street 24,Building 144,Unit 4,PC-3-0144,FAM-00576,2025-02-28
ORD-0004064,ACC-001163,SOUTH CITY,Elm St. 24,Bldg-144,Apt ۴,PC 3 0144,FAM-00576,2025-07-16
ORD-0004065,ACC-001163,SOUTH CITY,Elm St. 24,Bldg-144,Apt ۴,PC 3 0144,FAM-00576,2025-04-02
ORD-0004066,ACC-001164,NORTH CITY,Cedar St. 25,Bldg-145,Apt ۱,PC 1 0145,FAM-X-001164,2025-09-05
ORD-0004067,ACC-001164,NORTH CITY,Cedar St. 25,Bldg-145,Apt ۱,PC 1 0145,FAM-X-001164,2025-05-14
ORD-0004068,ACC-001164,NORTH CITY,Cedar St. 25,Bldg-145,Apt ۱,PC 1 0145,FAM-X-001164,2025-07-28
ORD-0004069,ACC-001164,NORTH CITY,Cedar St. 25,Bldg-145,Apt ۱,PC 1 0145,FAM-X-001164,2025-01-16
ORD-0004070,ACC-001164,NORTH CITY,Cedar St. 25,Bldg-145,Apt ۱,PC 1 0145,FAM-X-001164,2025-05-28
ORD-0004071,ACC-001165,North City,Cedar Street 25,Building 145,Unit 2,PC-1-0145,FAM-00578,2025-09-07
ORD-0004072,ACC-001165,North City,Cedar Street 25,Building 145,Unit 2,PC-1-0145,FAM-00578,2025-12-18
ORD-0004073,ACC-001165,North City,Cedar Street 25,Building 145,Unit 2,PC-1-0145,FAM-00578,2025-06-20
ORD-0004074,ACC-001166,NORTH CITY,Cedar St. 25,Bldg-145,Apt ۲,PC 1 0145,FAM-00578,2025-10-07
ORD-0004075,ACC-001166,NORTH CITY,Cedar St. 25,Bldg-145,Apt ۲,PC 1 0145,FAM-00578,2025-07-31
ORD-0004076,ACC-001166,NORTH CITY,Cedar St. 25,Bldg-145,Apt ۲,PC 1 0145,FAM-00578,2025-12-08
ORD-0004077,ACC-001166,NORTH CITY,Cedar St. 25,Bldg-145,Apt ۲,PC 1 0145,FAM-00578,2025-10-25
ORD-0004078,ACC-001166,NORTH CITY,Cedar St. 25,Bldg-145,Apt ۲,PC 1 0145,FAM-00578,2025-01-24
ORD-0004079,ACC-001167,North City,Cedar S 25,B ۱۴۵,۲,,FAM-00578,2025-02-27
ORD-0004080,ACC-001167,North City,Cedar S 25,B ۱۴۵,۲,,FAM-00578,2025-07-06
ORD-0004081,ACC-001167,North City,Cedar S 25,B ۱۴۵,۲,,FAM-00578,2025-01-23
ORD-0004082,ACC-001167,North City,Cedar S 25,B ۱۴۵,۲,,FAM-00578,2025-02-22
ORD-0004083,ACC-001168,NORTH CITY,Cedar St. 25,Bldg-145,Apt ۲,PC 1 0145,FAM-X-001168,2025-05-19
ORD-0004084,ACC-001168,NORTH CITY,Cedar St. 25,Bldg-145,Apt ۲,PC 1 0145,FAM-X-001168,2025-10-13
ORD-0004085,ACC-001168,NORTH CITY,Cedar St. 25,Bldg-145,Apt ۲,PC 1 0145,FAM-X-001168,2025-02-04
ORD-0004086,ACC-001169,North City,Cedar Street 25,Building 145,Unit 3,PC-1-0145,FAM-X-001169,2025-03-04
ORD-0004087,ACC-001169,North City,Cedar Street 25,Building 145,Unit 3,PC-1-0145,FAM-X-001169,2025-08-17
ORD-0004088,ACC-001169,North City,Cedar Street 25,Building 145,Unit 3,PC-1-0145,FAM-X-001169,2025-07-17
ORD-0004089,ACC-001169,North City,Cedar Street 25,Building 145,Unit 3,PC-1-0145,FAM-X-001169,2025-02-13
ORD-0004090,ACC-001169,North City,Cedar Street 25,Building 145,Unit 3,PC-1-0145,FAM-X-001169,2025-09-20
ORD-0004091,ACC-001170,North City,Cedar Street 25,Building 145,Unit 3,PC-1-0145,FAM-X-001170,2025-06-12
ORD-0004092,ACC-001170,North City,Cedar Street 25,Building 145,Unit 3,PC-1-0145,FAM-X-001170,2025-10-28
ORD-0004093,ACC-001171,NORTH CITY,Cedar St. 25,Bldg-145,Apt ۳,PC 1 0145,FAM-X-001171,2025-12-13
ORD-0004094,ACC-001171,NORTH CITY,Cedar St. 25,Bldg-145,Apt ۳,PC 1 0145,FAM-X-001171,2025-06-19
ORD-0004095,ACC-001171,NORTH CITY,Cedar St. 25,Bldg-145,Apt ۳,PC 1 0145,FAM-X-001171,2025-12-24
ORD-0004096,ACC-001171,NORTH CITY,Cedar St. 25,Bldg-145,Apt ۳,PC 1 0145,FAM-X-001171,2025-07-08
ORD-0004097,ACC-001172,North City,Cedar S 25,B ۱۴۵,۴,PC10145,FAM-X-001172,2025-02-25
ORD-0004098,ACC-001172,North City,Cedar S 25,B ۱۴۵,۴,PC10145,FAM-X-001172,2025-09-23
ORD-0004099,ACC-001172,North City,Cedar S 25,B ۱۴۵,۴,PC10145,FAM-X-001172,2025-02-12
ORD-0004100,ACC-001172,North City,Cedar S 25,B ۱۴۵,۴,PC10145,FAM-X-001172,2025-07-27
ORD-0004101,ACC-001172,North City,Cedar S 25,B ۱۴۵,۴,PC10145,FAM-X-001172,2025-12-04
ORD-0004102,ACC-001173,CENTRAL CITY,Maple St. 25,Bldg-146,Apt ۱,PC 2 0146,FAM-X-001173,2025-06-16
ORD-0004103,ACC-001173,CENTRAL CITY,Maple St. 25,Bldg-146,Apt ۱,PC 2 0146,FAM-X-001173,2025-04-05
ORD-0004104,ACC-001174,Central City,aple St 25,B ۱۴۶,۲,PC20146,FAM-X-001174,2025-04-14
ORD-0004105,ACC-001174,Central City,aple St 25,B ۱۴۶,۲,PC20146,FAM-X-001174,2025-09-28
ORD-0004106,ACC-001175,CENTRAL CITY,Maple St. 25,Bldg-146,Apt ۳,PC 2 0146,FAM-X-001175,2025-10-19
ORD-0004107,ACC-001175,CENTRAL CITY,Maple St. 25,Bldg-146,Apt ۳,PC 2 0146,FAM-X-001175,2025-01-03
ORD-0004108,ACC-001176,CENTRAL CITY,Maple St. 25,Bldg-146,Apt ۴,PC 2 0146,FAM-X-001176,2025-05-22
ORD-0004109,ACC-001176,CENTRAL CITY,Maple St. 25,Bldg-146,Apt ۴,PC 2 0146,FAM-X-001176,2025-10-29
ORD-0004110,ACC-001176,CENTRAL CITY,Maple St. 25,Bldg-146,Apt ۴,PC 2 0146,FAM-X-001176,2025-05-24
ORD-0004111,ACC-001177,Central City,Maple Street 25,Building 146,Unit 4,PC-2-0146,FAM-X-001177,2025-04-08
ORD-0004112,ACC-001177,Central City,Maple Street 25,Building 146,Unit 4,PC-2-0146,FAM-X-001177,2025-06-08
ORD-0004113,ACC-001177,Central City,Maple Street 25,Building 146,Unit 4,PC-2-0146,FAM-X-001177,2025-07-03
ORD-0004114,ACC-001178,CENTRAL CITY,Maple St. 25,Bldg-146,Apt ۴,PC 2 0146,FAM-X-001178,2025-07-18
ORD-0004115,ACC-001178,CENTRAL CITY,Maple St. 25,Bldg-146,Apt ۴,PC 2 0146,FAM-X-001178,2025-01-20
ORD-0004116,ACC-001179,South City,Willow Street 25,Building 147,Unit 1,PC-3-0147,FAM-X-001179,2025-05-14
ORD-0004117,ACC-001179,South City,Willow Street 25,Building 147,Unit 1,PC-3-0147,FAM-X-001179,2025-01-14
ORD-0004118,ACC-001179,South City,Willow Street 25,Building 147,Unit 1,PC-3-0147,FAM-X-001179,2025-12-08
ORD-0004119,ACC-001179,South City,Willow Street 25,Building 147,Unit 1,PC-3-0147,FAM-X-001179,2025-02-18
ORD-0004120,ACC-001179,South City,Willow Street 25,Building 147,Unit 1,PC-3-0147,FAM-X-001179,2025-08-29
ORD-0004121,ACC-001180,SOUTH CITY,Willow St. 25,Bldg-147,Apt ۲,PC 3 0147,FAM-X-001180,2025-11-18
ORD-0004122,ACC-001180,SOUTH CITY,Willow St. 25,Bldg-147,Apt ۲,PC 3 0147,FAM-X-001180,2025-05-28
ORD-0004123,ACC-001180,SOUTH CITY,Willow St. 25,Bldg-147,Apt ۲,PC 3 0147,FAM-X-001180,2025-04-13
ORD-0004124,ACC-001180,SOUTH CITY,Willow St. 25,Bldg-147,Apt ۲,PC 3 0147,FAM-X-001180,2025-02-26
ORD-0004125,ACC-001181,SOUTH CITY,Willow St. 25,Bldg-147,Apt ۲,PC 3 0147,FAM-X-001181,2025-05-02
ORD-0004126,ACC-001181,SOUTH CITY,Willow St. 25,Bldg-147,Apt ۲,PC 3 0147,FAM-X-001181,2025-12-15
ORD-0004127,ACC-001181,SOUTH CITY,Willow St. 25,Bldg-147,Apt ۲,PC 3 0147,FAM-X-001181,2025-11-14
ORD-0004128,ACC-001181,SOUTH CITY,Willow St. 25,Bldg-147,Apt ۲,PC 3 0147,FAM-X-001181,2025-04-23
ORD-0004129,ACC-001181,SOUTH CITY,Willow St. 25,Bldg-147,Apt ۲,PC 3 0147,FAM-X-001181,2025-06-27
ORD-0004130,ACC-001182,South City,Willow Street 25,Building 147,Unit 2,PC-3-0147,FAM-X-001182,2025-04-16
ORD-0004131,ACC-001182,South City,Willow Street 25,Building 147,Unit 2,PC-3-0147,FAM-X-001182,2025-08-04
ORD-0004132,ACC-001183,South City,Willow Street 25,Building 147,Unit 3,PC-3-0147,FAM-00587,2025-02-07
ORD-0004133,ACC-001183,South City,Willow Street 25,Building 147,Unit 3,PC-3-0147,FAM-00587,2025-10-23
ORD-0004134,ACC-001184,SOUTH CITY,Willow St. 25,Bldg-147,Apt ۳,PC 3 0147,FAM-00587,2025-05-11
ORD-0004135,ACC-001184,SOUTH CITY,Willow St. 25,Bldg-147,Apt ۳,PC 3 0147,FAM-00587,2025-11-21
ORD-0004136,ACC-001184,SOUTH CITY,Willow St. 25,Bldg-147,Apt ۳,PC 3 0147,FAM-00587,2025-01-26
ORD-0004137,ACC-001184,SOUTH CITY,Willow St. 25,Bldg-147,Apt ۳,PC 3 0147,FAM-00587,2025-02-09
ORD-0004138,ACC-001185,South City,Willow Street 25,Building 147,Unit 3,PC-3-0147,FAM-00587,2025-02-12
ORD-0004139,ACC-001185,South City,Willow Street 25,Building 147,Unit 3,PC-3-0147,FAM-00587,2025-07-29
ORD-0004140,ACC-001185,South City,Willow Street 25,Building 147,Unit 3,PC-3-0147,FAM-00587,2025-08-30
ORD-0004141,ACC-001185,South City,Willow Street 25,Building 147,Unit 3,PC-3-0147,FAM-00587,2025-01-31
ORD-0004142,ACC-001185,South City,Willow Street 25,Building 147,Unit 3,PC-3-0147,FAM-00587,2025-12-10
ORD-0004143,ACC-001186,South City,illow St 25,B ۱۴۷,۳,,FAM-00587,2025-09-24
ORD-0004144,ACC-001186,South City,illow St 25,B ۱۴۷,۳,,FAM-00587,2025-09-07
ORD-0004145,ACC-001187,SOUTH CITY,Willow St. 25,Bldg-147,Apt ۴,PC 3 0147,FAM-X-001187,2025-02-18
ORD-0004146,ACC-001187,SOUTH CITY,Willow St. 25,Bldg-147,Apt ۴,PC 3 0147,FAM-X-001187,2025-08-10
ORD-0004147,ACC-001188,NORTH CITY,Oak St. 25,Bldg-148,Apt ۱,PC 1 0148,FAM-X-001188,2025-01-24
ORD-0004148,ACC-001188,NORTH CITY,Oak St. 25,Bldg-148,Apt ۱,PC 1 0148,FAM-X-001188,2025-01-21
ORD-0004149,ACC-001188,NORTH CITY,Oak St. 25,Bldg-148,Apt ۱,PC 1 0148,FAM-X-001188,2025-07-16
ORD-0004150,ACC-001189,NORTH CITY,Oak St. 25,Bldg-148,Apt ۱,PC 1 0148,FAM-X-001189,2025-02-20
ORD-0004151,ACC-001189,NORTH CITY,Oak St. 25,Bldg-148,Apt ۱,PC 1 0148,FAM-X-001189,2025-07-15
ORD-0004152,ACC-001189,NORTH CITY,Oak St. 25,Bldg-148,Apt ۱,PC 1 0148,FAM-X-001189,2025-07-21
ORD-0004153,ACC-001190,North City,Oak Street 25,Building 148,Unit 1,PC-1-0148,FAM-X-001190,2025-11-05
ORD-0004154,ACC-001190,North City,Oak Street 25,Building 148,Unit 1,PC-1-0148,FAM-X-001190,2025-04-09
ORD-0004155,ACC-001190,North City,Oak Street 25,Building 148,Unit 1,PC-1-0148,FAM-X-001190,2025-11-01
ORD-0004156,ACC-001190,North City,Oak Street 25,Building 148,Unit 1,PC-1-0148,FAM-X-001190,2025-09-22
ORD-0004157,ACC-001191,North City,Oa St 25,B ۱۴۸,۱,,FAM-X-001191,2025-05-15
ORD-0004158,ACC-001191,North City,Oa St 25,B ۱۴۸,۱,,FAM-X-001191,2025-12-08
ORD-0004159,ACC-001192,North City,Oak Street 25,Building 148,Unit 1,PC-1-0148,FAM-X-001192,2025-07-08
ORD-0004160,ACC-001192,North City,Oak Street 25,Building 148,Unit 1,PC-1-0148,FAM-X-001192,2025-05-20
ORD-0004161,ACC-001192,North City,Oak Street 25,Building 148,Unit 1,PC-1-0148,FAM-X-001192,2025-06-24
ORD-0004162,ACC-001192,North City,Oak Street 25,Building 148,Unit 1,PC-1-0148,FAM-X-001192,2025-04-06
ORD-0004163,ACC-001193,North City,ak St 25,B ۱۴۸,۱,,FAM-X-001193,2025-09-01
ORD-0004164,ACC-001193,North City,ak St 25,B ۱۴۸,۱,,FAM-X-001193,2025-02-18
ORD-0004165,ACC-001193,North City,ak St 25,B ۱۴۸,۱,,FAM-X-001193,2025-07-14
ORD-0004166,ACC-001193,North City,ak St 25,B ۱۴۸,۱,,FAM-X-001193,2025-11-12
ORD-0004167,ACC-001193,North City,ak St 25,B ۱۴۸,۱,,FAM-X-001193,2025-06-19
ORD-0004168,ACC-001194,NORTH CITY,Oak St. 25,Bldg-148,Apt ۲,PC 1 0148,FAM-X-001194,2025-02-18
ORD-0004169,ACC-001194,NORTH CITY,Oak St. 25,Bldg-148,Apt ۲,PC 1 0148,FAM-X-001194,2025-09-08
ORD-0004170,ACC-001195,North City,Oak Street 25,Building 148,Unit 3,PC-1-0148,FAM-X-001195,2025-04-27
ORD-0004171,ACC-001195,North City,Oak Street 25,Building 148,Unit 3,PC-1-0148,FAM-X-001195,2025-07-05
ORD-0004172,ACC-001196,NORTH CITY,Oak St. 25,Bldg-148,Apt ۴,PC 1 0148,FAM-X-001196,2025-01-14
ORD-0004173,ACC-001196,NORTH CITY,Oak St. 25,Bldg-148,Apt ۴,PC 1 0148,FAM-X-001196,2025-02-12
ORD-0004174,ACC-001197,CENTRAL CITY,Pine St. 25,Bldg-149,Apt ۱,PC 2 0149,FAM-X-001197,2025-09-22
ORD-0004175,ACC-001197,CENTRAL CITY,Pine St. 25,Bldg-149,Apt ۱,PC 2 0149,FAM-X-001197,2025-04-18
ORD-0004176,ACC-001197,CENTRAL CITY,Pine St. 25,Bldg-149,Apt ۱,PC 2 0149,FAM-X-001197,2025-04-07
ORD-0004177,ACC-001198,Central City,Pine Street 25,Building 149,Unit 2,PC-2-0149,FAM-X-001198,2025-12-16
ORD-0004178,ACC-001198,Central City,Pine Street 25,Building 149,Unit 2,PC-2-0149,FAM-X-001198,2025-08-27
ORD-0004179,ACC-001198,Central City,Pine Street 25,Building 149,Unit 2,PC-2-0149,FAM-X-001198,2025-03-11
ORD-0004180,ACC-001199,CENTRAL CITY,Pine St. 25,Bldg-149,Apt ۳,PC 2 0149,FAM-X-001199,2025-03-11
ORD-0004181,ACC-001199,CENTRAL CITY,Pine St. 25,Bldg-149,Apt ۳,PC 2 0149,FAM-X-001199,2025-10-02
ORD-0004182,ACC-001199,CENTRAL CITY,Pine St. 25,Bldg-149,Apt ۳,PC 2 0149,FAM-X-001199,2025-02-27
ORD-0004183,ACC-001199,CENTRAL CITY,Pine St. 25,Bldg-149,Apt ۳,PC 2 0149,FAM-X-001199,2025-10-13
ORD-0004184,ACC-001200,CENTRAL CITY,Pine St. 25,Bldg-149,Apt ۴,PC 2 0149,FAM-00596,2025-09-25
ORD-0004185,ACC-001200,CENTRAL CITY,Pine St. 25,Bldg-149,Apt ۴,PC 2 0149,FAM-00596,2025-04-30
ORD-0004186,ACC-001201,Central City,Pine t 25,B ۱۴۹,۴,PC20149,FAM-00596,2025-12-08
ORD-0004187,ACC-001201,Central City,Pine t 25,B ۱۴۹,۴,PC20149,FAM-00596,2025-04-14
ORD-0004188,ACC-001201,Central City,Pine t 25,B ۱۴۹,۴,PC20149,FAM-00596,2025-11-04
ORD-0004189,ACC-001201,Central City,Pine t 25,B ۱۴۹,۴,PC20149,FAM-00596,2025-06-04
ORD-0004190,ACC-001201,Central City,Pine t 25,B ۱۴۹,۴,PC20149,FAM-00596,2025-03-18
ORD-0004191,ACC-001202,South City,Elm Street 25,Building 150,Unit 1,PC-3-0150,FAM-X-001202,2025-02-25
ORD-0004192,ACC-001202,South City,Elm Street 25,Building 150,Unit 1,PC-3-0150,FAM-X-001202,2025-09-09
ORD-0004193,ACC-001203,SOUTH CITY,Elm St. 25,Bldg-150,Apt ۱,PC 3 0150,FAM-00597,2025-07-28
ORD-0004194,ACC-001203,SOUTH CITY,Elm St. 25,Bldg-150,Apt ۱,PC 3 0150,FAM-00597,2025-04-12
ORD-0004195,ACC-001204,SOUTH CITY,Elm St. 25,Bldg-150,Apt ۲,PC 3 0150,FAM-00598,2025-01-04
ORD-0004196,ACC-001204,SOUTH CITY,Elm St. 25,Bldg-150,Apt ۲,PC 3 0150,FAM-00598,2025-09-12
ORD-0004197,ACC-001204,SOUTH CITY,Elm St. 25,Bldg-150,Apt ۲,PC 3 0150,FAM-00598,2025-08-30
ORD-0004198,ACC-001204,SOUTH CITY,Elm St. 25,Bldg-150,Apt ۲,PC 3 0150,FAM-00598,2025-12-25
ORD-0004199,ACC-001204,SOUTH CITY,Elm St. 25,Bldg-150,Apt ۲,PC 3 0150,FAM-00598,2025-05-25
ORD-0004200,ACC-001205,SOUTH CITY,Elm St. 25,Bldg-150,Apt ۲,PC 3 0150,FAM-00598,2025-10-14
ORD-0004201,ACC-001205,SOUTH CITY,Elm St. 25,Bldg-150,Apt ۲,PC 3 0150,FAM-00598,2025-06-05
ORD-0004202,ACC-001205,SOUTH CITY,Elm St. 25,Bldg-150,Apt ۲,PC 3 0150,FAM-00598,2025-03-24
ORD-0004203,ACC-001206,SOUTH CITY,Elm St. 25,Bldg-150,Apt ۳,PC 3 0150,FAM-00599,2025-01-09
ORD-0004204,ACC-001206,SOUTH CITY,Elm St. 25,Bldg-150,Apt ۳,PC 3 0150,FAM-00599,2025-01-14
ORD-0004205,ACC-001206,SOUTH CITY,Elm St. 25,Bldg-150,Apt ۳,PC 3 0150,FAM-00599,2025-12-22
ORD-0004206,ACC-001206,SOUTH CITY,Elm St. 25,Bldg-150,Apt ۳,PC 3 0150,FAM-00599,2025-07-12
ORD-0004207,ACC-001206,SOUTH CITY,Elm St. 25,Bldg-150,Apt ۳,PC 3 0150,FAM-00599,2025-05-22
ORD-0004208,ACC-001207,SOUTH CITY,Elm St. 25,Bldg-150,Apt ۳,PC 3 0150,FAM-00599,2025-02-02
ORD-0004209,ACC-001207,SOUTH CITY,Elm St. 25,Bldg-150,Apt ۳,PC 3 0150,FAM-00599,2025-09-23
ORD-0004210,ACC-001207,SOUTH CITY,Elm St. 25,Bldg-150,Apt ۳,PC 3 0150,FAM-00599,2025-01-08
ORD-0004211,ACC-001207,SOUTH CITY,Elm St. 25,Bldg-150,Apt ۳,PC 3 0150,FAM-00599,2025-09-20
ORD-0004212,ACC-001207,SOUTH CITY,Elm St. 25,Bldg-150,Apt ۳,PC 3 0150,FAM-00599,2025-02-17
ORD-0004213,ACC-001208,SOUTH CITY,Elm St. 25,Bldg-150,Apt ۳,PC 3 0150,FAM-00599,2025-01-18
ORD-0004214,ACC-001208,SOUTH CITY,Elm St. 25,Bldg-150,Apt ۳,PC 3 0150,FAM-00599,2025-11-03
ORD-0004215,ACC-001208,SOUTH CITY,Elm St. 25,Bldg-150,Apt ۳,PC 3 0150,FAM-00599,2025-03-20
ORD-0004216,ACC-001209,SOUTH CITY,Elm St. 25,Bldg-150,Apt ۴,PC 3 0150,FAM-X-001209,2025-10-08
ORD-0004217,ACC-001209,SOUTH CITY,Elm St. 25,Bldg-150,Apt ۴,PC 3 0150,FAM-X-001209,2025-01-17
ORD-0004218,ACC-001210,North City,Cedar S 26,B ۱۵۱,,PC10151,FAM-X-001210,2025-01-19
ORD-0004219,ACC-001210,North City,Cedar S 26,B ۱۵۱,,PC10151,FAM-X-001210,2025-07-04
ORD-0004220,ACC-001210,North City,Cedar S 26,B ۱۵۱,,PC10151,FAM-X-001210,2025-06-04
ORD-0004221,ACC-001211,North City,Cedar Street 26,Building 151,Unit 2,PC-1-0151,FAM-00602,2025-05-22
ORD-0004222,ACC-001211,North City,Cedar Street 26,Building 151,Unit 2,PC-1-0151,FAM-00602,2025-05-25
ORD-0004223,ACC-001211,North City,Cedar Street 26,Building 151,Unit 2,PC-1-0151,FAM-00602,2025-01-29
ORD-0004224,ACC-001212,North City,Cedar Street 26,Building 151,Unit 2,PC-1-0151,FAM-X-001212,2025-07-09
ORD-0004225,ACC-001212,North City,Cedar Street 26,Building 151,Unit 2,PC-1-0151,FAM-X-001212,2025-01-12
ORD-0004226,ACC-001212,North City,Cedar Street 26,Building 151,Unit 2,PC-1-0151,FAM-X-001212,2025-06-28
ORD-0004227,ACC-001213,NORTH CITY,Cedar St. 26,Bldg-151,Apt ۳,PC 1 0151,FAM-X-001213,2025-11-26
ORD-0004228,ACC-001213,NORTH CITY,Cedar St. 26,Bldg-151,Apt ۳,PC 1 0151,FAM-X-001213,2025-04-01
ORD-0004229,ACC-001213,NORTH CITY,Cedar St. 26,Bldg-151,Apt ۳,PC 1 0151,FAM-X-001213,2025-04-11
ORD-0004230,ACC-001213,NORTH CITY,Cedar St. 26,Bldg-151,Apt ۳,PC 1 0151,FAM-X-001213,2025-02-26
ORD-0004231,ACC-001214,North City,Cedar Street 26,Building 151,Unit 4,PC-1-0151,FAM-X-001214,2025-06-09
ORD-0004232,ACC-001214,North City,Cedar Street 26,Building 151,Unit 4,PC-1-0151,FAM-X-001214,2025-05-28
ORD-0004233,ACC-001214,North City,Cedar Street 26,Building 151,Unit 4,PC-1-0151,FAM-X-001214,2025-06-12
ORD-0004234,ACC-001214,North City,Cedar Street 26,Building 151,Unit 4,PC-1-0151,FAM-X-001214,2025-11-30
ORD-0004235,ACC-001215,NORTH CITY,Cedar St. 26,Bldg-151,Apt ۴,PC 1 0151,FAM-X-001215,2025-01-18
ORD-0004236,ACC-001215,NORTH CITY,Cedar St. 26,Bldg-151,Apt ۴,PC 1 0151,FAM-X-001215,2025-02-23
ORD-0004237,ACC-001216,CENTRAL CITY,Maple St. 26,Bldg-152,Apt ۱,PC 2 0152,FAM-00605,2025-06-15
ORD-0004238,ACC-001216,CENTRAL CITY,Maple St. 26,Bldg-152,Apt ۱,PC 2 0152,FAM-00605,2025-06-21
ORD-0004239,ACC-001217,Central City,Mape St 26,B ۱۵۲,۱,PC20152,FAM-00605,2025-05-09
ORD-0004240,ACC-001217,Central City,Mape St 26,B ۱۵۲,۱,PC20152,FAM-00605,2025-02-05
ORD-0004241,ACC-001217,Central City,Mape St 26,B ۱۵۲,۱,PC20152,FAM-00605,2025-01-28
ORD-0004242,ACC-001218,CENTRAL CITY,Maple St. 26,Bldg-152,Apt ۲,PC 2 0152,FAM-X-001218,2025-11-02
ORD-0004243,ACC-001218,CENTRAL CITY,Maple St. 26,Bldg-152,Apt ۲,PC 2 0152,FAM-X-001218,2025-07-01
ORD-0004244,ACC-001219,Central City,Maple Street 26,Building 152,Unit 3,PC-2-0152,FAM-00607,2025-02-22
ORD-0004245,ACC-001219,Central City,Maple Street 26,Building 152,Unit 3,PC-2-0152,FAM-00607,2025-03-02
ORD-0004246,ACC-001219,Central City,Maple Street 26,Building 152,Unit 3,PC-2-0152,FAM-00607,2025-07-04
ORD-0004247,ACC-001219,Central City,Maple Street 26,Building 152,Unit 3,PC-2-0152,FAM-00607,2025-02-03
ORD-0004248,ACC-001220,Central City,Male St 26,B ۱۵۲,۳,,FAM-X-001220,2025-03-09
ORD-0004249,ACC-001220,Central City,Male St 26,B ۱۵۲,۳,,FAM-X-001220,2025-03-16
ORD-0004250,ACC-001220,Central City,Male St 26,B ۱۵۲,۳,,FAM-X-001220,2025-06-19
ORD-0004251,ACC-001220,Central City,Male St 26,B ۱۵۲,۳,,FAM-X-001220,2025-06-06
ORD-0004252,ACC-001221,Central City,Maple S 26,B ۱۵۲,۴,,FAM-X-001221,2025-12-13
ORD-0004253,ACC-001221,Central City,Maple S 26,B ۱۵۲,۴,,FAM-X-001221,2025-06-26
ORD-0004254,ACC-001221,Central City,Maple S 26,B ۱۵۲,۴,,FAM-X-001221,2025-09-18
ORD-0004255,ACC-001221,Central City,Maple S 26,B ۱۵۲,۴,,FAM-X-001221,2025-03-31
ORD-0004256,ACC-001222,South City,Willow Street 26,Building 153,Unit 1,PC-3-0153,FAM-00609,2025-06-15
ORD-0004257,ACC-001222,South City,Willow Street 26,Building 153,Unit 1,PC-3-0153,FAM-00609,2025-05-16
ORD-0004258,ACC-001222,South City,Willow Street 26,Building 153,Unit 1,PC-3-0153,FAM-00609,2025-11-03
ORD-0004259,ACC-001222,South City,Willow Street 26,Building 153,Unit 1,PC-3-0153,FAM-00609,2025-03-09
ORD-0004260,ACC-001223,South City,illow St 26,B ۱۵۳,,,FAM-00609,2025-03-22
ORD-0004261,ACC-001223,South City,illow St 26,B ۱۵۳,,,FAM-00609,2025-08-14
ORD-0004262,ACC-001224,South City,Willow Street 26,Building 153,Unit 1,PC-3-0153,FAM-00609,2025-05-24
ORD-0004263,ACC-001224,South City,Willow Street 26,Building 153,Unit 1,PC-3-0153,FAM-00609,2025-09-23
ORD-0004264,ACC-001224,South City,Willow Street 26,Building 153,Unit 1,PC-3-0153,FAM-00609,2025-08-30
ORD-0004265,ACC-001224,South City,Willow Street 26,Building 153,Unit 1,PC-3-0153,FAM-00609,2025-03-18
ORD-0004266,ACC-001225,SOUTH CITY,Willow St. 26,Bldg-153,Apt ۱,PC 3 0153,FAM-00609,2025-01-22
ORD-0004267,ACC-001225,SOUTH CITY,Willow St. 26,Bldg-153,Apt ۱,PC 3 0153,FAM-00609,2025-05-23
ORD-0004268,ACC-001225,SOUTH CITY,Willow St. 26,Bldg-153,Apt ۱,PC 3 0153,FAM-00609,2025-10-08
ORD-0004269,ACC-001226,SOUTH CITY,Willow St. 26,Bldg-153,Apt ۲,PC 3 0153,FAM-X-001226,2025-02-01
ORD-0004270,ACC-001226,SOUTH CITY,Willow St. 26,Bldg-153,Apt ۲,PC 3 0153,FAM-X-001226,2025-12-30
ORD-0004271,ACC-001226,SOUTH CITY,Willow St. 26,Bldg-153,Apt ۲,PC 3 0153,FAM-X-001226,2025-11-03
ORD-0004272,ACC-001227,South City,Wilow St 26,B ۱۵۳,۴,PC30153,FAM-X-001227,2025-11-09
ORD-0004273,ACC-001227,South City,Wilow St 26,B ۱۵۳,۴,PC30153,FAM-X-001227,2025-11-28
ORD-0004274,ACC-001227,South City,Wilow St 26,B ۱۵۳,۴,PC30153,FAM-X-001227,2025-12-13
ORD-0004275,ACC-001227,South City,Wilow St 26,B ۱۵۳,۴,PC30153,FAM-X-001227,2025-12-28
ORD-0004276,ACC-001227,South City,Wilow St 26,B ۱۵۳,۴,PC30153,FAM-X-001227,2025-08-23
ORD-0004277,ACC-001228,South City,Wllow St 26,B ۱۵۳,۳,,FAM-00611,2025-12-19
ORD-0004278,ACC-001228,South City,Wllow St 26,B ۱۵۳,۳,,FAM-00611,2025-10-26
ORD-0004279,ACC-001228,South City,Wllow St 26,B ۱۵۳,۳,,FAM-00611,2025-03-16
ORD-0004280,ACC-001229,South City,Willow Street 26,Building 153,Unit 4,PC-3-0153,FAM-00612,2025-02-02
ORD-0004281,ACC-001229,South City,Willow Street 26,Building 153,Unit 4,PC-3-0153,FAM-00612,2025-01-29
ORD-0004282,ACC-001229,South City,Willow Street 26,Building 153,Unit 4,PC-3-0153,FAM-00612,2025-09-10
ORD-0004283,ACC-001229,South City,Willow Street 26,Building 153,Unit 4,PC-3-0153,FAM-00612,2025-06-13
ORD-0004284,ACC-001229,South City,Willow Street 26,Building 153,Unit 4,PC-3-0153,FAM-00612,2025-11-06
ORD-0004285,ACC-001230,SOUTH CITY,Willow St. 26,Bldg-153,Apt ۴,PC 3 0153,FAM-00612,2025-02-27
ORD-0004286,ACC-001230,SOUTH CITY,Willow St. 26,Bldg-153,Apt ۴,PC 3 0153,FAM-00612,2025-04-29
ORD-0004287,ACC-001230,SOUTH CITY,Willow St. 26,Bldg-153,Apt ۴,PC 3 0153,FAM-00612,2025-11-05
ORD-0004288,ACC-001230,SOUTH CITY,Willow St. 26,Bldg-153,Apt ۴,PC 3 0153,FAM-00612,2025-01-16
ORD-0004289,ACC-001230,SOUTH CITY,Willow St. 26,Bldg-153,Apt ۴,PC 3 0153,FAM-00612,2025-12-14
ORD-0004290,ACC-001231,NORTH CITY,Oak St. 26,Bldg-154,Apt ۱,PC 1 0154,FAM-X-001231,2025-07-04
ORD-0004291,ACC-001231,NORTH CITY,Oak St. 26,Bldg-154,Apt ۱,PC 1 0154,FAM-X-001231,2025-01-25
ORD-0004292,ACC-001232,NORTH CITY,Oak St. 26,Bldg-154,Apt ۲,PC 1 0154,FAM-00614,2025-03-29
ORD-0004293,ACC-001232,NORTH CITY,Oak St. 26,Bldg-154,Apt ۲,PC 1 0154,FAM-00614,2025-05-19
ORD-0004294,ACC-001232,NORTH CITY,Oak St. 26,Bldg-154,Apt ۲,PC 1 0154,FAM-00614,2025-09-26
ORD-0004295,ACC-001232,NORTH CITY,Oak St. 26,Bldg-154,Apt ۲,PC 1 0154,FAM-00614,2025-11-12
ORD-0004296,ACC-001233,North City,Oak Street 26,Building 154,Unit 2,PC-1-0154,FAM-00614,2025-03-09
ORD-0004297,ACC-001233,North City,Oak Street 26,Building 154,Unit 2,PC-1-0154,FAM-00614,2025-11-07
ORD-0004298,ACC-001233,North City,Oak Street 26,Building 154,Unit 2,PC-1-0154,FAM-00614,2025-11-05
ORD-0004299,ACC-001234,NORTH CITY,Oak St. 26,Bldg-154,Apt ۲,PC 1 0154,FAM-00614,2025-04-02
ORD-0004300,ACC-001234,NORTH CITY,Oak St. 26,Bldg-154,Apt ۲,PC 1 0154,FAM-00614,2025-06-14
ORD-0004301,ACC-001235,NORTH CITY,Oak St. 26,Bldg-154,Apt ۳,PC 1 0154,FAM-00615,2025-11-13
ORD-0004302,ACC-001235,NORTH CITY,Oak St. 26,Bldg-154,Apt ۳,PC 1 0154,FAM-00615,2025-05-19
ORD-0004303,ACC-001235,NORTH CITY,Oak St. 26,Bldg-154,Apt ۳,PC 1 0154,FAM-00615,2025-04-07
ORD-0004304,ACC-001236,NORTH CITY,Oak St. 26,Bldg-154,Apt ۳,PC 1 0154,FAM-00615,2025-08-02
ORD-0004305,ACC-001236,NORTH CITY,Oak St. 26,Bldg-154,Apt ۳,PC 1 0154,FAM-00615,2025-09-18
ORD-0004306,ACC-001236,NORTH CITY,Oak St. 26,Bldg-154,Apt ۳,PC 1 0154,FAM-00615,2025-07-12
ORD-0004307,ACC-001237,North City,Oak S 26,B ۱۵۴,۳,,FAM-00615,2025-08-21
ORD-0004308,ACC-001237,North City,Oak S 26,B ۱۵۴,۳,,FAM-00615,2025-12-19
ORD-0004309,ACC-001237,North City,Oak S 26,B ۱۵۴,۳,,FAM-00615,2025-12-15
ORD-0004310,ACC-001237,North City,Oak S 26,B ۱۵۴,۳,,FAM-00615,2025-06-03
ORD-0004311,ACC-001237,North City,Oak S 26,B ۱۵۴,۳,,FAM-00615,2025-09-23
ORD-0004312,ACC-001238,NORTH CITY,Oak St. 26,Bldg-154,Apt ۳,PC 1 0154,FAM-00615,2025-10-09
ORD-0004313,ACC-001238,NORTH CITY,Oak St. 26,Bldg-154,Apt ۳,PC 1 0154,FAM-00615,2025-08-16
ORD-0004314,ACC-001238,NORTH CITY,Oak St. 26,Bldg-154,Apt ۳,PC 1 0154,FAM-00615,2025-12-02
ORD-0004315,ACC-001238,NORTH CITY,Oak St. 26,Bldg-154,Apt ۳,PC 1 0154,FAM-00615,2025-02-07
ORD-0004316,ACC-001238,NORTH CITY,Oak St. 26,Bldg-154,Apt ۳,PC 1 0154,FAM-00615,2025-10-06
ORD-0004317,ACC-001239,North City,Oak Street 26,Building 154,Unit 4,PC-1-0154,FAM-X-001239,2025-07-02
ORD-0004318,ACC-001239,North City,Oak Street 26,Building 154,Unit 4,PC-1-0154,FAM-X-001239,2025-05-08
ORD-0004319,ACC-001239,North City,Oak Street 26,Building 154,Unit 4,PC-1-0154,FAM-X-001239,2025-04-30
ORD-0004320,ACC-001239,North City,Oak Street 26,Building 154,Unit 4,PC-1-0154,FAM-X-001239,2025-06-03
ORD-0004321,ACC-001239,North City,Oak Street 26,Building 154,Unit 4,PC-1-0154,FAM-X-001239,2025-12-11
ORD-0004322,ACC-001240,CENTRAL CITY,Pine St. 26,Bldg-155,Apt ۱,PC 2 0155,FAM-00617,2025-07-09
ORD-0004323,ACC-001240,CENTRAL CITY,Pine St. 26,Bldg-155,Apt ۱,PC 2 0155,FAM-00617,2025-06-07
ORD-0004324,ACC-001240,CENTRAL CITY,Pine St. 26,Bldg-155,Apt ۱,PC 2 0155,FAM-00617,2025-02-17
ORD-0004325,ACC-001240,CENTRAL CITY,Pine St. 26,Bldg-155,Apt ۱,PC 2 0155,FAM-00617,2025-12-11
ORD-0004326,ACC-001240,CENTRAL CITY,Pine St. 26,Bldg-155,Apt ۱,PC 2 0155,FAM-00617,2025-11-14
ORD-0004327,ACC-001241,CENTRAL CITY,Pine St. 26,Bldg-155,Apt ۱,PC 2 0155,FAM-00617,2025-03-17
ORD-0004328,ACC-001241,CENTRAL CITY,Pine St. 26,Bldg-155,Apt ۱,PC 2 0155,FAM-00617,2025-05-21
ORD-0004329,ACC-001242,Central City,Pine Street 26,Building 155,Unit 2,PC-2-0155,FAM-X-001242,2025-04-24
ORD-0004330,ACC-001242,Central City,Pine Street 26,Building 155,Unit 2,PC-2-0155,FAM-X-001242,2025-12-22
ORD-0004331,ACC-001242,Central City,Pine Street 26,Building 155,Unit 2,PC-2-0155,FAM-X-001242,2025-04-28
ORD-0004332,ACC-001242,Central City,Pine Street 26,Building 155,Unit 2,PC-2-0155,FAM-X-001242,2025-09-14
ORD-0004333,ACC-001243,Central City,Pine Street 26,Building 155,Unit 2,PC-2-0155,FAM-X-001243,2025-03-16
ORD-0004334,ACC-001243,Central City,Pine Street 26,Building 155,Unit 2,PC-2-0155,FAM-X-001243,2025-05-13
ORD-0004335,ACC-001243,Central City,Pine Street 26,Building 155,Unit 2,PC-2-0155,FAM-X-001243,2025-04-19
ORD-0004336,ACC-001243,Central City,Pine Street 26,Building 155,Unit 2,PC-2-0155,FAM-X-001243,2025-09-03
ORD-0004337,ACC-001244,Central City,Pine Street 26,Building 155,Unit 2,PC-2-0155,FAM-X-001244,2025-10-27
ORD-0004338,ACC-001244,Central City,Pine Street 26,Building 155,Unit 2,PC-2-0155,FAM-X-001244,2025-06-18
ORD-0004339,ACC-001244,Central City,Pine Street 26,Building 155,Unit 2,PC-2-0155,FAM-X-001244,2025-07-07
ORD-0004340,ACC-001244,Central City,Pine Street 26,Building 155,Unit 2,PC-2-0155,FAM-X-001244,2025-09-15
ORD-0004341,ACC-001244,Central City,Pine Street 26,Building 155,Unit 2,PC-2-0155,FAM-X-001244,2025-02-20
ORD-0004342,ACC-001245,Central City,Pine Street 26,Building 155,Unit 3,PC-2-0155,FAM-X-001245,2025-03-10
ORD-0004343,ACC-001245,Central City,Pine Street 26,Building 155,Unit 3,PC-2-0155,FAM-X-001245,2025-11-17
ORD-0004344,ACC-001245,Central City,Pine Street 26,Building 155,Unit 3,PC-2-0155,FAM-X-001245,2025-07-09
ORD-0004345,ACC-001245,Central City,Pine Street 26,Building 155,Unit 3,PC-2-0155,FAM-X-001245,2025-04-11
ORD-0004346,ACC-001245,Central City,Pine Street 26,Building 155,Unit 3,PC-2-0155,FAM-X-001245,2025-02-22
ORD-0004347,ACC-001246,Central City,ine St 26,B ۱۵۵,۴,,FAM-X-001246,2025-08-17
ORD-0004348,ACC-001246,Central City,ine St 26,B ۱۵۵,۴,,FAM-X-001246,2025-12-26
ORD-0004349,ACC-001246,Central City,ine St 26,B ۱۵۵,۴,,FAM-X-001246,2025-04-27
ORD-0004350,ACC-001246,Central City,ine St 26,B ۱۵۵,۴,,FAM-X-001246,2025-03-14
ORD-0004351,ACC-001247,Central City,ine St 26,B ۱۵۵,,,FAM-X-001247,2025-10-24
ORD-0004352,ACC-001247,Central City,ine St 26,B ۱۵۵,,,FAM-X-001247,2025-11-17
ORD-0004353,ACC-001247,Central City,ine St 26,B ۱۵۵,,,FAM-X-001247,2025-02-28
ORD-0004354,ACC-001247,Central City,ine St 26,B ۱۵۵,,,FAM-X-001247,2025-04-25
ORD-0004355,ACC-001248,Central City,Pine Street 26,Building 155,Unit 4,PC-2-0155,FAM-X-001248,2025-01-31
ORD-0004356,ACC-001248,Central City,Pine Street 26,Building 155,Unit 4,PC-2-0155,FAM-X-001248,2025-07-11
ORD-0004357,ACC-001249,SOUTH CITY,Elm St. 26,Bldg-156,Apt ۱,PC 3 0156,FAM-X-001249,2025-12-18
ORD-0004358,ACC-001249,SOUTH CITY,Elm St. 26,Bldg-156,Apt ۱,PC 3 0156,FAM-X-001249,2025-02-10
ORD-0004359,ACC-001249,SOUTH CITY,Elm St. 26,Bldg-156,Apt ۱,PC 3 0156,FAM-X-001249,2025-03-18
ORD-0004360,ACC-001249,SOUTH CITY,Elm St. 26,Bldg-156,Apt ۱,PC 3 0156,FAM-X-001249,2025-06-16
ORD-0004361,ACC-001250,South City,Elm Street 26,Building 156,Unit 2,PC-3-0156,FAM-X-001250,2025-05-25
ORD-0004362,ACC-001250,South City,Elm Street 26,Building 156,Unit 2,PC-3-0156,FAM-X-001250,2025-10-04
ORD-0004363,ACC-001250,South City,Elm Street 26,Building 156,Unit 2,PC-3-0156,FAM-X-001250,2025-07-12
ORD-0004364,ACC-001250,South City,Elm Street 26,Building 156,Unit 2,PC-3-0156,FAM-X-001250,2025-06-08
ORD-0004365,ACC-001251,South City,Elm Street 26,Building 156,Unit 3,PC-3-0156,FAM-00623,2025-03-16
ORD-0004366,ACC-001251,South City,Elm Street 26,Building 156,Unit 3,PC-3-0156,FAM-00623,2025-02-13
ORD-0004367,ACC-001251,South City,Elm Street 26,Building 156,Unit 3,PC-3-0156,FAM-00623,2025-11-17
ORD-0004368,ACC-001252,SOUTH CITY,Elm St. 26,Bldg-156,Apt ۳,PC 3 0156,FAM-00623,2025-07-12
ORD-0004369,ACC-001252,SOUTH CITY,Elm St. 26,Bldg-156,Apt ۳,PC 3 0156,FAM-00623,2025-09-11
ORD-0004370,ACC-001252,SOUTH CITY,Elm St. 26,Bldg-156,Apt ۳,PC 3 0156,FAM-00623,2025-09-02
ORD-0004371,ACC-001252,SOUTH CITY,Elm St. 26,Bldg-156,Apt ۳,PC 3 0156,FAM-00623,2025-05-31
ORD-0004372,ACC-001253,South City,Elm Street 26,Building 156,Unit 3,PC-3-0156,FAM-00623,2025-04-14
ORD-0004373,ACC-001253,South City,Elm Street 26,Building 156,Unit 3,PC-3-0156,FAM-00623,2025-02-11
ORD-0004374,ACC-001253,South City,Elm Street 26,Building 156,Unit 3,PC-3-0156,FAM-00623,2025-03-26
ORD-0004375,ACC-001253,South City,Elm Street 26,Building 156,Unit 3,PC-3-0156,FAM-00623,2025-05-25
ORD-0004376,ACC-001253,South City,Elm Street 26,Building 156,Unit 3,PC-3-0156,FAM-00623,2025-02-17
ORD-0004377,ACC-001254,South City,Elm Street 26,Building 156,Unit 3,PC-3-0156,FAM-00623,2025-08-05
ORD-0004378,ACC-001254,South City,Elm Street 26,Building 156,Unit 3,PC-3-0156,FAM-00623,2025-06-11
ORD-0004379,ACC-001254,South City,Elm Street 26,Building 156,Unit 3,PC-3-0156,FAM-00623,2025-04-26
ORD-0004380,ACC-001255,SOUTH CITY,Elm St. 26,Bldg-156,Apt ۴,PC 3 0156,FAM-00624,2025-11-14
ORD-0004381,ACC-001255,SOUTH CITY,Elm St. 26,Bldg-156,Apt ۴,PC 3 0156,FAM-00624,2025-04-25
ORD-0004382,ACC-001256,South City,Elm t 26,B ۱۵۶,۴,PC30156,FAM-X-001256,2025-10-20
ORD-0004383,ACC-001256,South City,Elm t 26,B ۱۵۶,۴,PC30156,FAM-X-001256,2025-10-24
ORD-0004384,ACC-001256,South City,Elm t 26,B ۱۵۶,۴,PC30156,FAM-X-001256,2025-11-08
ORD-0004385,ACC-001257,South City,Elm Street 26,Building 156,Unit 4,PC-3-0156,FAM-00624,2025-07-06
ORD-0004386,ACC-001257,South City,Elm Street 26,Building 156,Unit 4,PC-3-0156,FAM-00624,2025-06-21
ORD-0004387,ACC-001258,SOUTH CITY,Elm St. 26,Bldg-156,Apt ۴,PC 3 0156,FAM-00624,2025-04-18
ORD-0004388,ACC-001258,SOUTH CITY,Elm St. 26,Bldg-156,Apt ۴,PC 3 0156,FAM-00624,2025-01-20
ORD-0004389,ACC-001259,NORTH CITY,Cedar St. 27,Bldg-157,Apt ۱,PC 1 0157,FAM-00625,2025-09-27
ORD-0004390,ACC-001259,NORTH CITY,Cedar St. 27,Bldg-157,Apt ۱,PC 1 0157,FAM-00625,2025-06-22
ORD-0004391,ACC-001259,NORTH CITY,Cedar St. 27,Bldg-157,Apt ۱,PC 1 0157,FAM-00625,2025-02-06
ORD-0004392,ACC-001260,NORTH CITY,Cedar St. 27,Bldg-157,Apt ۱,PC 1 0157,FAM-00625,2025-12-03
ORD-0004393,ACC-001260,NORTH CITY,Cedar St. 27,Bldg-157,Apt ۱,PC 1 0157,FAM-00625,2025-03-24
ORD-0004394,ACC-001260,NORTH CITY,Cedar St. 27,Bldg-157,Apt ۱,PC 1 0157,FAM-00625,2025-02-28
ORD-0004395,ACC-001260,NORTH CITY,Cedar St. 27,Bldg-157,Apt ۱,PC 1 0157,FAM-00625,2025-09-27
ORD-0004396,ACC-001261,NORTH CITY,Cedar St. 27,Bldg-157,Apt ۲,PC 1 0157,FAM-X-001261,2025-04-02
ORD-0004397,ACC-001261,NORTH CITY,Cedar St. 27,Bldg-157,Apt ۲,PC 1 0157,FAM-X-001261,2025-11-10
ORD-0004398,ACC-001261,NORTH CITY,Cedar St. 27,Bldg-157,Apt ۲,PC 1 0157,FAM-X-001261,2025-09-26
ORD-0004399,ACC-001262,North City,Cedar t 27,B ۱۵۷,۲,,FAM-X-001262,2025-09-06
ORD-0004400,ACC-001262,North City,Cedar t 27,B ۱۵۷,۲,,FAM-X-001262,2025-07-27
ORD-0004401,ACC-001262,North City,Cedar t 27,B ۱۵۷,۲,,FAM-X-001262,2025-07-30
ORD-0004402,ACC-001263,North City,Cedar Street 27,Building 157,Unit 2,PC-1-0157,FAM-00626,2025-04-05
ORD-0004403,ACC-001263,North City,Cedar Street 27,Building 157,Unit 2,PC-1-0157,FAM-00626,2025-06-04
ORD-0004404,ACC-001264,NORTH CITY,Cedar St. 27,Bldg-157,Apt ۳,PC 1 0157,FAM-X-001264,2025-10-04
ORD-0004405,ACC-001264,NORTH CITY,Cedar St. 27,Bldg-157,Apt ۳,PC 1 0157,FAM-X-001264,2025-02-05
ORD-0004406,ACC-001264,NORTH CITY,Cedar St. 27,Bldg-157,Apt ۳,PC 1 0157,FAM-X-001264,2025-06-19
ORD-0004407,ACC-001264,NORTH CITY,Cedar St. 27,Bldg-157,Apt ۳,PC 1 0157,FAM-X-001264,2025-12-28
ORD-0004408,ACC-001265,North City,Cedar S 27,B ۱۵۷,۵,PC10157,FAM-X-001265,2025-01-08
ORD-0004409,ACC-001265,North City,Cedar S 27,B ۱۵۷,۵,PC10157,FAM-X-001265,2025-04-09
ORD-0004410,ACC-001265,North City,Cedar S 27,B ۱۵۷,۵,PC10157,FAM-X-001265,2025-12-28
ORD-0004411,ACC-001266,North City,Cedar Street 27,Building 157,Unit 4,PC-1-0157,FAM-X-001266,2025-08-31
ORD-0004412,ACC-001266,North City,Cedar Street 27,Building 157,Unit 4,PC-1-0157,FAM-X-001266,2025-05-02
ORD-0004413,ACC-001266,North City,Cedar Street 27,Building 157,Unit 4,PC-1-0157,FAM-X-001266,2025-11-06
ORD-0004414,ACC-001266,North City,Cedar Street 27,Building 157,Unit 4,PC-1-0157,FAM-X-001266,2025-07-31
ORD-0004415,ACC-001267,North City,Cdar St 27,B ۱۵۷,,,FAM-X-001267,2025-06-22
ORD-0004416,ACC-001267,North City,Cdar St 27,B ۱۵۷,,,FAM-X-001267,2025-03-09
ORD-0004417,ACC-001267,North City,Cdar St 27,B ۱۵۷,,,FAM-X-001267,2025-05-17
ORD-0004418,ACC-001268,CENTRAL CITY,Maple St. 27,Bldg-158,Apt ۱,PC 2 0158,FAM-X-001268,2025-07-31
ORD-0004419,ACC-001268,CENTRAL CITY,Maple St. 27,Bldg-158,Apt ۱,PC 2 0158,FAM-X-001268,2025-07-14
ORD-0004420,ACC-001268,CENTRAL CITY,Maple St. 27,Bldg-158,Apt ۱,PC 2 0158,FAM-X-001268,2025-11-17
ORD-0004421,ACC-001269,CENTRAL CITY,Maple St. 27,Bldg-158,Apt ۱,PC 2 0158,FAM-X-001269,2025-01-15
ORD-0004422,ACC-001269,CENTRAL CITY,Maple St. 27,Bldg-158,Apt ۱,PC 2 0158,FAM-X-001269,2025-11-25
ORD-0004423,ACC-001270,CENTRAL CITY,Maple St. 27,Bldg-158,Apt ۲,PC 2 0158,FAM-X-001270,2025-11-21
ORD-0004424,ACC-001270,CENTRAL CITY,Maple St. 27,Bldg-158,Apt ۲,PC 2 0158,FAM-X-001270,2025-07-30
ORD-0004425,ACC-001270,CENTRAL CITY,Maple St. 27,Bldg-158,Apt ۲,PC 2 0158,FAM-X-001270,2025-10-05
ORD-0004426,ACC-001270,CENTRAL CITY,Maple St. 27,Bldg-158,Apt ۲,PC 2 0158,FAM-X-001270,2025-10-15
ORD-0004427,ACC-001270,CENTRAL CITY,Maple St. 27,Bldg-158,Apt ۲,PC 2 0158,FAM-X-001270,2025-01-04
ORD-0004428,ACC-001271,CENTRAL CITY,Maple St. 27,Bldg-158,Apt ۳,PC 2 0158,FAM-X-001271,2025-03-16
ORD-0004429,ACC-001271,CENTRAL CITY,Maple St. 27,Bldg-158,Apt ۳,PC 2 0158,FAM-X-001271,2025-02-24
ORD-0004430,ACC-001272,CENTRAL CITY,Maple St. 27,Bldg-158,Apt ۴,PC 2 0158,FAM-X-001272,2025-03-18
ORD-0004431,ACC-001272,CENTRAL CITY,Maple St. 27,Bldg-158,Apt ۴,PC 2 0158,FAM-X-001272,2025-05-05
ORD-0004432,ACC-001272,CENTRAL CITY,Maple St. 27,Bldg-158,Apt ۴,PC 2 0158,FAM-X-001272,2025-04-21
ORD-0004433,ACC-001272,CENTRAL CITY,Maple St. 27,Bldg-158,Apt ۴,PC 2 0158,FAM-X-001272,2025-01-24
ORD-0004434,ACC-001272,CENTRAL CITY,Maple St. 27,Bldg-158,Apt ۴,PC 2 0158,FAM-X-001272,2025-12-20
ORD-0004435,ACC-001273,CENTRAL CITY,Maple St. 27,Bldg-158,Apt ۴,PC 2 0158,FAM-X-001273,2025-01-17
ORD-0004436,ACC-001273,CENTRAL CITY,Maple St. 27,Bldg-158,Apt ۴,PC 2 0158,FAM-X-001273,2025-11-26
ORD-0004437,ACC-001273,CENTRAL CITY,Maple St. 27,Bldg-158,Apt ۴,PC 2 0158,FAM-X-001273,2025-03-22
ORD-0004438,ACC-001274,South City,Wilow St 27,B ۱۵۹,۲,,FAM-X-001274,2025-03-26
ORD-0004439,ACC-001274,South City,Wilow St 27,B ۱۵۹,۲,,FAM-X-001274,2025-01-31
ORD-0004440,ACC-001275,South City,Willow t 27,B ۱۵۹,۲,,FAM-X-001275,2025-07-05
ORD-0004441,ACC-001275,South City,Willow t 27,B ۱۵۹,۲,,FAM-X-001275,2025-03-04
ORD-0004442,ACC-001276,SOUTH CITY,Willow St. 27,Bldg-159,Apt ۳,PC 3 0159,FAM-X-001276,2025-07-04
ORD-0004443,ACC-001276,SOUTH CITY,Willow St. 27,Bldg-159,Apt ۳,PC 3 0159,FAM-X-001276,2025-12-05
ORD-0004444,ACC-001277,South City,Willo St 27,B ۱۵۹,۴,,FAM-X-001277,2025-01-13
ORD-0004445,ACC-001277,South City,Willo St 27,B ۱۵۹,۴,,FAM-X-001277,2025-01-19
ORD-0004446,ACC-001277,South City,Willo St 27,B ۱۵۹,۴,,FAM-X-001277,2025-07-24
ORD-0004447,ACC-001277,South City,Willo St 27,B ۱۵۹,۴,,FAM-X-001277,2025-01-16
ORD-0004448,ACC-001277,South City,Willo St 27,B ۱۵۹,۴,,FAM-X-001277,2025-09-21
ORD-0004449,ACC-001278,South City,Willow Street 27,Building 159,Unit 4,PC-3-0159,FAM-X-001278,2025-03-29
ORD-0004450,ACC-001278,South City,Willow Street 27,Building 159,Unit 4,PC-3-0159,FAM-X-001278,2025-01-31
ORD-0004451,ACC-001278,South City,Willow Street 27,Building 159,Unit 4,PC-3-0159,FAM-X-001278,2025-11-03
ORD-0004452,ACC-001279,South City,Willow Street 27,Building 159,Unit 4,PC-3-0159,FAM-00636,2025-05-20
ORD-0004453,ACC-001279,South City,Willow Street 27,Building 159,Unit 4,PC-3-0159,FAM-00636,2025-06-09
ORD-0004454,ACC-001280,South City,Willow Street 27,Building 159,Unit 4,PC-3-0159,FAM-X-001280,2025-08-30
ORD-0004455,ACC-001280,South City,Willow Street 27,Building 159,Unit 4,PC-3-0159,FAM-X-001280,2025-03-25
ORD-0004456,ACC-001280,South City,Willow Street 27,Building 159,Unit 4,PC-3-0159,FAM-X-001280,2025-02-17
ORD-0004457,ACC-001280,South City,Willow Street 27,Building 159,Unit 4,PC-3-0159,FAM-X-001280,2025-06-15
ORD-0004458,ACC-001280,South City,Willow Street 27,Building 159,Unit 4,PC-3-0159,FAM-X-001280,2025-06-22
ORD-0004459,ACC-001281,North City,Ok St 27,B ۱۶۰,۱,PC10160,FAM-X-001281,2025-07-29
ORD-0004460,ACC-001281,North City,Ok St 27,B ۱۶۰,۱,PC10160,FAM-X-001281,2025-10-06
ORD-0004461,ACC-001281,North City,Ok St 27,B ۱۶۰,۱,PC10160,FAM-X-001281,2025-07-03
ORD-0004462,ACC-001281,North City,Ok St 27,B ۱۶۰,۱,PC10160,FAM-X-001281,2025-08-16
ORD-0004463,ACC-001282,NORTH CITY,Oak St. 27,Bldg-160,Apt ۲,PC 1 0160,FAM-X-001282,2025-11-25
ORD-0004464,ACC-001282,NORTH CITY,Oak St. 27,Bldg-160,Apt ۲,PC 1 0160,FAM-X-001282,2025-08-24
ORD-0004465,ACC-001282,NORTH CITY,Oak St. 27,Bldg-160,Apt ۲,PC 1 0160,FAM-X-001282,2025-04-08
ORD-0004466,ACC-001282,NORTH CITY,Oak St. 27,Bldg-160,Apt ۲,PC 1 0160,FAM-X-001282,2025-08-10
ORD-0004467,ACC-001283,NORTH CITY,Oak St. 27,Bldg-160,Apt ۲,PC 1 0160,FAM-X-001283,2025-08-17
ORD-0004468,ACC-001283,NORTH CITY,Oak St. 27,Bldg-160,Apt ۲,PC 1 0160,FAM-X-001283,2025-03-14
ORD-0004469,ACC-001284,NORTH CITY,Oak St. 27,Bldg-160,Apt ۲,PC 1 0160,FAM-X-001284,2025-06-01
ORD-0004470,ACC-001284,NORTH CITY,Oak St. 27,Bldg-160,Apt ۲,PC 1 0160,FAM-X-001284,2025-12-20
ORD-0004471,ACC-001284,NORTH CITY,Oak St. 27,Bldg-160,Apt ۲,PC 1 0160,FAM-X-001284,2025-01-06
ORD-0004472,ACC-001285,North City,Oak S 27,B ۱۶۰,۲,PC10160,FAM-X-001285,2025-03-06
ORD-0004473,ACC-001285,North City,Oak S 27,B ۱۶۰,۲,PC10160,FAM-X-001285,2025-05-06
ORD-0004474,ACC-001286,North City,Oak Street 27,Building 160,Unit 3,PC-1-0160,FAM-X-001286,2025-01-12
ORD-0004475,ACC-001286,North City,Oak Street 27,Building 160,Unit 3,PC-1-0160,FAM-X-001286,2025-12-19
ORD-0004476,ACC-001286,North City,Oak Street 27,Building 160,Unit 3,PC-1-0160,FAM-X-001286,2025-11-07
ORD-0004477,ACC-001287,NORTH CITY,Oak St. 27,Bldg-160,Apt ۴,PC 1 0160,FAM-00640,2025-04-23
ORD-0004478,ACC-001287,NORTH CITY,Oak St. 27,Bldg-160,Apt ۴,PC 1 0160,FAM-00640,2025-10-21
ORD-0004479,ACC-001287,NORTH CITY,Oak St. 27,Bldg-160,Apt ۴,PC 1 0160,FAM-00640,2025-12-27
ORD-0004480,ACC-001287,NORTH CITY,Oak St. 27,Bldg-160,Apt ۴,PC 1 0160,FAM-00640,2025-12-31
ORD-0004481,ACC-001287,NORTH CITY,Oak St. 27,Bldg-160,Apt ۴,PC 1 0160,FAM-00640,2025-10-09
ORD-0004482,ACC-001288,North City,Oak Street 27,Building 160,Unit 4,PC-1-0160,FAM-00640,2025-05-28
ORD-0004483,ACC-001288,North City,Oak Street 27,Building 160,Unit 4,PC-1-0160,FAM-00640,2025-02-04
ORD-0004484,ACC-001288,North City,Oak Street 27,Building 160,Unit 4,PC-1-0160,FAM-00640,2025-01-30
ORD-0004485,ACC-001289,Central City,Pine Street 27,Building 161,Unit 1,PC-2-0161,FAM-X-001289,2025-12-31
ORD-0004486,ACC-001289,Central City,Pine Street 27,Building 161,Unit 1,PC-2-0161,FAM-X-001289,2025-04-10
ORD-0004487,ACC-001289,Central City,Pine Street 27,Building 161,Unit 1,PC-2-0161,FAM-X-001289,2025-05-19
ORD-0004488,ACC-001290,Central City,ine St 27,B ۱۶۱,۳,,FAM-00642,2025-09-19
ORD-0004489,ACC-001290,Central City,ine St 27,B ۱۶۱,۳,,FAM-00642,2025-05-31
ORD-0004490,ACC-001290,Central City,ine St 27,B ۱۶۱,۳,,FAM-00642,2025-04-04
ORD-0004491,ACC-001291,CENTRAL CITY,Pine St. 27,Bldg-161,Apt ۲,PC 2 0161,FAM-00642,2025-12-26
ORD-0004492,ACC-001291,CENTRAL CITY,Pine St. 27,Bldg-161,Apt ۲,PC 2 0161,FAM-00642,2025-09-21
ORD-0004493,ACC-001292,CENTRAL CITY,Pine St. 27,Bldg-161,Apt ۲,PC 2 0161,FAM-X-001292,2025-12-10
ORD-0004494,ACC-001292,CENTRAL CITY,Pine St. 27,Bldg-161,Apt ۲,PC 2 0161,FAM-X-001292,2025-03-31
ORD-0004495,ACC-001293,Central City,Pne St 27,B ۱۶۱,۴,,FAM-X-001293,2025-08-14
ORD-0004496,ACC-001293,Central City,Pne St 27,B ۱۶۱,۴,,FAM-X-001293,2025-01-05
ORD-0004497,ACC-001294,CENTRAL CITY,Pine St. 27,Bldg-161,Apt ۴,PC 2 0161,FAM-00644,2025-09-13
ORD-0004498,ACC-001294,CENTRAL CITY,Pine St. 27,Bldg-161,Apt ۴,PC 2 0161,FAM-00644,2025-08-30
ORD-0004499,ACC-001294,CENTRAL CITY,Pine St. 27,Bldg-161,Apt ۴,PC 2 0161,FAM-00644,2025-09-05
ORD-0004500,ACC-001295,Central City,Pine Street 27,Building 161,Unit 4,PC-2-0161,FAM-X-001295,2025-07-31
ORD-0004501,ACC-001295,Central City,Pine Street 27,Building 161,Unit 4,PC-2-0161,FAM-X-001295,2025-03-23
ORD-0004502,ACC-001295,Central City,Pine Street 27,Building 161,Unit 4,PC-2-0161,FAM-X-001295,2025-10-17
ORD-0004503,ACC-001295,Central City,Pine Street 27,Building 161,Unit 4,PC-2-0161,FAM-X-001295,2025-06-14
ORD-0004504,ACC-001296,Central City,Pine Street 27,Building 161,Unit 4,PC-2-0161,FAM-00644,2025-04-30
ORD-0004505,ACC-001296,Central City,Pine Street 27,Building 161,Unit 4,PC-2-0161,FAM-00644,2025-10-17
ORD-0004506,ACC-001296,Central City,Pine Street 27,Building 161,Unit 4,PC-2-0161,FAM-00644,2025-01-20
ORD-0004507,ACC-001297,Central City,Pine Street 27,Building 161,Unit 4,PC-2-0161,FAM-00644,2025-08-05
ORD-0004508,ACC-001297,Central City,Pine Street 27,Building 161,Unit 4,PC-2-0161,FAM-00644,2025-03-17
ORD-0004509,ACC-001297,Central City,Pine Street 27,Building 161,Unit 4,PC-2-0161,FAM-00644,2025-10-01
ORD-0004510,ACC-001298,South City,Elm Street 27,Building 162,Unit 1,PC-3-0162,FAM-00645,2025-12-09
ORD-0004511,ACC-001298,South City,Elm Street 27,Building 162,Unit 1,PC-3-0162,FAM-00645,2025-12-01
ORD-0004512,ACC-001298,South City,Elm Street 27,Building 162,Unit 1,PC-3-0162,FAM-00645,2025-03-05
ORD-0004513,ACC-001299,SOUTH CITY,Elm St. 27,Bldg-162,Apt ۱,PC 3 0162,FAM-X-001299,2025-08-18
ORD-0004514,ACC-001299,SOUTH CITY,Elm St. 27,Bldg-162,Apt ۱,PC 3 0162,FAM-X-001299,2025-09-02
ORD-0004515,ACC-001299,SOUTH CITY,Elm St. 27,Bldg-162,Apt ۱,PC 3 0162,FAM-X-001299,2025-07-03
ORD-0004516,ACC-001300,SOUTH CITY,Elm St. 27,Bldg-162,Apt ۲,PC 3 0162,FAM-X-001300,2025-07-17
ORD-0004517,ACC-001300,SOUTH CITY,Elm St. 27,Bldg-162,Apt ۲,PC 3 0162,FAM-X-001300,2025-10-15
ORD-0004518,ACC-001300,SOUTH CITY,Elm St. 27,Bldg-162,Apt ۲,PC 3 0162,FAM-X-001300,2025-04-02
ORD-0004519,ACC-001300,SOUTH CITY,Elm St. 27,Bldg-162,Apt ۲,PC 3 0162,FAM-X-001300,2025-06-04
ORD-0004520,ACC-001301,SOUTH CITY,Elm St. 27,Bldg-162,Apt ۲,PC 3 0162,FAM-X-001301,2025-02-19
ORD-0004521,ACC-001301,SOUTH CITY,Elm St. 27,Bldg-162,Apt ۲,PC 3 0162,FAM-X-001301,2025-10-29
ORD-0004522,ACC-001301,SOUTH CITY,Elm St. 27,Bldg-162,Apt ۲,PC 3 0162,FAM-X-001301,2025-11-07
ORD-0004523,ACC-001302,SOUTH CITY,Elm St. 27,Bldg-162,Apt ۳,PC 3 0162,FAM-X-001302,2025-10-22
ORD-0004524,ACC-001302,SOUTH CITY,Elm St. 27,Bldg-162,Apt ۳,PC 3 0162,FAM-X-001302,2025-12-14
ORD-0004525,ACC-001302,SOUTH CITY,Elm St. 27,Bldg-162,Apt ۳,PC 3 0162,FAM-X-001302,2025-06-24
ORD-0004526,ACC-001302,SOUTH CITY,Elm St. 27,Bldg-162,Apt ۳,PC 3 0162,FAM-X-001302,2025-01-28
ORD-0004527,ACC-001302,SOUTH CITY,Elm St. 27,Bldg-162,Apt ۳,PC 3 0162,FAM-X-001302,2025-03-12
ORD-0004528,ACC-001303,SOUTH CITY,Elm St. 27,Bldg-162,Apt ۴,PC 3 0162,FAM-00648,2025-06-08
ORD-0004529,ACC-001303,SOUTH CITY,Elm St. 27,Bldg-162,Apt ۴,PC 3 0162,FAM-00648,2025-08-23
ORD-0004530,ACC-001303,SOUTH CITY,Elm St. 27,Bldg-162,Apt ۴,PC 3 0162,FAM-00648,2025-09-07
ORD-0004531,ACC-001304,South City,Elm Street 27,Building 162,Unit 4,PC-3-0162,FAM-00648,2025-11-22
ORD-0004532,ACC-001304,South City,Elm Street 27,Building 162,Unit 4,PC-3-0162,FAM-00648,2025-08-25
ORD-0004533,ACC-001304,South City,Elm Street 27,Building 162,Unit 4,PC-3-0162,FAM-00648,2025-01-14
ORD-0004534,ACC-001304,South City,Elm Street 27,Building 162,Unit 4,PC-3-0162,FAM-00648,2025-02-06
ORD-0004535,ACC-001304,South City,Elm Street 27,Building 162,Unit 4,PC-3-0162,FAM-00648,2025-06-16
ORD-0004536,ACC-001305,SOUTH CITY,Elm St. 27,Bldg-162,Apt ۴,PC 3 0162,FAM-X-001305,2025-08-05
ORD-0004537,ACC-001305,SOUTH CITY,Elm St. 27,Bldg-162,Apt ۴,PC 3 0162,FAM-X-001305,2025-01-15
ORD-0004538,ACC-001305,SOUTH CITY,Elm St. 27,Bldg-162,Apt ۴,PC 3 0162,FAM-X-001305,2025-10-28
ORD-0004539,ACC-001306,NORTH CITY,Cedar St. 28,Bldg-163,Apt ۱,PC 1 0163,FAM-X-001306,2025-12-10
ORD-0004540,ACC-001306,NORTH CITY,Cedar St. 28,Bldg-163,Apt ۱,PC 1 0163,FAM-X-001306,2025-10-21
ORD-0004541,ACC-001307,NORTH CITY,Cedar St. 28,Bldg-163,Apt ۲,PC 1 0163,FAM-00650,2025-03-12
ORD-0004542,ACC-001307,NORTH CITY,Cedar St. 28,Bldg-163,Apt ۲,PC 1 0163,FAM-00650,2025-11-22
ORD-0004543,ACC-001307,NORTH CITY,Cedar St. 28,Bldg-163,Apt ۲,PC 1 0163,FAM-00650,2025-11-19
ORD-0004544,ACC-001307,NORTH CITY,Cedar St. 28,Bldg-163,Apt ۲,PC 1 0163,FAM-00650,2025-10-26
ORD-0004545,ACC-001307,NORTH CITY,Cedar St. 28,Bldg-163,Apt ۲,PC 1 0163,FAM-00650,2025-05-15
ORD-0004546,ACC-001308,North City,Cedar Street 28,Building 163,Unit 2,PC-1-0163,FAM-00650,2025-06-25
ORD-0004547,ACC-001308,North City,Cedar Street 28,Building 163,Unit 2,PC-1-0163,FAM-00650,2025-02-14
ORD-0004548,ACC-001308,North City,Cedar Street 28,Building 163,Unit 2,PC-1-0163,FAM-00650,2025-07-01
ORD-0004549,ACC-001309,NORTH CITY,Cedar St. 28,Bldg-163,Apt ۳,PC 1 0163,FAM-X-001309,2025-01-22
ORD-0004550,ACC-001309,NORTH CITY,Cedar St. 28,Bldg-163,Apt ۳,PC 1 0163,FAM-X-001309,2025-02-14
ORD-0004551,ACC-001309,NORTH CITY,Cedar St. 28,Bldg-163,Apt ۳,PC 1 0163,FAM-X-001309,2025-05-05
ORD-0004552,ACC-001309,NORTH CITY,Cedar St. 28,Bldg-163,Apt ۳,PC 1 0163,FAM-X-001309,2025-06-17
ORD-0004553,ACC-001310,NORTH CITY,Cedar St. 28,Bldg-163,Apt ۳,PC 1 0163,FAM-00651,2025-07-14
ORD-0004554,ACC-001310,NORTH CITY,Cedar St. 28,Bldg-163,Apt ۳,PC 1 0163,FAM-00651,2025-08-02
ORD-0004555,ACC-001310,NORTH CITY,Cedar St. 28,Bldg-163,Apt ۳,PC 1 0163,FAM-00651,2025-08-10
ORD-0004556,ACC-001311,North City,Cedar Street 28,Building 163,Unit 4,PC-1-0163,FAM-X-001311,2025-11-09
ORD-0004557,ACC-001311,North City,Cedar Street 28,Building 163,Unit 4,PC-1-0163,FAM-X-001311,2025-11-19
ORD-0004558,ACC-001311,North City,Cedar Street 28,Building 163,Unit 4,PC-1-0163,FAM-X-001311,2025-04-24
ORD-0004559,ACC-001311,North City,Cedar Street 28,Building 163,Unit 4,PC-1-0163,FAM-X-001311,2025-01-30
ORD-0004560,ACC-001312,CENTRAL CITY,Maple St. 28,Bldg-164,Apt ۱,PC 2 0164,FAM-X-001312,2025-05-29
ORD-0004561,ACC-001312,CENTRAL CITY,Maple St. 28,Bldg-164,Apt ۱,PC 2 0164,FAM-X-001312,2025-11-03
ORD-0004562,ACC-001312,CENTRAL CITY,Maple St. 28,Bldg-164,Apt ۱,PC 2 0164,FAM-X-001312,2025-07-11
ORD-0004563,ACC-001312,CENTRAL CITY,Maple St. 28,Bldg-164,Apt ۱,PC 2 0164,FAM-X-001312,2025-08-17
ORD-0004564,ACC-001313,CENTRAL CITY,Maple St. 28,Bldg-164,Apt ۱,PC 2 0164,FAM-X-001313,2025-05-24
ORD-0004565,ACC-001313,CENTRAL CITY,Maple St. 28,Bldg-164,Apt ۱,PC 2 0164,FAM-X-001313,2025-01-08
ORD-0004566,ACC-001313,CENTRAL CITY,Maple St. 28,Bldg-164,Apt ۱,PC 2 0164,FAM-X-001313,2025-05-19
ORD-0004567,ACC-001313,CENTRAL CITY,Maple St. 28,Bldg-164,Apt ۱,PC 2 0164,FAM-X-001313,2025-05-24
ORD-0004568,ACC-001313,CENTRAL CITY,Maple St. 28,Bldg-164,Apt ۱,PC 2 0164,FAM-X-001313,2025-06-02
ORD-0004569,ACC-001314,CENTRAL CITY,Maple St. 28,Bldg-164,Apt ۲,PC 2 0164,FAM-X-001314,2025-05-23
ORD-0004570,ACC-001314,CENTRAL CITY,Maple St. 28,Bldg-164,Apt ۲,PC 2 0164,FAM-X-001314,2025-04-27
ORD-0004571,ACC-001315,CENTRAL CITY,Maple St. 28,Bldg-164,Apt ۳,PC 2 0164,FAM-X-001315,2025-01-27
ORD-0004572,ACC-001315,CENTRAL CITY,Maple St. 28,Bldg-164,Apt ۳,PC 2 0164,FAM-X-001315,2025-07-30
ORD-0004573,ACC-001316,Central City,Mape St 28,B ۱۶۴,۴,PC20164,FAM-00656,2025-12-01
ORD-0004574,ACC-001316,Central City,Mape St 28,B ۱۶۴,۴,PC20164,FAM-00656,2025-08-06
ORD-0004575,ACC-001317,Central City,Male St 28,B ۱۶۴,۵,,FAM-00656,2025-10-06
ORD-0004576,ACC-001317,Central City,Male St 28,B ۱۶۴,۵,,FAM-00656,2025-01-04
ORD-0004577,ACC-001317,Central City,Male St 28,B ۱۶۴,۵,,FAM-00656,2025-12-17
ORD-0004578,ACC-001317,Central City,Male St 28,B ۱۶۴,۵,,FAM-00656,2025-02-04
ORD-0004579,ACC-001318,Central City,Maple Street 28,Building 164,Unit 4,PC-2-0164,FAM-00656,2025-07-11
ORD-0004580,ACC-001318,Central City,Maple Street 28,Building 164,Unit 4,PC-2-0164,FAM-00656,2025-10-09
ORD-0004581,ACC-001319,South City,Willow Street 28,Building 165,Unit 1,PC-3-0165,FAM-00657,2025-08-07
ORD-0004582,ACC-001319,South City,Willow Street 28,Building 165,Unit 1,PC-3-0165,FAM-00657,2025-11-29
ORD-0004583,ACC-001319,South City,Willow Street 28,Building 165,Unit 1,PC-3-0165,FAM-00657,2025-06-25
ORD-0004584,ACC-001320,South City,Willow Street 28,Building 165,Unit 1,PC-3-0165,FAM-00657,2025-04-17
ORD-0004585,ACC-001320,South City,Willow Street 28,Building 165,Unit 1,PC-3-0165,FAM-00657,2025-11-20
ORD-0004586,ACC-001320,South City,Willow Street 28,Building 165,Unit 1,PC-3-0165,FAM-00657,2025-04-14
ORD-0004587,ACC-001321,South City,Willow Street 28,Building 165,Unit 2,PC-3-0165,FAM-X-001321,2025-04-08
ORD-0004588,ACC-001321,South City,Willow Street 28,Building 165,Unit 2,PC-3-0165,FAM-X-001321,2025-08-04
ORD-0004589,ACC-001321,South City,Willow Street 28,Building 165,Unit 2,PC-3-0165,FAM-X-001321,2025-08-05
ORD-0004590,ACC-001322,SOUTH CITY,Willow St. 28,Bldg-165,Apt ۳,PC 3 0165,FAM-X-001322,2025-05-12
ORD-0004591,ACC-001322,SOUTH CITY,Willow St. 28,Bldg-165,Apt ۳,PC 3 0165,FAM-X-001322,2025-06-23
ORD-0004592,ACC-001322,SOUTH CITY,Willow St. 28,Bldg-165,Apt ۳,PC 3 0165,FAM-X-001322,2025-06-27
ORD-0004593,ACC-001322,SOUTH CITY,Willow St. 28,Bldg-165,Apt ۳,PC 3 0165,FAM-X-001322,2025-10-27
ORD-0004594,ACC-001322,SOUTH CITY,Willow St. 28,Bldg-165,Apt ۳,PC 3 0165,FAM-X-001322,2025-04-08
ORD-0004595,ACC-001323,SOUTH CITY,Willow St. 28,Bldg-165,Apt ۳,PC 3 0165,FAM-00659,2025-11-23
ORD-0004596,ACC-001323,SOUTH CITY,Willow St. 28,Bldg-165,Apt ۳,PC 3 0165,FAM-00659,2025-06-19
ORD-0004597,ACC-001323,SOUTH CITY,Willow St. 28,Bldg-165,Apt ۳,PC 3 0165,FAM-00659,2025-11-29
ORD-0004598,ACC-001324,SOUTH CITY,Willow St. 28,Bldg-165,Apt ۴,PC 3 0165,FAM-00660,2025-03-15
ORD-0004599,ACC-001324,SOUTH CITY,Willow St. 28,Bldg-165,Apt ۴,PC 3 0165,FAM-00660,2025-05-10
ORD-0004600,ACC-001324,SOUTH CITY,Willow St. 28,Bldg-165,Apt ۴,PC 3 0165,FAM-00660,2025-07-03
ORD-0004601,ACC-001324,SOUTH CITY,Willow St. 28,Bldg-165,Apt ۴,PC 3 0165,FAM-00660,2025-09-21
ORD-0004602,ACC-001324,SOUTH CITY,Willow St. 28,Bldg-165,Apt ۴,PC 3 0165,FAM-00660,2025-04-12
ORD-0004603,ACC-001325,SOUTH CITY,Willow St. 28,Bldg-165,Apt ۴,PC 3 0165,FAM-00660,2025-04-18
ORD-0004604,ACC-001325,SOUTH CITY,Willow St. 28,Bldg-165,Apt ۴,PC 3 0165,FAM-00660,2025-01-23
ORD-0004605,ACC-001325,SOUTH CITY,Willow St. 28,Bldg-165,Apt ۴,PC 3 0165,FAM-00660,2025-07-30
ORD-0004606,ACC-001326,NORTH CITY,Oak St. 28,Bldg-166,Apt ۱,PC 1 0166,FAM-00661,2025-03-30
ORD-0004607,ACC-001326,NORTH CITY,Oak St. 28,Bldg-166,Apt ۱,PC 1 0166,FAM-00661,2025-11-05
ORD-0004608,ACC-001326,NORTH CITY,Oak St. 28,Bldg-166,Apt ۱,PC 1 0166,FAM-00661,2025-05-08
ORD-0004609,ACC-001326,NORTH CITY,Oak St. 28,Bldg-166,Apt ۱,PC 1 0166,FAM-00661,2025-05-17
ORD-0004610,ACC-001327,NORTH CITY,Oak St. 28,Bldg-166,Apt ۱,PC 1 0166,FAM-00661,2025-08-01
ORD-0004611,ACC-001327,NORTH CITY,Oak St. 28,Bldg-166,Apt ۱,PC 1 0166,FAM-00661,2025-02-22
ORD-0004612,ACC-001327,NORTH CITY,Oak St. 28,Bldg-166,Apt ۱,PC 1 0166,FAM-00661,2025-08-19
ORD-0004613,ACC-001327,NORTH CITY,Oak St. 28,Bldg-166,Apt ۱,PC 1 0166,FAM-00661,2025-03-14
ORD-0004614,ACC-001328,NORTH CITY,Oak St. 28,Bldg-166,Apt ۲,PC 1 0166,FAM-00662,2025-06-27
ORD-0004615,ACC-001328,NORTH CITY,Oak St. 28,Bldg-166,Apt ۲,PC 1 0166,FAM-00662,2025-05-29
ORD-0004616,ACC-001328,NORTH CITY,Oak St. 28,Bldg-166,Apt ۲,PC 1 0166,FAM-00662,2025-04-27
ORD-0004617,ACC-001328,NORTH CITY,Oak St. 28,Bldg-166,Apt ۲,PC 1 0166,FAM-00662,2025-08-31
ORD-0004618,ACC-001329,NORTH CITY,Oak St. 28,Bldg-166,Apt ۲,PC 1 0166,FAM-00662,2025-11-20
ORD-0004619,ACC-001329,NORTH CITY,Oak St. 28,Bldg-166,Apt ۲,PC 1 0166,FAM-00662,2025-04-11
ORD-0004620,ACC-001330,NORTH CITY,Oak St. 28,Bldg-166,Apt ۲,PC 1 0166,FAM-X-001330,2025-09-06
ORD-0004621,ACC-001330,NORTH CITY,Oak St. 28,Bldg-166,Apt ۲,PC 1 0166,FAM-X-001330,2025-06-04
ORD-0004622,ACC-001330,NORTH CITY,Oak St. 28,Bldg-166,Apt ۲,PC 1 0166,FAM-X-001330,2025-11-08
ORD-0004623,ACC-001330,NORTH CITY,Oak St. 28,Bldg-166,Apt ۲,PC 1 0166,FAM-X-001330,2025-10-15
ORD-0004624,ACC-001330,NORTH CITY,Oak St. 28,Bldg-166,Apt ۲,PC 1 0166,FAM-X-001330,2025-10-05
ORD-0004625,ACC-001331,NORTH CITY,Oak St. 28,Bldg-166,Apt ۳,PC 1 0166,FAM-X-001331,2025-02-07
ORD-0004626,ACC-001331,NORTH CITY,Oak St. 28,Bldg-166,Apt ۳,PC 1 0166,FAM-X-001331,2025-02-08
ORD-0004627,ACC-001332,NORTH CITY,Oak St. 28,Bldg-166,Apt ۴,PC 1 0166,FAM-00664,2025-02-15
ORD-0004628,ACC-001332,NORTH CITY,Oak St. 28,Bldg-166,Apt ۴,PC 1 0166,FAM-00664,2025-01-10
ORD-0004629,ACC-001333,NORTH CITY,Oak St. 28,Bldg-166,Apt ۴,PC 1 0166,FAM-X-001333,2025-04-28
ORD-0004630,ACC-001333,NORTH CITY,Oak St. 28,Bldg-166,Apt ۴,PC 1 0166,FAM-X-001333,2025-06-28
ORD-0004631,ACC-001333,NORTH CITY,Oak St. 28,Bldg-166,Apt ۴,PC 1 0166,FAM-X-001333,2025-06-19
ORD-0004632,ACC-001333,NORTH CITY,Oak St. 28,Bldg-166,Apt ۴,PC 1 0166,FAM-X-001333,2025-01-13
ORD-0004633,ACC-001333,NORTH CITY,Oak St. 28,Bldg-166,Apt ۴,PC 1 0166,FAM-X-001333,2025-10-08
ORD-0004634,ACC-001334,Central City,Pin St 28,B ۱۶۷,۱,PC20167,FAM-00665,2025-08-14
ORD-0004635,ACC-001334,Central City,Pin St 28,B ۱۶۷,۱,PC20167,FAM-00665,2025-02-14
ORD-0004636,ACC-001334,Central City,Pin St 28,B ۱۶۷,۱,PC20167,FAM-00665,2025-04-04
ORD-0004637,ACC-001334,Central City,Pin St 28,B ۱۶۷,۱,PC20167,FAM-00665,2025-10-17
ORD-0004638,ACC-001335,CENTRAL CITY,Pine St. 28,Bldg-167,Apt ۱,PC 2 0167,FAM-00665,2025-04-06
ORD-0004639,ACC-001335,CENTRAL CITY,Pine St. 28,Bldg-167,Apt ۱,PC 2 0167,FAM-00665,2025-01-21
ORD-0004640,ACC-001335,CENTRAL CITY,Pine St. 28,Bldg-167,Apt ۱,PC 2 0167,FAM-00665,2025-03-27
ORD-0004641,ACC-001335,CENTRAL CITY,Pine St. 28,Bldg-167,Apt ۱,PC 2 0167,FAM-00665,2025-08-21
ORD-0004642,ACC-001335,CENTRAL CITY,Pine St. 28,Bldg-167,Apt ۱,PC 2 0167,FAM-00665,2025-05-08
ORD-0004643,ACC-001336,Central City,Pine S 28,B ۱۶۷,۲,,FAM-X-001336,2025-08-08
ORD-0004644,ACC-001336,Central City,Pine S 28,B ۱۶۷,۲,,FAM-X-001336,2025-10-15
ORD-0004645,ACC-001336,Central City,Pine S 28,B ۱۶۷,۲,,FAM-X-001336,2025-01-30
ORD-0004646,ACC-001337,Central City,Pine Street 28,Building 167,Unit 2,PC-2-0167,FAM-X-001337,2025-06-02
ORD-0004647,ACC-001337,Central City,Pine Street 28,Building 167,Unit 2,PC-2-0167,FAM-X-001337,2025-08-01
ORD-0004648,ACC-001338,Central City,Pne St 28,B ۱۶۷,۲,,FAM-X-001338,2025-09-16
ORD-0004649,ACC-001338,Central City,Pne St 28,B ۱۶۷,۲,,FAM-X-001338,2025-06-19
ORD-0004650,ACC-001338,Central City,Pne St 28,B ۱۶۷,۲,,FAM-X-001338,2025-05-29
ORD-0004651,ACC-001338,Central City,Pne St 28,B ۱۶۷,۲,,FAM-X-001338,2025-05-01
ORD-0004652,ACC-001339,CENTRAL CITY,Pine St. 28,Bldg-167,Apt ۲,PC 2 0167,FAM-X-001339,2025-10-18
ORD-0004653,ACC-001339,CENTRAL CITY,Pine St. 28,Bldg-167,Apt ۲,PC 2 0167,FAM-X-001339,2025-03-27
ORD-0004654,ACC-001340,Central City,Pine Street 28,Building 167,Unit 3,PC-2-0167,FAM-X-001340,2025-02-11
ORD-0004655,ACC-001340,Central City,Pine Street 28,Building 167,Unit 3,PC-2-0167,FAM-X-001340,2025-05-02
ORD-0004656,ACC-001341,CENTRAL CITY,Pine St. 28,Bldg-167,Apt ۴,PC 2 0167,FAM-00668,2025-04-22
ORD-0004657,ACC-001341,CENTRAL CITY,Pine St. 28,Bldg-167,Apt ۴,PC 2 0167,FAM-00668,2025-05-10
ORD-0004658,ACC-001342,CENTRAL CITY,Pine St. 28,Bldg-167,Apt ۴,PC 2 0167,FAM-00668,2025-08-25
ORD-0004659,ACC-001342,CENTRAL CITY,Pine St. 28,Bldg-167,Apt ۴,PC 2 0167,FAM-00668,2025-09-03
ORD-0004660,ACC-001342,CENTRAL CITY,Pine St. 28,Bldg-167,Apt ۴,PC 2 0167,FAM-00668,2025-07-25
ORD-0004661,ACC-001343,CENTRAL CITY,Pine St. 28,Bldg-167,Apt ۴,PC 2 0167,FAM-00668,2025-06-09
ORD-0004662,ACC-001343,CENTRAL CITY,Pine St. 28,Bldg-167,Apt ۴,PC 2 0167,FAM-00668,2025-02-15
ORD-0004663,ACC-001343,CENTRAL CITY,Pine St. 28,Bldg-167,Apt ۴,PC 2 0167,FAM-00668,2025-05-08
ORD-0004664,ACC-001344,Central City,Pine Street 28,Building 167,Unit 4,PC-2-0167,FAM-00668,2025-01-10
ORD-0004665,ACC-001344,Central City,Pine Street 28,Building 167,Unit 4,PC-2-0167,FAM-00668,2025-11-24
ORD-0004666,ACC-001344,Central City,Pine Street 28,Building 167,Unit 4,PC-2-0167,FAM-00668,2025-04-30
ORD-0004667,ACC-001344,Central City,Pine Street 28,Building 167,Unit 4,PC-2-0167,FAM-00668,2025-09-22
ORD-0004668,ACC-001344,Central City,Pine Street 28,Building 167,Unit 4,PC-2-0167,FAM-00668,2025-09-05
ORD-0004669,ACC-001345,South City,Elm Street 28,Building 168,Unit 1,PC-3-0168,FAM-X-001345,2025-08-27
ORD-0004670,ACC-001345,South City,Elm Street 28,Building 168,Unit 1,PC-3-0168,FAM-X-001345,2025-06-25
ORD-0004671,ACC-001345,South City,Elm Street 28,Building 168,Unit 1,PC-3-0168,FAM-X-001345,2025-05-26
ORD-0004672,ACC-001345,South City,Elm Street 28,Building 168,Unit 1,PC-3-0168,FAM-X-001345,2025-02-04
ORD-0004673,ACC-001345,South City,Elm Street 28,Building 168,Unit 1,PC-3-0168,FAM-X-001345,2025-10-20
ORD-0004674,ACC-001346,SOUTH CITY,Elm St. 28,Bldg-168,Apt ۲,PC 3 0168,FAM-X-001346,2025-04-07
ORD-0004675,ACC-001346,SOUTH CITY,Elm St. 28,Bldg-168,Apt ۲,PC 3 0168,FAM-X-001346,2025-10-18
ORD-0004676,ACC-001346,SOUTH CITY,Elm St. 28,Bldg-168,Apt ۲,PC 3 0168,FAM-X-001346,2025-08-11
ORD-0004677,ACC-001346,SOUTH CITY,Elm St. 28,Bldg-168,Apt ۲,PC 3 0168,FAM-X-001346,2025-06-10
ORD-0004678,ACC-001347,SOUTH CITY,Elm St. 28,Bldg-168,Apt ۲,PC 3 0168,FAM-X-001347,2025-06-23
ORD-0004679,ACC-001347,SOUTH CITY,Elm St. 28,Bldg-168,Apt ۲,PC 3 0168,FAM-X-001347,2025-04-28
ORD-0004680,ACC-001347,SOUTH CITY,Elm St. 28,Bldg-168,Apt ۲,PC 3 0168,FAM-X-001347,2025-12-23
ORD-0004681,ACC-001347,SOUTH CITY,Elm St. 28,Bldg-168,Apt ۲,PC 3 0168,FAM-X-001347,2025-01-24
ORD-0004682,ACC-001348,South City,Elm Street 28,Building 168,Unit 2,PC-3-0168,FAM-X-001348,2025-02-26
ORD-0004683,ACC-001348,South City,Elm Street 28,Building 168,Unit 2,PC-3-0168,FAM-X-001348,2025-02-07
ORD-0004684,ACC-001349,South City,lm St 28,B ۱۶۸,,,FAM-X-001349,2025-12-12
ORD-0004685,ACC-001349,South City,lm St 28,B ۱۶۸,,,FAM-X-001349,2025-05-30
ORD-0004686,ACC-001349,South City,lm St 28,B ۱۶۸,,,FAM-X-001349,2025-05-12
ORD-0004687,ACC-001349,South City,lm St 28,B ۱۶۸,,,FAM-X-001349,2025-10-12
ORD-0004688,ACC-001350,SOUTH CITY,Elm St. 28,Bldg-168,Apt ۳,PC 3 0168,FAM-00671,2025-04-08
ORD-0004689,ACC-001350,SOUTH CITY,Elm St. 28,Bldg-168,Apt ۳,PC 3 0168,FAM-00671,2025-09-30
ORD-0004690,ACC-001350,SOUTH CITY,Elm St. 28,Bldg-168,Apt ۳,PC 3 0168,FAM-00671,2025-10-31
ORD-0004691,ACC-001350,SOUTH CITY,Elm St. 28,Bldg-168,Apt ۳,PC 3 0168,FAM-00671,2025-10-23
ORD-0004692,ACC-001351,South City,El St 28,B ۱۶۸,۳,,FAM-00671,2025-06-03
ORD-0004693,ACC-001351,South City,El St 28,B ۱۶۸,۳,,FAM-00671,2025-09-28
ORD-0004694,ACC-001351,South City,El St 28,B ۱۶۸,۳,,FAM-00671,2025-01-27
ORD-0004695,ACC-001351,South City,El St 28,B ۱۶۸,۳,,FAM-00671,2025-10-01
ORD-0004696,ACC-001352,SOUTH CITY,Elm St. 28,Bldg-168,Apt ۴,PC 3 0168,FAM-00672,2025-08-06
ORD-0004697,ACC-001352,SOUTH CITY,Elm St. 28,Bldg-168,Apt ۴,PC 3 0168,FAM-00672,2025-08-10
ORD-0004698,ACC-001352,SOUTH CITY,Elm St. 28,Bldg-168,Apt ۴,PC 3 0168,FAM-00672,2025-10-02
ORD-0004699,ACC-001352,SOUTH CITY,Elm St. 28,Bldg-168,Apt ۴,PC 3 0168,FAM-00672,2025-03-02
ORD-0004700,ACC-001353,SOUTH CITY,Elm St. 28,Bldg-168,Apt ۴,PC 3 0168,FAM-00672,2025-07-20
ORD-0004701,ACC-001353,SOUTH CITY,Elm St. 28,Bldg-168,Apt ۴,PC 3 0168,FAM-00672,2025-05-02
ORD-0004702,ACC-001353,SOUTH CITY,Elm St. 28,Bldg-168,Apt ۴,PC 3 0168,FAM-00672,2025-03-23
ORD-0004703,ACC-001353,SOUTH CITY,Elm St. 28,Bldg-168,Apt ۴,PC 3 0168,FAM-00672,2025-03-03
ORD-0004704,ACC-001353,SOUTH CITY,Elm St. 28,Bldg-168,Apt ۴,PC 3 0168,FAM-00672,2025-05-05
ORD-0004705,ACC-001354,South City,Em St 28,B ۱۶۸,۵,PC30168,FAM-00672,2025-09-21
ORD-0004706,ACC-001354,South City,Em St 28,B ۱۶۸,۵,PC30168,FAM-00672,2025-12-16
ORD-0004707,ACC-001354,South City,Em St 28,B ۱۶۸,۵,PC30168,FAM-00672,2025-07-29
ORD-0004708,ACC-001355,SOUTH CITY,Elm St. 28,Bldg-168,Apt ۴,PC 3 0168,FAM-00672,2025-09-15
ORD-0004709,ACC-001355,SOUTH CITY,Elm St. 28,Bldg-168,Apt ۴,PC 3 0168,FAM-00672,2025-01-08
ORD-0004710,ACC-001356,North City,Cedar Street 29,Building 169,Unit 1,PC-1-0169,FAM-00673,2025-12-09
ORD-0004711,ACC-001356,North City,Cedar Street 29,Building 169,Unit 1,PC-1-0169,FAM-00673,2025-06-30
ORD-0004712,ACC-001356,North City,Cedar Street 29,Building 169,Unit 1,PC-1-0169,FAM-00673,2025-07-05
ORD-0004713,ACC-001356,North City,Cedar Street 29,Building 169,Unit 1,PC-1-0169,FAM-00673,2025-07-20
ORD-0004714,ACC-001356,North City,Cedar Street 29,Building 169,Unit 1,PC-1-0169,FAM-00673,2025-04-17
ORD-0004715,ACC-001357,NORTH CITY,Cedar St. 29,Bldg-169,Apt ۱,PC 1 0169,FAM-00673,2025-11-07
ORD-0004716,ACC-001357,NORTH CITY,Cedar St. 29,Bldg-169,Apt ۱,PC 1 0169,FAM-00673,2025-09-22
ORD-0004717,ACC-001357,NORTH CITY,Cedar St. 29,Bldg-169,Apt ۱,PC 1 0169,FAM-00673,2025-12-03
ORD-0004718,ACC-001357,NORTH CITY,Cedar St. 29,Bldg-169,Apt ۱,PC 1 0169,FAM-00673,2025-09-18
ORD-0004719,ACC-001358,NORTH CITY,Cedar St. 29,Bldg-169,Apt ۲,PC 1 0169,FAM-X-001358,2025-12-19
ORD-0004720,ACC-001358,NORTH CITY,Cedar St. 29,Bldg-169,Apt ۲,PC 1 0169,FAM-X-001358,2025-05-19
ORD-0004721,ACC-001358,NORTH CITY,Cedar St. 29,Bldg-169,Apt ۲,PC 1 0169,FAM-X-001358,2025-02-13
ORD-0004722,ACC-001358,NORTH CITY,Cedar St. 29,Bldg-169,Apt ۲,PC 1 0169,FAM-X-001358,2025-11-19
ORD-0004723,ACC-001359,NORTH CITY,Cedar St. 29,Bldg-169,Apt ۲,PC 1 0169,FAM-X-001359,2025-01-12
ORD-0004724,ACC-001359,NORTH CITY,Cedar St. 29,Bldg-169,Apt ۲,PC 1 0169,FAM-X-001359,2025-06-24
ORD-0004725,ACC-001359,NORTH CITY,Cedar St. 29,Bldg-169,Apt ۲,PC 1 0169,FAM-X-001359,2025-04-07
ORD-0004726,ACC-001359,NORTH CITY,Cedar St. 29,Bldg-169,Apt ۲,PC 1 0169,FAM-X-001359,2025-04-16
ORD-0004727,ACC-001360,NORTH CITY,Cedar St. 29,Bldg-169,Apt ۲,PC 1 0169,FAM-X-001360,2025-05-14
ORD-0004728,ACC-001360,NORTH CITY,Cedar St. 29,Bldg-169,Apt ۲,PC 1 0169,FAM-X-001360,2025-03-30
ORD-0004729,ACC-001361,North City,Cedar Street 29,Building 169,Unit 3,PC-1-0169,FAM-X-001361,2025-10-12
ORD-0004730,ACC-001361,North City,Cedar Street 29,Building 169,Unit 3,PC-1-0169,FAM-X-001361,2025-07-30
ORD-0004731,ACC-001361,North City,Cedar Street 29,Building 169,Unit 3,PC-1-0169,FAM-X-001361,2025-06-09
ORD-0004732,ACC-001361,North City,Cedar Street 29,Building 169,Unit 3,PC-1-0169,FAM-X-001361,2025-05-25
ORD-0004733,ACC-001361,North City,Cedar Street 29,Building 169,Unit 3,PC-1-0169,FAM-X-001361,2025-09-01
ORD-0004734,ACC-001362,North City,Cedar Street 29,Building 169,Unit 4,PC-1-0169,FAM-00676,2025-10-23
ORD-0004735,ACC-001362,North City,Cedar Street 29,Building 169,Unit 4,PC-1-0169,FAM-00676,2025-07-27
ORD-0004736,ACC-001363,NORTH CITY,Cedar St. 29,Bldg-169,Apt ۴,PC 1 0169,FAM-00676,2025-04-01
ORD-0004737,ACC-001363,NORTH CITY,Cedar St. 29,Bldg-169,Apt ۴,PC 1 0169,FAM-00676,2025-11-05
ORD-0004738,ACC-001363,NORTH CITY,Cedar St. 29,Bldg-169,Apt ۴,PC 1 0169,FAM-00676,2025-12-14
ORD-0004739,ACC-001363,NORTH CITY,Cedar St. 29,Bldg-169,Apt ۴,PC 1 0169,FAM-00676,2025-04-18
ORD-0004740,ACC-001364,Central City,Mape St 29,B ۱۷۰,۲,PC20170,FAM-X-001364,2025-09-15
ORD-0004741,ACC-001364,Central City,Mape St 29,B ۱۷۰,۲,PC20170,FAM-X-001364,2025-08-17
ORD-0004742,ACC-001365,Central City,Maple Street 29,Building 170,Unit 2,PC-2-0170,FAM-X-001365,2025-05-22
ORD-0004743,ACC-001365,Central City,Maple Street 29,Building 170,Unit 2,PC-2-0170,FAM-X-001365,2025-10-07
ORD-0004744,ACC-001365,Central City,Maple Street 29,Building 170,Unit 2,PC-2-0170,FAM-X-001365,2025-12-30
ORD-0004745,ACC-001365,Central City,Maple Street 29,Building 170,Unit 2,PC-2-0170,FAM-X-001365,2025-04-26
ORD-0004746,ACC-001365,Central City,Maple Street 29,Building 170,Unit 2,PC-2-0170,FAM-X-001365,2025-12-26
ORD-0004747,ACC-001366,CENTRAL CITY,Maple St. 29,Bldg-170,Apt ۲,PC 2 0170,FAM-X-001366,2025-10-20
ORD-0004748,ACC-001366,CENTRAL CITY,Maple St. 29,Bldg-170,Apt ۲,PC 2 0170,FAM-X-001366,2025-01-20
ORD-0004749,ACC-001366,CENTRAL CITY,Maple St. 29,Bldg-170,Apt ۲,PC 2 0170,FAM-X-001366,2025-01-29
ORD-0004750,ACC-001366,CENTRAL CITY,Maple St. 29,Bldg-170,Apt ۲,PC 2 0170,FAM-X-001366,2025-01-02
ORD-0004751,ACC-001367,Central City,Maple Street 29,Building 170,Unit 2,PC-2-0170,FAM-X-001367,2025-02-16
ORD-0004752,ACC-001367,Central City,Maple Street 29,Building 170,Unit 2,PC-2-0170,FAM-X-001367,2025-01-27
ORD-0004753,ACC-001367,Central City,Maple Street 29,Building 170,Unit 2,PC-2-0170,FAM-X-001367,2025-04-05
ORD-0004754,ACC-001367,Central City,Maple Street 29,Building 170,Unit 2,PC-2-0170,FAM-X-001367,2025-10-06
ORD-0004755,ACC-001367,Central City,Maple Street 29,Building 170,Unit 2,PC-2-0170,FAM-X-001367,2025-11-28
ORD-0004756,ACC-001368,CENTRAL CITY,Maple St. 29,Bldg-170,Apt ۲,PC 2 0170,FAM-X-001368,2025-10-18
ORD-0004757,ACC-001368,CENTRAL CITY,Maple St. 29,Bldg-170,Apt ۲,PC 2 0170,FAM-X-001368,2025-02-25
ORD-0004758,ACC-001368,CENTRAL CITY,Maple St. 29,Bldg-170,Apt ۲,PC 2 0170,FAM-X-001368,2025-11-02
ORD-0004759,ACC-001368,CENTRAL CITY,Maple St. 29,Bldg-170,Apt ۲,PC 2 0170,FAM-X-001368,2025-11-13
ORD-0004760,ACC-001368,CENTRAL CITY,Maple St. 29,Bldg-170,Apt ۲,PC 2 0170,FAM-X-001368,2025-09-26
ORD-0004761,ACC-001369,CENTRAL CITY,Maple St. 29,Bldg-170,Apt ۲,PC 2 0170,FAM-X-001369,2025-11-12
ORD-0004762,ACC-001369,CENTRAL CITY,Maple St. 29,Bldg-170,Apt ۲,PC 2 0170,FAM-X-001369,2025-07-09
ORD-0004763,ACC-001369,CENTRAL CITY,Maple St. 29,Bldg-170,Apt ۲,PC 2 0170,FAM-X-001369,2025-09-28
ORD-0004764,ACC-001369,CENTRAL CITY,Maple St. 29,Bldg-170,Apt ۲,PC 2 0170,FAM-X-001369,2025-05-26
ORD-0004765,ACC-001369,CENTRAL CITY,Maple St. 29,Bldg-170,Apt ۲,PC 2 0170,FAM-X-001369,2025-09-29
ORD-0004766,ACC-001370,Central City,Mple St 29,B ۱۷۰,۲,PC20170,FAM-X-001370,2025-10-01
ORD-0004767,ACC-001370,Central City,Mple St 29,B ۱۷۰,۲,PC20170,FAM-X-001370,2025-06-15
ORD-0004768,ACC-001370,Central City,Mple St 29,B ۱۷۰,۲,PC20170,FAM-X-001370,2025-11-02
ORD-0004769,ACC-001370,Central City,Mple St 29,B ۱۷۰,۲,PC20170,FAM-X-001370,2025-10-24
ORD-0004770,ACC-001371,Central City,Maple Street 29,Building 170,Unit 3,PC-2-0170,FAM-X-001371,2025-07-12
ORD-0004771,ACC-001371,Central City,Maple Street 29,Building 170,Unit 3,PC-2-0170,FAM-X-001371,2025-07-16
ORD-0004772,ACC-001371,Central City,Maple Street 29,Building 170,Unit 3,PC-2-0170,FAM-X-001371,2025-01-27
ORD-0004773,ACC-001371,Central City,Maple Street 29,Building 170,Unit 3,PC-2-0170,FAM-X-001371,2025-12-02
ORD-0004774,ACC-001372,CENTRAL CITY,Maple St. 29,Bldg-170,Apt ۴,PC 2 0170,FAM-X-001372,2025-10-01
ORD-0004775,ACC-001372,CENTRAL CITY,Maple St. 29,Bldg-170,Apt ۴,PC 2 0170,FAM-X-001372,2025-03-30
ORD-0004776,ACC-001372,CENTRAL CITY,Maple St. 29,Bldg-170,Apt ۴,PC 2 0170,FAM-X-001372,2025-10-28
ORD-0004777,ACC-001372,CENTRAL CITY,Maple St. 29,Bldg-170,Apt ۴,PC 2 0170,FAM-X-001372,2025-12-20
ORD-0004778,ACC-001372,CENTRAL CITY,Maple St. 29,Bldg-170,Apt ۴,PC 2 0170,FAM-X-001372,2025-07-05
ORD-0004779,ACC-001373,South City,Willow Street 29,Building 171,Unit 1,PC-3-0171,FAM-X-001373,2025-01-13
ORD-0004780,ACC-001373,South City,Willow Street 29,Building 171,Unit 1,PC-3-0171,FAM-X-001373,2025-07-21
ORD-0004781,ACC-001373,South City,Willow Street 29,Building 171,Unit 1,PC-3-0171,FAM-X-001373,2025-07-06
ORD-0004782,ACC-001374,SOUTH CITY,Willow St. 29,Bldg-171,Apt ۲,PC 3 0171,FAM-X-001374,2025-12-05
ORD-0004783,ACC-001374,SOUTH CITY,Willow St. 29,Bldg-171,Apt ۲,PC 3 0171,FAM-X-001374,2025-06-26
ORD-0004784,ACC-001374,SOUTH CITY,Willow St. 29,Bldg-171,Apt ۲,PC 3 0171,FAM-X-001374,2025-08-06
ORD-0004785,ACC-001374,SOUTH CITY,Willow St. 29,Bldg-171,Apt ۲,PC 3 0171,FAM-X-001374,2025-02-06
ORD-0004786,ACC-001374,SOUTH CITY,Willow St. 29,Bldg-171,Apt ۲,PC 3 0171,FAM-X-001374,2025-03-19
ORD-0004787,ACC-001375,SOUTH CITY,Willow St. 29,Bldg-171,Apt ۲,PC 3 0171,FAM-X-001375,2025-01-30
ORD-0004788,ACC-001375,SOUTH CITY,Willow St. 29,Bldg-171,Apt ۲,PC 3 0171,FAM-X-001375,2025-04-02
ORD-0004789,ACC-001375,SOUTH CITY,Willow St. 29,Bldg-171,Apt ۲,PC 3 0171,FAM-X-001375,2025-08-31
ORD-0004790,ACC-001375,SOUTH CITY,Willow St. 29,Bldg-171,Apt ۲,PC 3 0171,FAM-X-001375,2025-08-12
ORD-0004791,ACC-001376,South City,Willw St 29,B ۱۷۱,,,FAM-X-001376,2025-06-16
ORD-0004792,ACC-001376,South City,Willw St 29,B ۱۷۱,,,FAM-X-001376,2025-02-15
ORD-0004793,ACC-001377,South City,Willow Street 29,Building 171,Unit 2,PC-3-0171,FAM-X-001377,2025-08-17
ORD-0004794,ACC-001377,South City,Willow Street 29,Building 171,Unit 2,PC-3-0171,FAM-X-001377,2025-03-07
ORD-0004795,ACC-001377,South City,Willow Street 29,Building 171,Unit 2,PC-3-0171,FAM-X-001377,2025-02-07
ORD-0004796,ACC-001377,South City,Willow Street 29,Building 171,Unit 2,PC-3-0171,FAM-X-001377,2025-10-22
ORD-0004797,ACC-001378,South City,Willo St 29,B ۱۷۱,۲,PC30171,FAM-X-001378,2025-03-14
ORD-0004798,ACC-001378,South City,Willo St 29,B ۱۷۱,۲,PC30171,FAM-X-001378,2025-05-28
ORD-0004799,ACC-001379,South City,Willow Street 29,Building 171,Unit 2,PC-3-0171,FAM-X-001379,2025-02-06
ORD-0004800,ACC-001379,South City,Willow Street 29,Building 171,Unit 2,PC-3-0171,FAM-X-001379,2025-12-18
ORD-0004801,ACC-001380,SOUTH CITY,Willow St. 29,Bldg-171,Apt ۳,PC 3 0171,FAM-X-001380,2025-04-29
ORD-0004802,ACC-001380,SOUTH CITY,Willow St. 29,Bldg-171,Apt ۳,PC 3 0171,FAM-X-001380,2025-06-02
ORD-0004803,ACC-001380,SOUTH CITY,Willow St. 29,Bldg-171,Apt ۳,PC 3 0171,FAM-X-001380,2025-07-06
ORD-0004804,ACC-001381,South City,Willow Street 29,Building 171,Unit 3,PC-3-0171,FAM-X-001381,2025-12-24
ORD-0004805,ACC-001381,South City,Willow Street 29,Building 171,Unit 3,PC-3-0171,FAM-X-001381,2025-05-01
ORD-0004806,ACC-001381,South City,Willow Street 29,Building 171,Unit 3,PC-3-0171,FAM-X-001381,2025-03-22
ORD-0004807,ACC-001381,South City,Willow Street 29,Building 171,Unit 3,PC-3-0171,FAM-X-001381,2025-07-14
ORD-0004808,ACC-001381,South City,Willow Street 29,Building 171,Unit 3,PC-3-0171,FAM-X-001381,2025-05-15
ORD-0004809,ACC-001382,SOUTH CITY,Willow St. 29,Bldg-171,Apt ۳,PC 3 0171,FAM-X-001382,2025-02-15
ORD-0004810,ACC-001382,SOUTH CITY,Willow St. 29,Bldg-171,Apt ۳,PC 3 0171,FAM-X-001382,2025-01-28
ORD-0004811,ACC-001383,South City,Wilow St 29,B ۱۷۱,,,FAM-X-001383,2025-05-29
ORD-0004812,ACC-001383,South City,Wilow St 29,B ۱۷۱,,,FAM-X-001383,2025-06-11
ORD-0004813,ACC-001383,South City,Wilow St 29,B ۱۷۱,,,FAM-X-001383,2025-03-04
ORD-0004814,ACC-001384,South City,Willow Street 29,Building 171,Unit 3,PC-3-0171,FAM-X-001384,2025-04-10
ORD-0004815,ACC-001384,South City,Willow Street 29,Building 171,Unit 3,PC-3-0171,FAM-X-001384,2025-02-22
ORD-0004816,ACC-001385,SOUTH CITY,Willow St. 29,Bldg-171,Apt ۳,PC 3 0171,FAM-X-001385,2025-02-15
ORD-0004817,ACC-001385,SOUTH CITY,Willow St. 29,Bldg-171,Apt ۳,PC 3 0171,FAM-X-001385,2025-10-23
ORD-0004818,ACC-001386,SOUTH CITY,Willow St. 29,Bldg-171,Apt ۴,PC 3 0171,FAM-X-001386,2025-09-16
ORD-0004819,ACC-001386,SOUTH CITY,Willow St. 29,Bldg-171,Apt ۴,PC 3 0171,FAM-X-001386,2025-02-03
ORD-0004820,ACC-001387,South City,Willow Street 29,Building 171,Unit 4,PC-3-0171,FAM-X-001387,2025-08-12
ORD-0004821,ACC-001387,South City,Willow Street 29,Building 171,Unit 4,PC-3-0171,FAM-X-001387,2025-04-21
ORD-0004822,ACC-001387,South City,Willow Street 29,Building 171,Unit 4,PC-3-0171,FAM-X-001387,2025-05-26
ORD-0004823,ACC-001387,South City,Willow Street 29,Building 171,Unit 4,PC-3-0171,FAM-X-001387,2025-07-13
ORD-0004824,ACC-001388,South City,Willow t 29,B ۱۷۱,۴,PC30171,FAM-X-001388,2025-05-26
ORD-0004825,ACC-001388,South City,Willow t 29,B ۱۷۱,۴,PC30171,FAM-X-001388,2025-02-12
ORD-0004826,ACC-001389,North City,Oak S 29,B ۱۷۲,۱,,FAM-X-001389,2025-09-24
ORD-0004827,ACC-001389,North City,Oak S 29,B ۱۷۲,۱,,FAM-X-001389,2025-10-04
ORD-0004828,ACC-001390,NORTH CITY,Oak St. 29,Bldg-172,Apt ۱,PC 1 0172,FAM-X-001390,2025-04-10
ORD-0004829,ACC-001390,NORTH CITY,Oak St. 29,Bldg-172,Apt ۱,PC 1 0172,FAM-X-001390,2025-02-12
ORD-0004830,ACC-001391,NORTH CITY,Oak St. 29,Bldg-172,Apt ۱,PC 1 0172,FAM-X-001391,2025-05-22
ORD-0004831,ACC-001391,NORTH CITY,Oak St. 29,Bldg-172,Apt ۱,PC 1 0172,FAM-X-001391,2025-06-25
ORD-0004832,ACC-001392,NORTH CITY,Oak St. 29,Bldg-172,Apt ۱,PC 1 0172,FAM-X-001392,2025-11-02
ORD-0004833,ACC-001392,NORTH CITY,Oak St. 29,Bldg-172,Apt ۱,PC 1 0172,FAM-X-001392,2025-07-01
ORD-0004834,ACC-001392,NORTH CITY,Oak St. 29,Bldg-172,Apt ۱,PC 1 0172,FAM-X-001392,2025-10-08
ORD-0004835,ACC-001392,NORTH CITY,Oak St. 29,Bldg-172,Apt ۱,PC 1 0172,FAM-X-001392,2025-11-29
ORD-0004836,ACC-001393,NORTH CITY,Oak St. 29,Bldg-172,Apt ۲,PC 1 0172,FAM-X-001393,2025-04-14
ORD-0004837,ACC-001393,NORTH CITY,Oak St. 29,Bldg-172,Apt ۲,PC 1 0172,FAM-X-001393,2025-05-03
ORD-0004838,ACC-001393,NORTH CITY,Oak St. 29,Bldg-172,Apt ۲,PC 1 0172,FAM-X-001393,2025-01-29
ORD-0004839,ACC-001393,NORTH CITY,Oak St. 29,Bldg-172,Apt ۲,PC 1 0172,FAM-X-001393,2025-03-27
ORD-0004840,ACC-001394,NORTH CITY,Oak St. 29,Bldg-172,Apt ۳,PC 1 0172,FAM-X-001394,2025-04-04
ORD-0004841,ACC-001394,NORTH CITY,Oak St. 29,Bldg-172,Apt ۳,PC 1 0172,FAM-X-001394,2025-10-30
ORD-0004842,ACC-001394,NORTH CITY,Oak St. 29,Bldg-172,Apt ۳,PC 1 0172,FAM-X-001394,2025-07-28
ORD-0004843,ACC-001394,NORTH CITY,Oak St. 29,Bldg-172,Apt ۳,PC 1 0172,FAM-X-001394,2025-11-07
ORD-0004844,ACC-001394,NORTH CITY,Oak St. 29,Bldg-172,Apt ۳,PC 1 0172,FAM-X-001394,2025-01-23
ORD-0004845,ACC-001395,North City,Oak Street 29,Building 172,Unit 4,PC-1-0172,FAM-X-001395,2025-08-23
ORD-0004846,ACC-001395,North City,Oak Street 29,Building 172,Unit 4,PC-1-0172,FAM-X-001395,2025-12-25
ORD-0004847,ACC-001395,North City,Oak Street 29,Building 172,Unit 4,PC-1-0172,FAM-X-001395,2025-07-27
ORD-0004848,ACC-001395,North City,Oak Street 29,Building 172,Unit 4,PC-1-0172,FAM-X-001395,2025-02-27
ORD-0004849,ACC-001395,North City,Oak Street 29,Building 172,Unit 4,PC-1-0172,FAM-X-001395,2025-05-04
ORD-0004850,ACC-001396,Central City,Pine t 29,B ۱۷۳,۱,,FAM-X-001396,2025-10-11
ORD-0004851,ACC-001396,Central City,Pine t 29,B ۱۷۳,۱,,FAM-X-001396,2025-10-22
ORD-0004852,ACC-001396,Central City,Pine t 29,B ۱۷۳,۱,,FAM-X-001396,2025-08-06
ORD-0004853,ACC-001396,Central City,Pine t 29,B ۱۷۳,۱,,FAM-X-001396,2025-11-24
ORD-0004854,ACC-001397,CENTRAL CITY,Pine St. 29,Bldg-173,Apt ۲,PC 2 0173,FAM-X-001397,2025-03-25
ORD-0004855,ACC-001397,CENTRAL CITY,Pine St. 29,Bldg-173,Apt ۲,PC 2 0173,FAM-X-001397,2025-04-18
ORD-0004856,ACC-001397,CENTRAL CITY,Pine St. 29,Bldg-173,Apt ۲,PC 2 0173,FAM-X-001397,2025-08-26
ORD-0004857,ACC-001397,CENTRAL CITY,Pine St. 29,Bldg-173,Apt ۲,PC 2 0173,FAM-X-001397,2025-10-06
ORD-0004858,ACC-001397,CENTRAL CITY,Pine St. 29,Bldg-173,Apt ۲,PC 2 0173,FAM-X-001397,2025-05-26
ORD-0004859,ACC-001398,Central City,Pne St 29,B ۱۷۳,۳,PC20173,FAM-X-001398,2025-11-17
ORD-0004860,ACC-001398,Central City,Pne St 29,B ۱۷۳,۳,PC20173,FAM-X-001398,2025-04-26
ORD-0004861,ACC-001398,Central City,Pne St 29,B ۱۷۳,۳,PC20173,FAM-X-001398,2025-10-20
ORD-0004862,ACC-001399,CENTRAL CITY,Pine St. 29,Bldg-173,Apt ۴,PC 2 0173,FAM-00692,2025-12-08
ORD-0004863,ACC-001399,CENTRAL CITY,Pine St. 29,Bldg-173,Apt ۴,PC 2 0173,FAM-00692,2025-02-17
ORD-0004864,ACC-001399,CENTRAL CITY,Pine St. 29,Bldg-173,Apt ۴,PC 2 0173,FAM-00692,2025-12-26
ORD-0004865,ACC-001400,CENTRAL CITY,Pine St. 29,Bldg-173,Apt ۴,PC 2 0173,FAM-00692,2025-07-26
ORD-0004866,ACC-001400,CENTRAL CITY,Pine St. 29,Bldg-173,Apt ۴,PC 2 0173,FAM-00692,2025-02-19
ORD-0004867,ACC-001400,CENTRAL CITY,Pine St. 29,Bldg-173,Apt ۴,PC 2 0173,FAM-00692,2025-06-28
ORD-0004868,ACC-001401,CENTRAL CITY,Pine St. 29,Bldg-173,Apt ۴,PC 2 0173,FAM-00692,2025-08-08
ORD-0004869,ACC-001401,CENTRAL CITY,Pine St. 29,Bldg-173,Apt ۴,PC 2 0173,FAM-00692,2025-06-04
ORD-0004870,ACC-001402,South City,Elm Street 29,Building 174,Unit 1,PC-3-0174,FAM-X-001402,2025-11-07
ORD-0004871,ACC-001402,South City,Elm Street 29,Building 174,Unit 1,PC-3-0174,FAM-X-001402,2025-07-25
ORD-0004872,ACC-001402,South City,Elm Street 29,Building 174,Unit 1,PC-3-0174,FAM-X-001402,2025-09-22
ORD-0004873,ACC-001402,South City,Elm Street 29,Building 174,Unit 1,PC-3-0174,FAM-X-001402,2025-02-23
ORD-0004874,ACC-001402,South City,Elm Street 29,Building 174,Unit 1,PC-3-0174,FAM-X-001402,2025-05-04
ORD-0004875,ACC-001403,SOUTH CITY,Elm St. 29,Bldg-174,Apt ۱,PC 3 0174,FAM-X-001403,2025-09-23
ORD-0004876,ACC-001403,SOUTH CITY,Elm St. 29,Bldg-174,Apt ۱,PC 3 0174,FAM-X-001403,2025-04-22
ORD-0004877,ACC-001403,SOUTH CITY,Elm St. 29,Bldg-174,Apt ۱,PC 3 0174,FAM-X-001403,2025-08-08
ORD-0004878,ACC-001404,SOUTH CITY,Elm St. 29,Bldg-174,Apt ۱,PC 3 0174,FAM-X-001404,2025-09-26
ORD-0004879,ACC-001404,SOUTH CITY,Elm St. 29,Bldg-174,Apt ۱,PC 3 0174,FAM-X-001404,2025-01-11
ORD-0004880,ACC-001405,SOUTH CITY,Elm St. 29,Bldg-174,Apt ۲,PC 3 0174,FAM-X-001405,2025-05-18
ORD-0004881,ACC-001405,SOUTH CITY,Elm St. 29,Bldg-174,Apt ۲,PC 3 0174,FAM-X-001405,2025-11-09
ORD-0004882,ACC-001405,SOUTH CITY,Elm St. 29,Bldg-174,Apt ۲,PC 3 0174,FAM-X-001405,2025-11-12
ORD-0004883,ACC-001405,SOUTH CITY,Elm St. 29,Bldg-174,Apt ۲,PC 3 0174,FAM-X-001405,2025-12-15
ORD-0004884,ACC-001405,SOUTH CITY,Elm St. 29,Bldg-174,Apt ۲,PC 3 0174,FAM-X-001405,2025-06-14
ORD-0004885,ACC-001406,South City,Elm Street 29,Building 174,Unit 2,PC-3-0174,FAM-X-001406,2025-12-29
ORD-0004886,ACC-001406,South City,Elm Street 29,Building 174,Unit 2,PC-3-0174,FAM-X-001406,2025-08-03
ORD-0004887,ACC-001407,South City,lm St 29,B ۱۷۴,۳,PC30174,FAM-00695,2025-06-29
ORD-0004888,ACC-001407,South City,lm St 29,B ۱۷۴,۳,PC30174,FAM-00695,2025-07-15
ORD-0004889,ACC-001407,South City,lm St 29,B ۱۷۴,۳,PC30174,FAM-00695,2025-06-19
ORD-0004890,ACC-001408,SOUTH CITY,Elm St. 29,Bldg-174,Apt ۳,PC 3 0174,FAM-00695,2025-03-01
ORD-0004891,ACC-001408,SOUTH CITY,Elm St. 29,Bldg-174,Apt ۳,PC 3 0174,FAM-00695,2025-09-26
ORD-0004892,ACC-001409,South City,Elm Street 29,Building 174,Unit 4,PC-3-0174,FAM-00696,2025-12-22
ORD-0004893,ACC-001409,South City,Elm Street 29,Building 174,Unit 4,PC-3-0174,FAM-00696,2025-12-24
ORD-0004894,ACC-001409,South City,Elm Street 29,Building 174,Unit 4,PC-3-0174,FAM-00696,2025-12-03
ORD-0004895,ACC-001409,South City,Elm Street 29,Building 174,Unit 4,PC-3-0174,FAM-00696,2025-08-03
ORD-0004896,ACC-001409,South City,Elm Street 29,Building 174,Unit 4,PC-3-0174,FAM-00696,2025-04-29
ORD-0004897,ACC-001410,South City,Elm Street 29,Building 174,Unit 4,PC-3-0174,FAM-00696,2025-09-09
ORD-0004898,ACC-001410,South City,Elm Street 29,Building 174,Unit 4,PC-3-0174,FAM-00696,2025-05-17
ORD-0004899,ACC-001410,South City,Elm Street 29,Building 174,Unit 4,PC-3-0174,FAM-00696,2025-05-11
ORD-0004900,ACC-001411,NORTH CITY,Cedar St. 30,Bldg-175,Apt ۱,PC 1 0175,FAM-X-001411,2025-04-06
ORD-0004901,ACC-001411,NORTH CITY,Cedar St. 30,Bldg-175,Apt ۱,PC 1 0175,FAM-X-001411,2025-08-22
ORD-0004902,ACC-001411,NORTH CITY,Cedar St. 30,Bldg-175,Apt ۱,PC 1 0175,FAM-X-001411,2025-04-29
ORD-0004903,ACC-001411,NORTH CITY,Cedar St. 30,Bldg-175,Apt ۱,PC 1 0175,FAM-X-001411,2025-04-21
ORD-0004904,ACC-001411,NORTH CITY,Cedar St. 30,Bldg-175,Apt ۱,PC 1 0175,FAM-X-001411,2025-03-01
ORD-0004905,ACC-001412,North City,Cedar Street 30,Building 175,Unit 2,PC-1-0175,FAM-00698,2025-06-29
ORD-0004906,ACC-001412,North City,Cedar Street 30,Building 175,Unit 2,PC-1-0175,FAM-00698,2025-05-23
ORD-0004907,ACC-001413,North City,Cedar t 30,B ۱۷۵,,PC10175,FAM-00698,2025-09-10
ORD-0004908,ACC-001413,North City,Cedar t 30,B ۱۷۵,,PC10175,FAM-00698,2025-02-02
ORD-0004909,ACC-001413,North City,Cedar t 30,B ۱۷۵,,PC10175,FAM-00698,2025-05-17
ORD-0004910,ACC-001413,North City,Cedar t 30,B ۱۷۵,,PC10175,FAM-00698,2025-05-08
ORD-0004911,ACC-001413,North City,Cedar t 30,B ۱۷۵,,PC10175,FAM-00698,2025-05-06
ORD-0004912,ACC-001414,North City,Cedar S 30,B ۱۷۵,۳,,FAM-X-001414,2025-01-18
ORD-0004913,ACC-001414,North City,Cedar S 30,B ۱۷۵,۳,,FAM-X-001414,2025-01-15
ORD-0004914,ACC-001414,North City,Cedar S 30,B ۱۷۵,۳,,FAM-X-001414,2025-11-24
ORD-0004915,ACC-001415,North City,Cdar St 30,B ۱۷۵,۴,,FAM-00700,2025-01-25
ORD-0004916,ACC-001415,North City,Cdar St 30,B ۱۷۵,۴,,FAM-00700,2025-11-29
ORD-0004917,ACC-001415,North City,Cdar St 30,B ۱۷۵,۴,,FAM-00700,2025-09-10
ORD-0004918,ACC-001415,North City,Cdar St 30,B ۱۷۵,۴,,FAM-00700,2025-11-24
ORD-0004919,ACC-001415,North City,Cdar St 30,B ۱۷۵,۴,,FAM-00700,2025-09-19
ORD-0004920,ACC-001416,North City,Cedar Street 30,Building 175,Unit 4,PC-1-0175,FAM-00700,2025-03-20
ORD-0004921,ACC-001416,North City,Cedar Street 30,Building 175,Unit 4,PC-1-0175,FAM-00700,2025-06-11
ORD-0004922,ACC-001416,North City,Cedar Street 30,Building 175,Unit 4,PC-1-0175,FAM-00700,2025-03-14
ORD-0004923,ACC-001417,CENTRAL CITY,Maple St. 30,Bldg-176,Apt ۱,PC 2 0176,FAM-00701,2025-01-10
ORD-0004924,ACC-001417,CENTRAL CITY,Maple St. 30,Bldg-176,Apt ۱,PC 2 0176,FAM-00701,2025-03-28
ORD-0004925,ACC-001417,CENTRAL CITY,Maple St. 30,Bldg-176,Apt ۱,PC 2 0176,FAM-00701,2025-04-27
ORD-0004926,ACC-001417,CENTRAL CITY,Maple St. 30,Bldg-176,Apt ۱,PC 2 0176,FAM-00701,2025-11-08
ORD-0004927,ACC-001418,Central City,Mple St 30,B ۱۷۶,۲,,FAM-00701,2025-05-17
ORD-0004928,ACC-001418,Central City,Mple St 30,B ۱۷۶,۲,,FAM-00701,2025-10-07
ORD-0004929,ACC-001418,Central City,Mple St 30,B ۱۷۶,۲,,FAM-00701,2025-08-10
ORD-0004930,ACC-001418,Central City,Mple St 30,B ۱۷۶,۲,,FAM-00701,2025-08-02
ORD-0004931,ACC-001419,CENTRAL CITY,Maple St. 30,Bldg-176,Apt ۲,PC 2 0176,FAM-X-001419,2025-10-28
ORD-0004932,ACC-001419,CENTRAL CITY,Maple St. 30,Bldg-176,Apt ۲,PC 2 0176,FAM-X-001419,2025-06-25
ORD-0004933,ACC-001419,CENTRAL CITY,Maple St. 30,Bldg-176,Apt ۲,PC 2 0176,FAM-X-001419,2025-05-17
ORD-0004934,ACC-001419,CENTRAL CITY,Maple St. 30,Bldg-176,Apt ۲,PC 2 0176,FAM-X-001419,2025-11-05
ORD-0004935,ACC-001419,CENTRAL CITY,Maple St. 30,Bldg-176,Apt ۲,PC 2 0176,FAM-X-001419,2025-12-14
ORD-0004936,ACC-001420,CENTRAL CITY,Maple St. 30,Bldg-176,Apt ۳,PC 2 0176,FAM-X-001420,2025-09-02
ORD-0004937,ACC-001420,CENTRAL CITY,Maple St. 30,Bldg-176,Apt ۳,PC 2 0176,FAM-X-001420,2025-10-27
ORD-0004938,ACC-001420,CENTRAL CITY,Maple St. 30,Bldg-176,Apt ۳,PC 2 0176,FAM-X-001420,2025-01-11
ORD-0004939,ACC-001420,CENTRAL CITY,Maple St. 30,Bldg-176,Apt ۳,PC 2 0176,FAM-X-001420,2025-06-19
ORD-0004940,ACC-001421,Central City,Maple t 30,B ۱۷۶,۵,,FAM-X-001421,2025-08-13
ORD-0004941,ACC-001421,Central City,Maple t 30,B ۱۷۶,۵,,FAM-X-001421,2025-07-15
ORD-0004942,ACC-001421,Central City,Maple t 30,B ۱۷۶,۵,,FAM-X-001421,2025-07-06
ORD-0004943,ACC-001421,Central City,Maple t 30,B ۱۷۶,۵,,FAM-X-001421,2025-07-07
ORD-0004944,ACC-001421,Central City,Maple t 30,B ۱۷۶,۵,,FAM-X-001421,2025-04-17
ORD-0004945,ACC-001422,CENTRAL CITY,Maple St. 30,Bldg-176,Apt ۴,PC 2 0176,FAM-X-001422,2025-09-02
ORD-0004946,ACC-001422,CENTRAL CITY,Maple St. 30,Bldg-176,Apt ۴,PC 2 0176,FAM-X-001422,2025-07-16
ORD-0004947,ACC-001422,CENTRAL CITY,Maple St. 30,Bldg-176,Apt ۴,PC 2 0176,FAM-X-001422,2025-08-12
ORD-0004948,ACC-001422,CENTRAL CITY,Maple St. 30,Bldg-176,Apt ۴,PC 2 0176,FAM-X-001422,2025-01-18
ORD-0004949,ACC-001422,CENTRAL CITY,Maple St. 30,Bldg-176,Apt ۴,PC 2 0176,FAM-X-001422,2025-04-26
ORD-0004950,ACC-001423,Central City,Mape St 30,B ۱۷۶,۴,,FAM-X-001423,2025-11-19
ORD-0004951,ACC-001423,Central City,Mape St 30,B ۱۷۶,۴,,FAM-X-001423,2025-06-28
ORD-0004952,ACC-001423,Central City,Mape St 30,B ۱۷۶,۴,,FAM-X-001423,2025-10-29
ORD-0004953,ACC-001423,Central City,Mape St 30,B ۱۷۶,۴,,FAM-X-001423,2025-12-06
ORD-0004954,ACC-001423,Central City,Mape St 30,B ۱۷۶,۴,,FAM-X-001423,2025-07-19
ORD-0004955,ACC-001424,Central City,Maple Street 30,Building 176,Unit 4,PC-2-0176,FAM-X-001424,2025-07-25
ORD-0004956,ACC-001424,Central City,Maple Street 30,Building 176,Unit 4,PC-2-0176,FAM-X-001424,2025-02-26
ORD-0004957,ACC-001424,Central City,Maple Street 30,Building 176,Unit 4,PC-2-0176,FAM-X-001424,2025-01-20
ORD-0004958,ACC-001424,Central City,Maple Street 30,Building 176,Unit 4,PC-2-0176,FAM-X-001424,2025-12-20
ORD-0004959,ACC-001424,Central City,Maple Street 30,Building 176,Unit 4,PC-2-0176,FAM-X-001424,2025-04-27
ORD-0004960,ACC-001425,CENTRAL CITY,Maple St. 30,Bldg-176,Apt ۴,PC 2 0176,FAM-X-001425,2025-11-30
ORD-0004961,ACC-001425,CENTRAL CITY,Maple St. 30,Bldg-176,Apt ۴,PC 2 0176,FAM-X-001425,2025-09-06
ORD-0004962,ACC-001425,CENTRAL CITY,Maple St. 30,Bldg-176,Apt ۴,PC 2 0176,FAM-X-001425,2025-05-11
ORD-0004963,ACC-001426,Central City,Male St 30,B ۱۷۶,۴,,FAM-X-001426,2025-11-05
ORD-0004964,ACC-001426,Central City,Male St 30,B ۱۷۶,۴,,FAM-X-001426,2025-09-17
ORD-0004965,ACC-001427,SOUTH CITY,Willow St. 30,Bldg-177,Apt ۱,PC 3 0177,FAM-00705,2025-09-28
ORD-0004966,ACC-001427,SOUTH CITY,Willow St. 30,Bldg-177,Apt ۱,PC 3 0177,FAM-00705,2025-02-28
ORD-0004967,ACC-001427,SOUTH CITY,Willow St. 30,Bldg-177,Apt ۱,PC 3 0177,FAM-00705,2025-09-20
ORD-0004968,ACC-001428,South City,Willow Street 30,Building 177,Unit 1,PC-3-0177,FAM-00705,2025-02-18
ORD-0004969,ACC-001428,South City,Willow Street 30,Building 177,Unit 1,PC-3-0177,FAM-00705,2025-02-23
ORD-0004970,ACC-001428,South City,Willow Street 30,Building 177,Unit 1,PC-3-0177,FAM-00705,2025-12-07
ORD-0004971,ACC-001428,South City,Willow Street 30,Building 177,Unit 1,PC-3-0177,FAM-00705,2025-03-06
ORD-0004972,ACC-001428,South City,Willow Street 30,Building 177,Unit 1,PC-3-0177,FAM-00705,2025-11-30
ORD-0004973,ACC-001429,South City,Wilow St 30,B ۱۷۷,,,FAM-00705,2025-03-16
ORD-0004974,ACC-001429,South City,Wilow St 30,B ۱۷۷,,,FAM-00705,2025-04-08
ORD-0004975,ACC-001429,South City,Wilow St 30,B ۱۷۷,,,FAM-00705,2025-02-17
ORD-0004976,ACC-001429,South City,Wilow St 30,B ۱۷۷,,,FAM-00705,2025-10-30
ORD-0004977,ACC-001430,SOUTH CITY,Willow St. 30,Bldg-177,Apt ۲,PC 3 0177,FAM-X-001430,2025-12-26
ORD-0004978,ACC-001430,SOUTH CITY,Willow St. 30,Bldg-177,Apt ۲,PC 3 0177,FAM-X-001430,2025-08-23
ORD-0004979,ACC-001430,SOUTH CITY,Willow St. 30,Bldg-177,Apt ۲,PC 3 0177,FAM-X-001430,2025-09-08
ORD-0004980,ACC-001430,SOUTH CITY,Willow St. 30,Bldg-177,Apt ۲,PC 3 0177,FAM-X-001430,2025-01-12
ORD-0004981,ACC-001431,SOUTH CITY,Willow St. 30,Bldg-177,Apt ۳,PC 3 0177,FAM-00707,2025-02-11
ORD-0004982,ACC-001431,SOUTH CITY,Willow St. 30,Bldg-177,Apt ۳,PC 3 0177,FAM-00707,2025-11-17
ORD-0004983,ACC-001432,SOUTH CITY,Willow St. 30,Bldg-177,Apt ۳,PC 3 0177,FAM-00707,2025-06-15
ORD-0004984,ACC-001432,SOUTH CITY,Willow St. 30,Bldg-177,Apt ۳,PC 3 0177,FAM-00707,2025-01-11
ORD-0004985,ACC-001432,SOUTH CITY,Willow St. 30,Bldg-177,Apt ۳,PC 3 0177,FAM-00707,2025-01-27
ORD-0004986,ACC-001432,SOUTH CITY,Willow St. 30,Bldg-177,Apt ۳,PC 3 0177,FAM-00707,2025-10-24
ORD-0004987,ACC-001432,SOUTH CITY,Willow St. 30,Bldg-177,Apt ۳,PC 3 0177,FAM-00707,2025-10-15
ORD-0004988,ACC-001433,South City,Willow Street 30,Building 177,Unit 3,PC-3-0177,FAM-00707,2025-05-22
ORD-0004989,ACC-001433,South City,Willow Street 30,Building 177,Unit 3,PC-3-0177,FAM-00707,2025-07-23
ORD-0004990,ACC-001434,SOUTH CITY,Willow St. 30,Bldg-177,Apt ۳,PC 3 0177,FAM-00707,2025-04-28
ORD-0004991,ACC-001434,SOUTH CITY,Willow St. 30,Bldg-177,Apt ۳,PC 3 0177,FAM-00707,2025-04-24
ORD-0004992,ACC-001434,SOUTH CITY,Willow St. 30,Bldg-177,Apt ۳,PC 3 0177,FAM-00707,2025-08-02
ORD-0004993,ACC-001435,SOUTH CITY,Willow St. 30,Bldg-177,Apt ۴,PC 3 0177,FAM-X-001435,2025-09-01
ORD-0004994,ACC-001435,SOUTH CITY,Willow St. 30,Bldg-177,Apt ۴,PC 3 0177,FAM-X-001435,2025-04-30
ORD-0004995,ACC-001436,South City,Willow Street 30,Building 177,Unit 4,PC-3-0177,FAM-X-001436,2025-01-14
ORD-0004996,ACC-001436,South City,Willow Street 30,Building 177,Unit 4,PC-3-0177,FAM-X-001436,2025-06-26
ORD-0004997,ACC-001436,South City,Willow Street 30,Building 177,Unit 4,PC-3-0177,FAM-X-001436,2025-05-24
ORD-0004998,ACC-001436,South City,Willow Street 30,Building 177,Unit 4,PC-3-0177,FAM-X-001436,2025-12-20
ORD-0004999,ACC-001437,SOUTH CITY,Willow St. 30,Bldg-177,Apt ۴,PC 3 0177,FAM-X-001437,2025-07-18
ORD-0005000,ACC-001437,SOUTH CITY,Willow St. 30,Bldg-177,Apt ۴,PC 3 0177,FAM-X-001437,2025-05-08
ORD-0005001,ACC-001437,SOUTH CITY,Willow St. 30,Bldg-177,Apt ۴,PC 3 0177,FAM-X-001437,2025-03-02
ORD-0005002,ACC-001437,SOUTH CITY,Willow St. 30,Bldg-177,Apt ۴,PC 3 0177,FAM-X-001437,2025-12-20
ORD-0005003,ACC-001437,SOUTH CITY,Willow St. 30,Bldg-177,Apt ۴,PC 3 0177,FAM-X-001437,2025-05-21
ORD-0005004,ACC-001438,South City,Willow Street 30,Building 177,Unit 4,PC-3-0177,FAM-X-001438,2025-08-20
ORD-0005005,ACC-001438,South City,Willow Street 30,Building 177,Unit 4,PC-3-0177,FAM-X-001438,2025-06-05
ORD-0005006,ACC-001438,South City,Willow Street 30,Building 177,Unit 4,PC-3-0177,FAM-X-001438,2025-08-02
ORD-0005007,ACC-001439,NORTH CITY,Oak St. 30,Bldg-178,Apt ۱,PC 1 0178,FAM-00709,2025-12-06
ORD-0005008,ACC-001439,NORTH CITY,Oak St. 30,Bldg-178,Apt ۱,PC 1 0178,FAM-00709,2025-11-26
ORD-0005009,ACC-001440,NORTH CITY,Oak St. 30,Bldg-178,Apt ۱,PC 1 0178,FAM-00709,2025-02-18
ORD-0005010,ACC-001440,NORTH CITY,Oak St. 30,Bldg-178,Apt ۱,PC 1 0178,FAM-00709,2025-09-01
ORD-0005011,ACC-001441,NORTH CITY,Oak St. 30,Bldg-178,Apt ۱,PC 1 0178,FAM-00709,2025-08-19
ORD-0005012,ACC-001441,NORTH CITY,Oak St. 30,Bldg-178,Apt ۱,PC 1 0178,FAM-00709,2025-11-17
ORD-0005013,ACC-001441,NORTH CITY,Oak St. 30,Bldg-178,Apt ۱,PC 1 0178,FAM-00709,2025-03-29
ORD-0005014,ACC-001441,NORTH CITY,Oak St. 30,Bldg-178,Apt ۱,PC 1 0178,FAM-00709,2025-01-20
ORD-0005015,ACC-001441,NORTH CITY,Oak St. 30,Bldg-178,Apt ۱,PC 1 0178,FAM-00709,2025-05-12
ORD-0005016,ACC-001442,NORTH CITY,Oak St. 30,Bldg-178,Apt ۱,PC 1 0178,FAM-00709,2025-09-26
ORD-0005017,ACC-001442,NORTH CITY,Oak St. 30,Bldg-178,Apt ۱,PC 1 0178,FAM-00709,2025-06-24
ORD-0005018,ACC-001442,NORTH CITY,Oak St. 30,Bldg-178,Apt ۱,PC 1 0178,FAM-00709,2025-07-25
ORD-0005019,ACC-001443,North City,Oak Street 30,Building 178,Unit 2,PC-1-0178,FAM-X-001443,2025-08-16
ORD-0005020,ACC-001443,North City,Oak Street 30,Building 178,Unit 2,PC-1-0178,FAM-X-001443,2025-02-27
ORD-0005021,ACC-001443,North City,Oak Street 30,Building 178,Unit 2,PC-1-0178,FAM-X-001443,2025-07-29
ORD-0005022,ACC-001444,NORTH CITY,Oak St. 30,Bldg-178,Apt ۳,PC 1 0178,FAM-00711,2025-04-08
ORD-0005023,ACC-001444,NORTH CITY,Oak St. 30,Bldg-178,Apt ۳,PC 1 0178,FAM-00711,2025-02-21
ORD-0005024,ACC-001444,NORTH CITY,Oak St. 30,Bldg-178,Apt ۳,PC 1 0178,FAM-00711,2025-01-07
ORD-0005025,ACC-001444,NORTH CITY,Oak St. 30,Bldg-178,Apt ۳,PC 1 0178,FAM-00711,2025-04-11
ORD-0005026,ACC-001444,NORTH CITY,Oak St. 30,Bldg-178,Apt ۳,PC 1 0178,FAM-00711,2025-05-02
ORD-0005027,ACC-001445,NORTH CITY,Oak St. 30,Bldg-178,Apt ۳,PC 1 0178,FAM-00711,2025-09-18
ORD-0005028,ACC-001445,NORTH CITY,Oak St. 30,Bldg-178,Apt ۳,PC 1 0178,FAM-00711,2025-11-24
ORD-0005029,ACC-001445,NORTH CITY,Oak St. 30,Bldg-178,Apt ۳,PC 1 0178,FAM-00711,2025-05-12
ORD-0005030,ACC-001445,NORTH CITY,Oak St. 30,Bldg-178,Apt ۳,PC 1 0178,FAM-00711,2025-10-28
ORD-0005031,ACC-001446,North City,Oak Street 30,Building 178,Unit 4,PC-1-0178,FAM-X-001446,2025-03-03
ORD-0005032,ACC-001446,North City,Oak Street 30,Building 178,Unit 4,PC-1-0178,FAM-X-001446,2025-11-01
ORD-0005033,ACC-001446,North City,Oak Street 30,Building 178,Unit 4,PC-1-0178,FAM-X-001446,2025-10-13
ORD-0005034,ACC-001446,North City,Oak Street 30,Building 178,Unit 4,PC-1-0178,FAM-X-001446,2025-06-10
ORD-0005035,ACC-001446,North City,Oak Street 30,Building 178,Unit 4,PC-1-0178,FAM-X-001446,2025-11-30
ORD-0005036,ACC-001447,Central City,ine St 30,B ۱۷۹,۱,,FAM-00713,2025-01-23
ORD-0005037,ACC-001447,Central City,ine St 30,B ۱۷۹,۱,,FAM-00713,2025-01-29
ORD-0005038,ACC-001447,Central City,ine St 30,B ۱۷۹,۱,,FAM-00713,2025-12-17
ORD-0005039,ACC-001447,Central City,ine St 30,B ۱۷۹,۱,,FAM-00713,2025-12-16
ORD-0005040,ACC-001447,Central City,ine St 30,B ۱۷۹,۱,,FAM-00713,2025-06-05
ORD-0005041,ACC-001448,CENTRAL CITY,Pine St. 30,Bldg-179,Apt ۱,PC 2 0179,FAM-00713,2025-08-13
ORD-0005042,ACC-001448,CENTRAL CITY,Pine St. 30,Bldg-179,Apt ۱,PC 2 0179,FAM-00713,2025-05-19
ORD-0005043,ACC-001448,CENTRAL CITY,Pine St. 30,Bldg-179,Apt ۱,PC 2 0179,FAM-00713,2025-08-18
ORD-0005044,ACC-001449,Central City,Pine Street 30,Building 179,Unit 1,PC-2-0179,FAM-00713,2025-03-26
ORD-0005045,ACC-001449,Central City,Pine Street 30,Building 179,Unit 1,PC-2-0179,FAM-00713,2025-10-16
ORD-0005046,ACC-001449,Central City,Pine Street 30,Building 179,Unit 1,PC-2-0179,FAM-00713,2025-06-02
ORD-0005047,ACC-001449,Central City,Pine Street 30,Building 179,Unit 1,PC-2-0179,FAM-00713,2025-07-20
ORD-0005048,ACC-001449,Central City,Pine Street 30,Building 179,Unit 1,PC-2-0179,FAM-00713,2025-10-11
ORD-0005049,ACC-001450,Central City,Pine Street 30,Building 179,Unit 1,PC-2-0179,FAM-00713,2025-11-29
ORD-0005050,ACC-001450,Central City,Pine Street 30,Building 179,Unit 1,PC-2-0179,FAM-00713,2025-04-06
ORD-0005051,ACC-001451,Central City,Pine Street 30,Building 179,Unit 2,PC-2-0179,FAM-X-001451,2025-09-27
ORD-0005052,ACC-001451,Central City,Pine Street 30,Building 179,Unit 2,PC-2-0179,FAM-X-001451,2025-11-20
ORD-0005053,ACC-001452,CENTRAL CITY,Pine St. 30,Bldg-179,Apt ۳,PC 2 0179,FAM-X-001452,2025-03-14
ORD-0005054,ACC-001452,CENTRAL CITY,Pine St. 30,Bldg-179,Apt ۳,PC 2 0179,FAM-X-001452,2025-10-08
ORD-0005055,ACC-001452,CENTRAL CITY,Pine St. 30,Bldg-179,Apt ۳,PC 2 0179,FAM-X-001452,2025-12-08
ORD-0005056,ACC-001452,CENTRAL CITY,Pine St. 30,Bldg-179,Apt ۳,PC 2 0179,FAM-X-001452,2025-07-16
ORD-0005057,ACC-001452,CENTRAL CITY,Pine St. 30,Bldg-179,Apt ۳,PC 2 0179,FAM-X-001452,2025-05-10
ORD-0005058,ACC-001453,CENTRAL CITY,Pine St. 30,Bldg-179,Apt ۳,PC 2 0179,FAM-00715,2025-03-22
ORD-0005059,ACC-001453,CENTRAL CITY,Pine St. 30,Bldg-179,Apt ۳,PC 2 0179,FAM-00715,2025-07-17
ORD-0005060,ACC-001453,CENTRAL CITY,Pine St. 30,Bldg-179,Apt ۳,PC 2 0179,FAM-00715,2025-10-23
ORD-0005061,ACC-001454,Central City,ine St 30,B ۱۷۹,۳,,FAM-00715,2025-10-07
ORD-0005062,ACC-001454,Central City,ine St 30,B ۱۷۹,۳,,FAM-00715,2025-04-18
ORD-0005063,ACC-001454,Central City,ine St 30,B ۱۷۹,۳,,FAM-00715,2025-09-27
ORD-0005064,ACC-001454,Central City,ine St 30,B ۱۷۹,۳,,FAM-00715,2025-09-23
ORD-0005065,ACC-001454,Central City,ine St 30,B ۱۷۹,۳,,FAM-00715,2025-02-04
ORD-0005066,ACC-001455,CENTRAL CITY,Pine St. 30,Bldg-179,Apt ۳,PC 2 0179,FAM-00715,2025-11-01
ORD-0005067,ACC-001455,CENTRAL CITY,Pine St. 30,Bldg-179,Apt ۳,PC 2 0179,FAM-00715,2025-06-12
ORD-0005068,ACC-001455,CENTRAL CITY,Pine St. 30,Bldg-179,Apt ۳,PC 2 0179,FAM-00715,2025-03-17
ORD-0005069,ACC-001456,Central City,Pine Street 30,Building 179,Unit 4,PC-2-0179,FAM-00716,2025-03-14
ORD-0005070,ACC-001456,Central City,Pine Street 30,Building 179,Unit 4,PC-2-0179,FAM-00716,2025-02-16
ORD-0005071,ACC-001456,Central City,Pine Street 30,Building 179,Unit 4,PC-2-0179,FAM-00716,2025-04-14
ORD-0005072,ACC-001456,Central City,Pine Street 30,Building 179,Unit 4,PC-2-0179,FAM-00716,2025-09-13
ORD-0005073,ACC-001457,CENTRAL CITY,Pine St. 30,Bldg-179,Apt ۴,PC 2 0179,FAM-00716,2025-09-10
ORD-0005074,ACC-001457,CENTRAL CITY,Pine St. 30,Bldg-179,Apt ۴,PC 2 0179,FAM-00716,2025-12-29
ORD-0005075,ACC-001457,CENTRAL CITY,Pine St. 30,Bldg-179,Apt ۴,PC 2 0179,FAM-00716,2025-07-17
ORD-0005076,ACC-001458,CENTRAL CITY,Pine St. 30,Bldg-179,Apt ۴,PC 2 0179,FAM-X-001458,2025-12-07
ORD-0005077,ACC-001458,CENTRAL CITY,Pine St. 30,Bldg-179,Apt ۴,PC 2 0179,FAM-X-001458,2025-10-31
ORD-0005078,ACC-001459,CENTRAL CITY,Pine St. 30,Bldg-179,Apt ۴,PC 2 0179,FAM-00716,2025-02-18
ORD-0005079,ACC-001459,CENTRAL CITY,Pine St. 30,Bldg-179,Apt ۴,PC 2 0179,FAM-00716,2025-11-18
ORD-0005080,ACC-001459,CENTRAL CITY,Pine St. 30,Bldg-179,Apt ۴,PC 2 0179,FAM-00716,2025-01-04
ORD-0005081,ACC-001459,CENTRAL CITY,Pine St. 30,Bldg-179,Apt ۴,PC 2 0179,FAM-00716,2025-06-05
ORD-0005082,ACC-001460,SOUTH CITY,Elm St. 30,Bldg-180,Apt ۱,PC 3 0180,FAM-X-001460,2025-02-05
ORD-0005083,ACC-001460,SOUTH CITY,Elm St. 30,Bldg-180,Apt ۱,PC 3 0180,FAM-X-001460,2025-03-23
ORD-0005084,ACC-001460,SOUTH CITY,Elm St. 30,Bldg-180,Apt ۱,PC 3 0180,FAM-X-001460,2025-06-04
ORD-0005085,ACC-001461,SOUTH CITY,Elm St. 30,Bldg-180,Apt ۲,PC 3 0180,FAM-X-001461,2025-09-25
ORD-0005086,ACC-001461,SOUTH CITY,Elm St. 30,Bldg-180,Apt ۲,PC 3 0180,FAM-X-001461,2025-02-26
ORD-0005087,ACC-001461,SOUTH CITY,Elm St. 30,Bldg-180,Apt ۲,PC 3 0180,FAM-X-001461,2025-09-19
ORD-0005088,ACC-001461,SOUTH CITY,Elm St. 30,Bldg-180,Apt ۲,PC 3 0180,FAM-X-001461,2025-01-18
ORD-0005089,ACC-001461,SOUTH CITY,Elm St. 30,Bldg-180,Apt ۲,PC 3 0180,FAM-X-001461,2025-09-27
ORD-0005090,ACC-001462,SOUTH CITY,Elm St. 30,Bldg-180,Apt ۲,PC 3 0180,FAM-X-001462,2025-05-15
ORD-0005091,ACC-001462,SOUTH CITY,Elm St. 30,Bldg-180,Apt ۲,PC 3 0180,FAM-X-001462,2025-05-15
ORD-0005092,ACC-001462,SOUTH CITY,Elm St. 30,Bldg-180,Apt ۲,PC 3 0180,FAM-X-001462,2025-08-06
ORD-0005093,ACC-001462,SOUTH CITY,Elm St. 30,Bldg-180,Apt ۲,PC 3 0180,FAM-X-001462,2025-06-22
ORD-0005094,ACC-001463,SOUTH CITY,Elm St. 30,Bldg-180,Apt ۲,PC 3 0180,FAM-X-001463,2025-03-29
ORD-0005095,ACC-001463,SOUTH CITY,Elm St. 30,Bldg-180,Apt ۲,PC 3 0180,FAM-X-001463,2025-08-21
ORD-0005096,ACC-001463,SOUTH CITY,Elm St. 30,Bldg-180,Apt ۲,PC 3 0180,FAM-X-001463,2025-04-25
ORD-0005097,ACC-001463,SOUTH CITY,Elm St. 30,Bldg-180,Apt ۲,PC 3 0180,FAM-X-001463,2025-04-08
ORD-0005098,ACC-001464,SOUTH CITY,Elm St. 30,Bldg-180,Apt ۲,PC 3 0180,FAM-X-001464,2025-09-25
ORD-0005099,ACC-001464,SOUTH CITY,Elm St. 30,Bldg-180,Apt ۲,PC 3 0180,FAM-X-001464,2025-12-15
ORD-0005100,ACC-001464,SOUTH CITY,Elm St. 30,Bldg-180,Apt ۲,PC 3 0180,FAM-X-001464,2025-04-14
ORD-0005101,ACC-001465,South City,Elm Street 30,Building 180,Unit 3,PC-3-0180,FAM-X-001465,2025-05-10
ORD-0005102,ACC-001465,South City,Elm Street 30,Building 180,Unit 3,PC-3-0180,FAM-X-001465,2025-08-27
ORD-0005103,ACC-001465,South City,Elm Street 30,Building 180,Unit 3,PC-3-0180,FAM-X-001465,2025-07-18
ORD-0005104,ACC-001465,South City,Elm Street 30,Building 180,Unit 3,PC-3-0180,FAM-X-001465,2025-06-25
ORD-0005105,ACC-001466,SOUTH CITY,Elm St. 30,Bldg-180,Apt ۳,PC 3 0180,FAM-X-001466,2025-01-15
ORD-0005106,ACC-001466,SOUTH CITY,Elm St. 30,Bldg-180,Apt ۳,PC 3 0180,FAM-X-001466,2025-08-04
ORD-0005107,ACC-001466,SOUTH CITY,Elm St. 30,Bldg-180,Apt ۳,PC 3 0180,FAM-X-001466,2025-11-27
ORD-0005108,ACC-001466,SOUTH CITY,Elm St. 30,Bldg-180,Apt ۳,PC 3 0180,FAM-X-001466,2025-07-29
ORD-0005109,ACC-001467,South City,Elm Street 30,Building 180,Unit 3,PC-3-0180,FAM-X-001467,2025-09-06
ORD-0005110,ACC-001467,South City,Elm Street 30,Building 180,Unit 3,PC-3-0180,FAM-X-001467,2025-03-19
ORD-0005111,ACC-001467,South City,Elm Street 30,Building 180,Unit 3,PC-3-0180,FAM-X-001467,2025-01-04
ORD-0005112,ACC-001467,South City,Elm Street 30,Building 180,Unit 3,PC-3-0180,FAM-X-001467,2025-03-07
ORD-0005113,ACC-001467,South City,Elm Street 30,Building 180,Unit 3,PC-3-0180,FAM-X-001467,2025-12-07
ORD-0005114,ACC-001468,South City,Elm t 30,B ۱۸۰,۵,,FAM-00720,2025-07-10
ORD-0005115,ACC-001468,South City,Elm t 30,B ۱۸۰,۵,,FAM-00720,2025-01-15
ORD-0005116,ACC-001468,South City,Elm t 30,B ۱۸۰,۵,,FAM-00720,2025-06-25
ORD-0005117,ACC-001469,South City,Elm Street 30,Building 180,Unit 4,PC-3-0180,FAM-00720,2025-11-28
ORD-0005118,ACC-001469,South City,Elm Street 30,Building 180,Unit 4,PC-3-0180,FAM-00720,2025-07-12
ORD-0005119,ACC-001469,South City,Elm Street 30,Building 180,Unit 4,PC-3-0180,FAM-00720,2025-07-03
